# Loi : exponentielle
# n = 10000 valeurs
# Seed = 2 (groupe 2)
2.6817845514594785
2.418030033788194
0.4110352576580087
4.773761584061563
1.0213161890474158
0.6333691452729612
3.3436793202873543
5.795519379169522
2.5821911539048363
0.8388247972727899
1.151561662413408
3.793409964618247
1.6757411836815417
0.8030538501578688
1.7217845523736228
0.913987178381613
0.06621211048478587
0.7623310314032646
1.8749019118677435
3.350593866414311
2.122860387411083
1.342513180644436
0.2303517032562385
0.5083296930877527
2.2904859884183124
0.15761699681500532
1.5061770587041663
0.7312617369719764
4.465981713592563
4.51630293463214
3.1998917342499755
0.24557933007153573
0.7718795635580308
0.3268355522919293
0.8787586911597727
1.8001341122165104
1.321057219154279
1.0436264750439934
0.2967262884840698
1.6502228440306093
0.2280400020960684
0.9764429390150133
0.37421126256614984
1.394085296434198
0.73484171623088
2.163360645860055
1.2970035541169653
3.0628863761040113
4.591147420202299
6.508792030926913
0.7077876970129774
1.568637142083127
0.21576260903798325
0.36020834276067143
1.9085297453431669
0.05334766993617022
1.048287802281366
0.5334509043135194
1.7969293365263899
3.2575481949863785
3.5231161343920796
3.416239049730852
1.009006248370001
4.367243639538554
7.832991100984385
0.36545056250720676
4.616982642290839
1.5944191425077614
1.4328374570379632
0.9551930581528606
1.3703005527996113
0.12941169698355898
0.5743068394577828
1.108626997308027
0.964890575929756
1.360258597695198
0.07174807658342701
2.968907835530586
0.7449492449234107
1.1772259683874626
6.339610015947712
2.4337783939788444
0.15124329657923036
0.4852520732760999
8.711767743376551
2.4305641631948403
9.249654442267625
0.37877224118321995
4.407877472315843
5.713500269429901
0.03656554560275492
1.6154562394390855
2.2889376262379697
6.031323523619206
1.885293622485612
2.0100304748866153
1.294509896758848
9.985944472363956
3.8215876910513926
3.1223764957745876
1.63966915086438
2.392648483198455
0.9777118804064574
2.5074986708155476
0.18942809286854836
0.07775203208431487
5.645748529213841
3.130270660497805
1.1488689472316074
0.5210153812771288
5.496987305670743
3.376933187488688
1.5673690017626494
0.8048671400827387
0.2033392773552881
0.2854949732152085
0.4619598124486528
5.885060156246856
0.04728152071290337
0.973476309936044
4.904124400622401
2.7335421700712526
0.9536405491302026
1.9057013681919448
1.612168314991752
0.43485716182589573
0.3870943116586523
1.2073919707032432
0.4652489469762721
1.8027799576616288
0.051698796315014076
1.0045275444056636
0.06567048348940452
6.247690820370928
0.24955642098990324
1.1618625585318252
0.674756006723537
3.294331736666371
1.2004383044135292
2.4807347556413375
4.498458793173302
11.497494440741864
0.19557845651241346
0.798257505443221
3.1692785946657795
2.710997482569434
1.528881200323123
0.40108367731482314
4.280497111323267
0.06549099860554353
0.11544728878910715
2.81577079247696
0.8901323855410096
2.042760719750234
0.7210121337816073
4.88562398349101
1.5101903644373482
1.0603879581974633
0.9352904699311279
0.7340409088350859
0.22996583005943214
2.8438413373616513
3.7520962309780574
1.8801070005907776
1.128353831251045
0.08054270705052008
0.6835569398935871
0.6064239439063976
0.055324073628046505
2.635454211791913
2.698292931648587
1.722938359776153
2.438714362507609
0.858173679015521
0.09898158538354347
3.747959689631945
1.3157620827969678
0.7784609157859661
1.4137715827989064
0.18041001682505894
0.6106116280210083
0.25072558904881914
4.382713865221575
3.261695926220176
5.445184077828521
0.37429959169178906
0.07578038082662458
8.538679020469878
0.47333506935183084
0.6353722556507453
0.1926104016994034
2.6158133188191446
0.6715688331608815
2.875824835680607
5.153170382778998
0.588194376880316
6.330055451903996
0.7145089003325732
2.5213511284377175
1.4372442783595907
0.2296253070148944
2.8260334567367
1.5171881990765421
2.070996423538014
3.3174570914262396
1.49456705321415
3.4115636555922517
0.44876991393248017
0.9728461337018142
2.523692927768484
0.0545265876324138
2.1268174720086783
0.7972074192689502
0.6206088067195742
2.6543430303025684
8.885456248961434
0.22719787998679455
0.08912355428011423
3.5412321479967783
3.7467390645129495
1.6755718610679085
1.0297691398087592
0.022157026761536313
0.07437364173001934
0.024443079502291885
2.8083512425119728
1.025377377081804
1.6608264195555997
2.927195086383822
5.455158187802676
3.5589302259235622
2.0519225514910047
4.860343115540434
3.7844109435592492
6.217735419459308
0.9467184300484096
1.4156427238350162
2.824841376556855
1.283582566079292
1.7139373152752166
0.8335985241796815
0.139413638828637
2.080920134286993
0.8765401107989026
3.0381276245539364
0.12396486353761209
0.9635290995369323
3.6808815648789452
2.7169610665451316
3.6757991520761357
3.439241914858248
2.363125872261712
0.38942697763456563
1.5658864551759526
2.5662487200717363
1.7394066469935308
2.638032466531848
0.6193580390238083
5.667864806684621
2.481076075755127
2.2586827259665236
3.4127841802509753
0.6072007761277971
3.426850269551872
2.4047392263030316
5.7478591129877765
0.5605243040960725
2.02195562026967
0.8434073067358883
3.053540976718552
7.651672754794806
2.263811894029652
0.49932453764710427
0.3547975142438248
2.106285225496679
0.33224901170352944
5.977555986477074
1.2997365948055546
2.7140738001552864
1.646157828273123
3.0133852323173396
0.22506876886457797
2.3935001323981226
0.11252296339086619
4.431160818512666
1.6887263130871448
1.6263632988727759
0.6865733842829139
2.1282926278181606
1.4165420891984346
5.305730751775461
2.3357224373062486
0.6432105097835407
4.490304919626954
1.5420631937691982
2.881695784884821
3.5977554866283064
4.218721169811677
0.4119192698381228
0.751840710358618
1.9380327331842522
1.8748196422528207
0.6336520555189129
1.008507367301025
0.17544450236027
0.16803821934660207
1.458897553214189
0.8336530395188156
1.2151587389239438
2.340524606378816
1.5814608142811122
0.6537445087310414
1.1859444236293317
0.9164462131552388
1.4386813169204413
0.0963276705258977
0.5060165660804702
4.0684005352434145
0.41132078254380333
0.1720363013635655
0.40506928528941494
2.1394185808338335
1.9998393279677997
2.8276240843304774
5.775381150165875
1.5012926646342568
0.32390834622907155
0.5258187019868167
0.8243786253800313
0.3316589963447867
0.8337179197367629
2.998178977174801
0.4384149237328877
2.001955055813513
0.23292837831415114
2.2387576719410665
4.774066049559222
0.6297004267790972
4.457800452731075
0.27803125499793496
1.7738350048972704
0.4966119759626959
5.891278089048556
1.218208632967817
0.7804810507081507
4.088069588501846
0.9938525989540256
3.889505023970144
2.3815266887944833
2.0141536910293834
0.9574095641797882
4.078614108640465
3.376684585660094
0.49370329498105064
0.6684976261833028
1.5784103335598745
2.5316750316953014
0.7357472826066918
1.5192390197638737
2.3325855735054613
0.2677869548046591
3.200556798473698
0.4356085253840196
0.9631230319258204
0.873973081475666
0.7650042210861324
0.5799800184221332
0.2535154117018564
0.16549437701320488
2.7291514808478494
3.6171659303671344
0.21879489839063596
3.18094489089493
3.0104716938017306
0.4331876180616969
0.06895394099042847
0.3379136978781791
1.320468053671528
1.9584591028390208
0.023028607397968616
0.6128631484370272
0.9269507023877094
8.996443516295512
3.2675454443199867
8.611350811553388
0.19513654191397076
2.8839049886009054
3.5319342149330075
1.0806196721904802
3.188095341396231
1.2083244965038806
0.10302516097539845
0.29257639493614973
2.8119533157640575
0.17508999708497278
1.835631587419745
1.2962058271925267
2.248028346831354
8.382880070315647e-05
2.3613365783248925
0.6095859426299863
0.9564069990622361
0.7452506042935497
4.5266027544103045
1.2443010769941478
0.005914016473813055
1.1484418300452397
3.2511944126307997
5.891100725919667
2.217613092345192
0.5870877013475786
7.392728777043262
6.04669159852006
0.840118117191505
0.25142773284844366
1.6476583970346161
0.9422268575419768
2.7153219986812194
2.599769686784643
1.4889760542191541
3.036760107180764
1.579845056289126
3.815933081321778
0.15814066993226386
0.867880178721187
4.724909925420068
3.289018082251939
0.37470182302027877
1.9755571332971487
2.6933469520685547
7.517053354440774
0.7854427570788527
1.1230754099746874
0.34776785004306493
3.5470873835569185
0.5692530162470845
0.3797348740852819
0.38687544733170265
0.5850817064840867
1.631235935175682
6.097978059686111
0.8792393271217198
7.323209733657976
4.9104824200917685
1.7874774123808372
4.227603084272652
1.5882224999115546
0.32258476431175104
3.4955936276651167
0.45090506482498954
0.004884496660941495
6.578435507550376
1.7200599012855984
0.6919185339743382
0.6248144013157296
2.546576123357097
0.423859000342897
1.9815893627625523
3.211365653464133
1.3162096273689585
0.9804869439955866
0.35409916062525587
0.8190028581224651
4.974940583146726
1.107268434693904
2.1333783854513437
0.698994715030555
6.199491393479516
0.8390546546610925
0.4674705806509051
6.429931964901698
8.35188328700121
0.2288216351908526
0.22091666528996867
3.4679038615878572
0.16143990783978882
1.7997703144114385
1.3115243650345496
1.5063380461158604
2.187232381527539
0.24603416431239405
0.9867043200437278
0.1398321239103638
0.9493862427225038
0.15622931653408606
1.3263241290795196
1.4893272682376175
1.1196430988772967
10.259112564466527
0.5288569488264084
3.9377048665218295
0.11533762523777744
6.233762205249995
0.6900975814200724
0.5264068210349071
1.226315974105287
4.691894784050385
0.4177334643330353
2.2712778352692835
2.4897780774991483
0.7352258035245869
0.05715143518147618
4.683747613663769
1.6589629238959511
0.7909982109319207
2.568040245825053
0.155934462202768
1.0123452509807853
5.164336013859617
3.7316893923522465
3.8862593472524614
1.5705048387450633
0.18805227969820937
4.373442789639945
3.7770914371646707
3.104927002451608
1.1134202584139017
1.6869457941483832
1.7430905682443814
3.8629122502124966
0.3864826504824226
1.470233889722464
0.2883695528138295
7.005478430001874
1.5630822802251405
1.9970818417989988
0.3455821212072856
0.7359277917490323
1.3043017337469927
3.6496187937060425
0.7637111024848883
0.21968816966778668
0.5056030524417182
0.06687231074620283
1.0508026421672203
2.3184030156340185
3.0191574376016757
0.44793371837290835
0.41690981814218775
0.9091043987843141
0.491614663134386
1.443193704442599
0.3214212008793796
0.7285740809798823
2.838033947035522
1.0635980725011043
0.8427638459301544
3.1906881725137395
0.1327519060576833
0.4324591277026978
3.8584456374613993
3.029215236982888
12.305893977315634
0.1250229151774773
3.4932352475383195
0.3634920476689929
1.3404069703333799
5.725336603846195
3.107765351302256
2.7118248711099087
0.5374442562267012
2.0012624162101775
3.904711814860533
0.11029855437908823
1.329044110481278
5.418446803839994
0.05474360988526449
0.7851132798946434
1.6372290225940502
3.8520595680992122
0.7323870907540794
4.666467324317843
0.12537072827916346
0.571348050290239
0.6761718489669631
0.5219997904406064
0.292867095159399
1.5146129380188718
0.41770860351319905
4.411313143743292
0.7123038237573242
0.5722991397175272
3.1081294854963333
4.390369541369825
0.17370352116605103
0.22967273202534022
4.415958566273423
1.0574770194992535
3.420861301317097
3.1723969332761364
0.14687907061800665
0.8225733349422663
0.552922008399981
2.5307445919512137
0.5076859088269523
0.8028681028389422
2.121090678984504
1.4014054537429794
2.7799742207853964
1.0400622051396546
3.3538936724816377
1.6029541041331286
0.31254381690783084
0.8375784657503446
1.0141965459986462
4.3799739893759915
0.392806679311538
0.9575695488174035
0.10595969364829794
0.13703839760145622
0.14127642098782026
1.2531398859004472
0.5235216771256265
4.572807737395302
6.213507215342815
0.48083829730015676
0.791276387996966
0.10888629978525212
2.3788433345331343
1.4064105284461608
0.4797436104670956
0.9919428504787101
0.3285629727141205
1.8591302164393388
0.33645280369391595
0.2986310068162178
0.20410090559992902
1.8428756685490575
0.1924140960373047
2.34815971013368
1.0420714786703444
0.04054726924467812
0.8785977659650771
1.0470898716759
2.037824152351792
1.3325841510978886
1.4242566002556838
0.778439035244065
1.2329555648304
2.288668230872497
3.3129054580233013
0.0255050719658008
0.9581726136209132
3.5073130660248584
2.1696961289927357
0.8610672362233177
2.865778726037494
0.2211055092080127
1.2304345833790755
0.7687971168380643
0.8204518710530753
3.6434797760857527
0.14052863516367478
0.33498547326188205
3.8484757332658273
1.1257722446189768
1.2775725567876217
2.345035166025105
1.960477535627439
2.700357566794826
0.9198111771257675
1.694347161867676
4.596719678665394
2.9640737958973364
3.7737244476901965
0.9256629846886796
1.180457060770947
1.8702649875970598
1.2060345378442137
0.9278616637473176
3.0603200313469663
5.778275079354401
0.07715155489038372
3.369260062110123
2.838168599059879
0.7013841287613325
0.02857088462550578
4.181608049425214
1.8205872204946085
0.31137923669260137
4.932187704088084
2.769899032297131
0.9764401921139484
0.3745104812801842
4.55312607637047
1.7524317556293463
1.0480523738237124
1.2064268905593996
1.248954111899927
0.01401580777803055
0.032016605630213524
3.1183725017251884
2.7279690188568786
1.8323715923242352
4.585894637411754
3.843192188356035
1.1418051682267965
0.026283549302150093
2.44982764770428
3.2343468054560573
0.9673292168234797
2.424645291031628
8.596225679601242
4.735226846783256
0.2607809650960905
4.4378483133360085
0.8881599166849632
1.7411269051871516
0.5240700997763247
1.3500800592491595
2.931558100466121
3.110188843454386
2.8942888466243533
2.9073460495866845
2.7660371317130887
2.412174202178352
1.0279296961843851
1.2781853665869005
5.355499466833266
1.7315566864451728
0.14518410691140168
0.12461089371441379
2.280918163101151
3.7217004443630364
2.4567398884909717
4.039655567085108
2.7051847359230194
0.15636502621001
0.2623087447616614
1.586973684374856
1.1964243305927278
0.7115900663202613
0.7095755371158696
0.7315497988358324
0.6128792122952313
1.051930987362914
4.035611195388376
0.7510520873480401
0.8041121614590161
3.6360424182345468
3.2699133458909753
0.9033062672203683
1.9046719166993218
0.4194027565201516
2.5660518031164563
0.8123935732801518
0.9726426909318546
4.404381323953915
2.557146652729709
2.0799903563655837
2.3950393753014705
4.793890712985896
2.892063991809163
1.2426961921987754
2.973748913461464
0.9057722090462492
1.7587649611382516
1.5689336906324185
3.150328957167095
0.4802773203618829
5.116113868081751
0.11440356120884872
1.0574932530839307
0.11472577988879147
1.1985149416237733
2.090527472041
1.9892850103034132
0.14664505875328845
1.3045072359768832
1.860878230075295
3.7159971685494484
3.7711697844799534
1.7542054126803772
1.587974431282436
0.4357444627807235
4.212591493280452
1.5788001287031235
4.034725215005017
2.741187720114161
1.4139720084652385
0.262688412529181
4.045270334113817
3.4945492337459934
0.6957147060045237
1.2802805658960383
4.867780777123365
0.7683753580063617
0.08508647761294454
0.6069323189758549
0.0070492051653251436
0.5946796742633549
2.223818223430493
0.44542240235932856
1.1317066824281359
4.786334011450897
2.029832912072105
0.1104428343487751
0.8464618267099192
1.988956533102766
0.6891981471810844
0.7620587537260074
3.686230579229672
1.5499080753941958
0.43168523669235526
4.302298049377945
1.2042801461815866
4.2596055794023675
2.582725591682475
0.5319606689331288
2.056131338501094
0.391017802229285
0.6401027294238465
0.9060980610440029
3.789135830759313
1.587280559359552
0.25958275044850854
0.9156105593722703
5.356346736142165
1.37795694999225
1.5233316656889127
1.4380920793493452
1.7611403853757805
0.41238748601002184
1.2611900935141727
0.30557235673297845
0.09520690463758158
0.22139837130386236
0.5232113019914566
7.682191383540588
12.664123239582032
3.5257722842105124
1.318826343002324
2.4121405540967156
4.046612520016854
0.1520213291711797
1.6886557313670256
3.231306837897907
1.3405936454048195
0.0370425881667334
0.6488447207428096
0.15675032976024578
4.306215470296431
0.5994013886361779
2.1720368964030574
2.0422324261848863
1.5671065714133798
1.5411079089825976
0.46907853940384303
2.4364780787399316
1.5466942927055984
1.6733930535494541
0.9478637998061012
1.1646615039546862
6.097955272025839
0.31570698452048074
0.8845618552736896
3.7661484785476866
1.4031923243902384
0.2100792242334526
0.24939170595549973
1.8143939892871543
2.8689005556595046
0.09876200635081953
0.615239786994091
0.8209571411969118
1.7885863251417298
0.28955739681333
3.2912311325021117
0.3774346463654542
0.445649071037582
1.299206030376313
2.021451173133046
0.7530413767682921
1.8919212387497732
1.7656941738013197
2.621323586208166
0.4885600130395062
3.743892184856769
1.4060504225185175
1.6328147052890454
0.02805853947245773
4.409505624393094
1.1401173787987116
3.012385948115693
0.10169421243459402
4.14744162190395
0.17461099430319132
0.8751001099258338
3.3133380177655973
1.761531739663866
2.5765661898357166
1.4786145987951362
0.3854370724570318
1.4641433671775324
0.0299501138136798
0.18509127720318197
3.062464962083986
4.039969311355049
0.7597479196930512
2.043837515668135
2.6529978498924156
0.15484967755134135
1.094939585603331
2.629413170131663
1.1477527950168873
1.1942817088547073
0.4481318116272256
1.7721585183797885
1.3697057729521391
3.7652004836197905
0.327982616504959
0.16843956534422502
12.287327817083655
0.5609306836997514
0.05439093870271063
0.30389573231533823
0.44755741354064815
3.0711977312055057
0.01855694856321302
1.9711007126161963
0.3068762060402685
0.5011769739811107
0.9993858003236155
0.07128585022909546
0.08711765524241052
1.6252114736958345
1.4996056854096487
0.2039474624814664
1.5910166337308662
0.28095504536158444
2.9662756344177907
2.7530070356805796
1.8959078061084913
2.349778806152404
1.582988907672018
3.014162473076361
3.6159893064872675
1.9316436090134874
3.4550764511607404
2.1384957455304403
1.8490038719818842
0.11934248283896158
1.749545433784522
1.0524067423571546
0.1579721546192066
1.622946291630904
2.5780948664011962
1.1339138032188472
0.3854552059463716
2.517556603943722
0.6094332910640787
1.4626183227868554
1.2766827695557204
0.8791381838113926
1.5193821842264261
3.3615949909125598
2.927366960828326
6.057911656759859
0.2517397267058088
0.8561114226674249
0.12599466467807724
2.293782950062896
1.163300377632142
1.1226513454530245
3.939093412499395
1.1750689079950727
1.0032909297220176
1.680146494253956
2.10421882070705
2.8852454134024246
5.128136756505977
1.0259276669891941
3.254794677074387
5.037128088196457
0.03339211407568257
0.23252589847141558
2.0369962415301752
1.5057414820803712
3.172431301989841
0.027394239578879726
2.4026345022168045
0.35927817293104186
0.5822005234954731
8.173039948049471
6.577379351551789
1.6415534753961456
6.970563089614237
0.17037962683482064
0.06019266994613946
0.9797259743995937
2.369155850474074
3.0934542712224884
3.9915069300961776
1.135235240232369
3.6987681530642047
3.0315538804982003
0.6583771140536251
0.2805828236937743
0.9137716364515367
0.0897035913363001
0.40361053004654623
1.6755492424965384
2.0556523845301933
3.2419067105915227
0.4411731868888996
1.3645441429858134
0.26448540946870736
1.412653461490078
0.2669832023662696
0.650006053584452
1.1253056609047223
0.6076086814039026
0.6154462182423486
6.1293479860275975
0.4236211559017319
4.4418016394913185
1.2304753042241734
1.4419028127817375
0.5441788434305423
3.04189277768029
0.7192677202587454
0.47380346794222605
2.131855644604858
1.0898918380451816
1.7658168431726198
0.5609267083652977
0.2498914122229512
1.3494602901865873
8.857223456164682
0.16578723697716766
1.0661921747705057
3.4254823190395376
0.6222919912230347
1.584199715071984
3.4903060933368653
2.149529897365548
0.99123065790623
2.1915093335091114
3.9248571425800547
5.766149630368339
1.9075127002234868
0.6308248073668099
2.1283916867171886
1.778884356323569
0.4386109483359178
0.894965915045952
0.03349117625233476
0.3634624874810448
0.12490097956177344
1.3501838109379096
0.5137366345986271
0.0008975999957679773
8.94065690312429
1.5125409951690036
0.5919465698180205
2.9295904756375752
5.301528468334113
1.3706828733021326
5.460520217201995
3.6928885797860316
5.978824465903744
0.6268132947830325
6.024293755266432
0.16719490870731132
1.1661888118963386
1.8241580085855862
3.829908958511686
1.8697614272923435
2.7352436987414164
0.29081686978064425
1.3482533950584588
7.911512875810631
0.13102676531905597
0.02593828499612753
0.014959023767847593
2.602075149896527
1.3852744599460045
0.6692825444504655
4.41210611216442
1.6949313515162645
2.2687684313361958
0.2993053198168397
7.27316776054696
0.15575188802331658
7.886632057910565
0.15710768162690839
1.5752211753319454
3.3721033291266465
2.321566102112631
0.12683944536599487
3.3241102655109733
0.41156495549375105
0.2348331708244166
2.423678701692006
1.0775368903369587
1.3065031766805772
0.13636989126343874
3.363564649453665
1.9606532841017212
0.8149427634857351
3.8958004666976493
2.690786926254164
0.5257905187142144
0.8761427437054109
1.1435706227728848
0.2820447256606716
2.8310440560850187
0.1745455655743587
2.2474553311101477
0.17300454207850802
0.6367543377247484
0.6496063094148619
0.990572366416253
0.5054810695154075
2.3286028071666713
0.6180240400652683
4.286855597237844
0.8500425136015097
0.054879636701745886
0.07409912337716869
2.8153366212025297
0.20958818863564413
1.0336099623650465
1.6516285247703337
1.921846633092811
1.592453990169036
1.585073044282485
0.10006197975885694
0.5476626053492407
3.654029951975661
0.4944471127107594
1.024737900619603
0.01665976603272707
2.500186969869113
0.5983015768641644
1.3150098907080379
2.988349065696616
4.248245167319536
0.21662360565089478
8.175771283064742
2.74945325609963
1.4968572643319948
2.4707927955110103
1.1834911485639217
3.453364089336287
0.5015742750095543
1.077744938853945
0.8752226023084723
0.05029894463765716
3.55651095882302
1.52345846902063
3.702947946878192
2.412208051247282
1.3758900178494584
0.550873016293764
3.3941087043253195
0.4174922676383033
0.6348308006107909
1.4868599894672632
0.2699481723907537
1.7105456660607905
0.035579960739773195
0.07144914906142705
1.7453736831712976
0.08968027679221179
0.5208475292015265
1.2733923839470456
0.9751431261867219
0.44371108341287785
0.08231887394466864
0.19846668546946916
0.08884489396172518
1.8202085372081664
9.68078918006614
3.9736537930768514
1.929150831546661
4.675714965959828
1.2165594013455807
4.250726742390109
2.378862779561466
2.375042686590756
0.18724323757343408
1.5204759740104679
4.346950374708858
0.5590847509974582
0.1297894179326189
0.6762442709974852
10.690619830627714
0.33776126349663704
3.090773808264458
0.3960056387905305
0.3910077802235208
0.7597532157020945
5.131024510769827
1.9947238440929285
4.13190594534591
0.4975119336656272
5.369101381647929
1.6250800711330005
0.5905222757323395
0.3839651552748523
1.7079648786254045
4.9572483410690005
0.2584309863937475
2.4289075799138566
1.4167897181297069
12.14430886729212
2.3956794776048813
0.121141561244899
0.6302297033984646
0.6663402027635222
1.1367898591225813
3.965154068394912
2.996544838191709
0.09724975609087119
4.396568922271705
0.8156762941337169
1.9704041639275212
0.6254689456566032
3.859967359762174
4.497106491899311
1.213829325045298
2.7124734186391546
0.47704454469736657
0.0026364445563068725
3.962262886840691
2.7748685816666625
3.4936405657708467
1.881192708982875
2.903006746142404
0.9891000807771845
1.953142256864058
1.304043407643222
0.29940430378393834
0.29793015033157433
3.4600577276819533
2.6781187181099626
1.1246657760632952
1.4968792567992195
6.801575788379186
0.6103073471854458
0.4683407349523465
1.674814430638296
4.186643484320642
0.716696972919949
5.467560021931701
5.509909723485041
1.1102576198181737
1.6570845271632997
0.027797909754428224
2.7607552680257537
3.4129087112385914
2.261413710256203
0.27064422149917156
0.7236712698027103
11.111531910587749
4.096320277687348
0.1014868806308408
1.1292121608258074
1.7515888971935585
5.145748345935643
2.984264468104778
7.9759051724656755
0.327708084396194
0.14068400345897658
1.249612537296777
0.464953856430196
3.967546188982393
2.557739241497386
0.9659017254677149
0.7659594904261245
1.0094235780760425
4.7831317886532725
0.1391404709441595
2.77123410786885
0.7576367763015839
0.2966134248950258
4.0387344914423196
1.5589949281902802
0.9634834089160166
0.020256730807076104
0.6924771217337361
1.685886146083633
0.7245396181298291
1.3274651885577078
4.410780153276384
3.04044813326313
0.9398759944926242
0.7849164127507015
1.648499853964509
2.6896971463663557
5.7388490490249655
0.5794244576458789
3.2196062935125362
0.6706646815890438
0.1203951300908294
0.3901934304405662
1.0480629750171513
5.834878107401778
0.6988735638665071
0.03739550370084758
2.3742788524858405
0.35231677700689423
1.2369996350357322
0.4912397038942266
0.6338242637813843
2.395444381497972
1.4613531702512
4.694191500073904
4.249265465835734
2.499596809233364
0.6714537787573504
1.865267791077983
0.29252766986879447
0.8258299574600356
0.171785638087277
0.47029216102203425
1.6451246138532425
4.498280735358963
1.427922907317413
1.328306244724923
4.394518214675081
3.7987342191800235
0.03583415704562993
0.3779003822170943
2.0436773967545294
7.135868811393416
2.639140091983269
1.1921669109260165
0.06613810373884067
7.492427277985482
0.6613824330080504
0.08460691871992167
0.0723438202383271
1.0369706590849908
0.4824294400732415
0.7679951978388031
7.971684856562693
2.586725766275686
0.12138313400225256
4.601018306513619
3.6610267701509343
0.9615423247631351
0.2217953559789315
1.9971558803919782
1.0178717921229565
0.04286128893088058
0.35490942708017353
8.628448956385125
0.7814662005476231
4.442044328495274
0.09145678897817107
0.6583694861429669
0.19935752798507825
1.4197689846596289
5.641713992914993
3.1398204290540668
4.961795530796845
0.5622747485501912
0.26134779772103367
1.5823007762533978
0.3553856208401864
3.0622615403446005
1.6512750233680706
1.731320205289209
1.4256938967132184
7.036788207001424
3.5413383627323545
4.484503890062227
0.867215714679933
1.4756659356525383
0.010579838856706554
0.9052109181331743
3.17767795109008
4.495317349053288
0.7608749252418434
0.3912355881405535
4.0279978674062
1.3189426937026123
0.08653173628464457
0.20253591547102429
4.344119737721377
1.4119708992112814
0.2721687160130822
1.001663661017619
7.777056132267194
2.0999146632069468
2.5366512220660913
2.1666772674624024
0.04598504511069748
0.40325735969142107
0.005713612370060197
0.4602151107795842
0.06388877438648446
1.7516428219800462
0.13075203315239328
1.2108048801005862
0.41685119544427013
3.2052272567132456
0.26279547052939556
1.848096806392977
0.12040537208882687
2.3646318161603856
1.8557850891348622
1.3457383746719098
0.24703180465066102
0.6233395743758837
2.6858482667559795
1.3907027273332808
0.3246740119171391
0.23870985215530588
0.5918847822189327
2.2265668598788255
0.16278023645917186
1.907272567243496
0.6302827970707592
0.43556816525669173
0.7499621676434411
5.868339813400379
3.093583680842797
0.49394643846616487
0.8535293457003985
0.33538679389143977
0.7017374549231936
0.7518623773538774
0.2541682633145265
0.14792011369862532
2.497395142880378
0.3643185583305832
0.07125365042953266
4.248761032503003
1.6335933347383484
1.2189872460435789
1.151334227301592
0.2841908923063925
9.718822315077277
5.421621617707137
0.4909814401121571
2.5802878055874796
1.5460753574360202
3.857386586985289
0.08353931283207096
1.4133946174429592
5.341488087839285
0.197164083233747
1.0569782926292735
2.741453272959855
4.7708401919390955
7.009202794282438
0.2856790377278845
4.215854802483798
3.028045794607285
1.1783812117776191
5.422099810088797
0.6516915286715494
0.8742154772818868
0.863896558175025
2.05962713999055
2.5171506328824687
0.5193203327163903
0.0391268710960499
1.0361135593673108
0.18132237835866247
3.6914954916562097
0.5422127640675256
2.900032381302958
2.557985828071179
6.956488764277399
0.12793115514030456
3.7785293679279808
2.9553735064499103
2.1197158613582325
1.6873916134273161
0.41200512514587473
5.0191105327542695
5.238969429546654
3.024081044141858
0.256358215795114
0.37938841119444183
0.2145170541741768
1.353430170018446
10.304558095164218
0.9969735177655371
2.5467074798339815
4.046749888419429
2.406575376767179
0.6425558253392026
1.060306644823698
0.6066019707398055
0.9425565249491088
1.062613268319924
1.1872700664346165
0.5125629381602014
0.7615317889310809
0.8049303584930844
2.1392971532459275
3.073548411875608
0.5031833230712244
0.909856694890628
0.5456447854791391
2.2952320333829532
8.110014349975058
0.4939080192588767
3.5418308850617617
0.5706559151495931
5.855191195228903
4.687699993901323
4.289060416577815
3.889184225427809
0.4162410870844542
7.418447800058516
2.3685358431449783
1.2005155301620083
1.2490844196486584
0.7752215819137604
1.2423295633542069
3.9903967624969217
5.086032086747477
0.5037447909793424
2.5052422835714103
3.798107451315766
2.49021881623209
4.161421548496303
0.5367894241292593
3.0976106938745294
1.0760859089782766
1.768978407358525
1.0966156534785603
0.14874178938262264
1.436009787549132
3.995614669208416
0.7447108222029919
2.3646711834806133
2.671979475979727
0.3951518552286771
2.914425652589833
2.446941010875799
1.6596022871685694
0.5099086738543099
0.5149169676598085
1.8759470557415083
9.641464908707283
10.809134264399832
4.340959604786513
0.0076191790155841835
1.6390609611269726
1.3931600164326308
0.7158861957529974
1.4196482608419054
3.639085639656825
0.6813597505654261
3.4349966241010814
2.1554119136502887
7.488499544202515
0.9012873271572917
0.432997352007497
2.1934465828116188
5.8616205751754284
2.1082431150911383
3.597519808350149
3.095941753178695
0.8234640423944357
0.9492027912989226
1.000343792860345
1.725260881020878
1.0312090048880889
1.5442687738479945
1.9326343275603046
4.970266047933779
0.2780318704092767
1.970357282722627
0.3449667967595166
0.24105957649608314
1.8274737256119815
0.8432189815388778
1.3029142451918825
0.4349324816407641
0.02569269859107626
11.774553364190742
0.2860037354304854
2.900872336181846
3.1235345740436005
0.6998255726283223
2.863128105509358
1.4017095171566663
4.044027940577211
8.595276081834147
1.4608514897244167
3.6928737677139694
0.19033101904471908
7.172452124091483
4.319136329577942
0.13823599801889863
2.7511070569962444
0.9628854558752639
6.640364346029093
0.7321257447127507
1.327518174240906
0.40171161985967363
0.7204592017876574
0.8195850706990125
1.4690247285913667
1.1205564313012848
0.5208844724112477
2.008207407927551
0.8072039167884542
4.067224031968039
0.29106508430247696
0.9841427431897699
3.774187232263668
2.974418099556423
2.197106313946686
5.206308022136534
1.4427587830998
1.3009232943616187
1.1856860221931351
1.8109880835073333
3.2507052945141384
0.6011209295889012
1.6444575397905057
10.09927894664785
0.5744180287241952
6.405241333387314
0.9829696510217976
1.2264343731083804
0.17491979918768566
0.19457450858033473
2.0774631895918905
1.1015854609756297
4.136362074778444
1.268727029711632
2.4139224132783634
1.7619149795260742
1.9460068644947848
0.18702405436021077
1.1174709455521465
0.3456734270458775
1.6493557550509224
2.152084722296258
0.09173656010325547
2.285164016564108
6.061110890298906
3.0111192335043255
0.6074413382055384
1.6655196900146878
0.49884526626372466
0.7529445966839493
0.20775777095036027
3.706330552486974
0.24979467633584718
3.324093064409176
1.6765455761424648
0.131211559121301
2.21283765826915
1.0999885122905122
2.0551200580706
4.390466528389288
1.3426742500109352
5.594666132752528
6.061852120692355
1.6313721059958017
2.2314191957738694
0.3894674699143955
1.481433608281298
2.1584713448923543
2.722673168311071
0.23343134626228979
0.4733818187961021
1.1327115585577456
4.079991191953942
1.2230905380193433
5.622536454232438
4.205727650044352
1.9451861611877683
5.497176911338859
5.5145352413424
1.2244100005071472
0.4506769613087479
2.88533877704442
0.35719266727230364
3.882476043461348
1.7120443303120854
2.0314369771915297
0.5122166403215678
1.1831034907560212
1.1521948187419382
5.09758028952171
3.439788125622184
2.6988486611060147
0.726487879064601
0.30087092131489673
0.16986468779566974
0.34423826907528515
0.39891276874110837
0.36406576906938126
0.8801055528478577
5.896954706264243
4.436396293728309
5.562875367314061
0.7066049392349296
0.7471697215491268
3.7633962100762437
2.6072747658176336
3.918682192912671
0.34380844688962525
0.5124836949288547
0.7479720540618378
1.0114722264814437
1.4094408460291419
1.6250153285563118
4.038162549994537
1.3701977937346421
1.120014851940047
0.8970263624534445
4.998918238145265
0.17482531778093108
0.7453532416899312
0.8274418424333299
2.788948209489243
1.4040477261616433
0.9417217048843822
3.2490827357659815
0.8341275857124711
1.0685217073266802
0.5106497824704923
1.2384535971419754
0.7622386139961098
0.10794896343581283
0.8623307971846867
11.122163136801202
5.475756334478266
1.8818117261929692
1.652377270776805
0.9921972821151057
1.753818005694262
1.7349761962617518
5.486280792910363
0.3803378409951959
1.3792293824853692
0.13614567831106072
0.19617542361924387
0.08066124973171931
0.8700818846465365
5.736382829796565
1.808229151454873
1.3691586900724515
2.868795779564715
6.649636051859363
0.6151819763181042
0.5053385447658956
3.4250806123204467
9.107186323446074
0.6498923883233898
0.7877324098049667
3.980450649059582
3.451270587500509
2.9453260381115367
0.869585351439144
0.3004510444864561
0.38739265615675955
3.420368031349979
2.2441039027241914
1.2695587213144814
0.9434255138750597
2.900035275670343
2.1046276610871413
1.019784405553171
0.9010222671268339
0.5844924078432112
1.2188911752065557
7.409612462300834
2.9631068841107235
1.2052871694387226
2.3936985468881478
0.03408543207402814
2.7620373878139586
0.28802499370991097
3.173557374474812
0.5260761973954798
0.7176748998152169
0.011494141943635008
0.8093808402390272
0.1534271902442404
0.2586470047850351
2.0374531920553416
1.2022201489812734
4.580307098321288
3.132595698525388
0.250841733758636
3.1827393447934615
2.231069682408513
3.312419540040093
0.4113906075338211
3.7488671538791345
1.0236965816671448
3.609531680186995
0.3375500689641977
3.818509586384977
0.9952952939635026
0.08644843211805821
0.7846064144604155
1.1337377491614922
0.6024694203256699
1.737330733830975
4.446329598539972
0.6583445068718126
0.26478685779838357
2.773619657301902
1.5386972804385068
0.36476489462552353
2.6317152858872337
2.2650628011108593
2.1882141615393618
3.8364255339626268
0.20337024685639438
0.8772040310191375
0.8070462625690297
0.5378629416241524
0.2927426687615321
1.3123923383835692
0.0662519371740583
10.604498571407058
2.851508384706264
3.43838475404339
1.0432635616880237
0.5769279586213953
0.3561570775686215
0.0333782123708373
0.1511776233213886
1.5158669260655422
1.3896507791495492
1.2891077568655576
13.364312219111813
1.5184019642900697
0.688257746078683
5.681370874764491
2.5036374612548578
3.8931518191474526
4.646844336696252
2.2237594941081915
1.6293898031128558
4.263901332962405
0.8590499847509075
0.8360608808490766
0.008680671163571435
0.681068778919193
7.820166109800367
4.057768821204163
0.16829981315361112
3.7403052891732886
3.125646551859437
1.543268045740597
0.44478047873823245
1.5120115609299427
7.607137515173225
2.019540834702985
0.0846853759080689
2.9604956880387023
0.7519231378465442
2.4095780727917773
5.932539526457333
2.0935118901316576
1.4556046603926966
0.2961213871499731
3.4166555169458226
0.2616905424427468
4.017700807732968
2.2805368373591484
1.686343726029355
0.08316534467335397
1.9616785464564277
2.1918589331467393
6.662713204543904
2.8887679336134306
0.8981033048410084
0.6492661638295879
1.6973029737895595
0.13549148132497763
6.777150956093096
0.8952477168408297
1.9333071213804285
1.344934544810114
2.2430097721687496
3.9959098977291023
3.785594830333848
4.714605463301152
1.1336744342275185
0.03302018686721394
4.033545492323711
0.26446547407913135
0.8132364720651224
2.518414103910461
3.8025958528865758
3.3556520559877363
0.057394932771808106
1.0811343496006962
0.019508920409663916
2.706233689516017
4.029829919250491
1.2044065019135792
4.896116620996915
1.5142823635299554
1.3231143422416154
0.10033614471689034
0.7043624585054759
9.900681326882836
6.526957702279358
10.124561886435437
1.2047830508923387
1.10681414152503
1.1561244315887118
0.25342536239822877
3.130376712273223
1.266583787118164
0.2881777513216198
0.7151604688957872
1.9989919546415178
5.506272081328503
4.977970453836834
0.07826834360291776
4.014182456781681
6.541774493560346
0.47584628607950835
1.1687339105183037
1.6010526688919164
0.8485583056399199
2.856739497948607
1.9592999972970562
2.5583770374764576
3.6897035448843543
0.7547755431518145
1.935377258684427
1.8798384267722672
1.096907040949367
0.8583041424069718
0.5010901825489
0.7385357526902705
2.4789259665959613
5.094402161245675
1.0052817528105324
3.2382367128541723
1.8380155469967405
0.268595103298193
5.776972870362322
2.008307880830107
3.1086898353781525
1.4130495013799855
1.2946047524403077
2.740978644976313
0.1255842346630977
1.1413312484001232
4.097260919736409
0.474849081023105
0.8106262328690012
1.9068073143032274
0.5289293966975078
0.55299605721198
2.161039950257278
0.19137262563722673
0.8694814919836295
5.720787845664415
3.385174147362362
7.97421838383046
0.8963064292197304
4.337079403687386
1.543394993702254
1.412812380220885
5.705095467816576
0.015786817764233834
0.1252336478236188
0.014895272133077498
2.095804250110456
2.502419271463337
3.949224475844109
0.004090883055517349
0.510492766849562
4.042065612559318
10.750230817708387
0.3850616961075334
2.6280873793153456
2.0071456819803863
0.5016651343790343
0.44477394917697327
1.2639632489572883
0.3014407648531863
1.5294637548958554
1.711676788977586
0.9644689267732176
1.2898872619448805
2.642690221146375
0.5946109654747411
0.784046854758488
3.676003360869576
1.1339301212979833
1.3165014160414257
1.185407156632075
1.1682261339468627
0.7469505136079827
1.6140613830026878
1.3069728537104224
0.22003334173590477
5.792638407827867
0.5914011557975396
5.74897007967999
7.863082680933585
0.2714894801139281
4.313221873888841
5.291385371127429
0.41035719623701516
2.2250331929816016
1.608356850440463
1.0624737753416558
1.3787417131371726
0.6366415242233748
1.685254830448003
0.4824520702603095
2.2314363238165185
4.228682547782127
0.5196867141631997
0.11163145281229865
0.33636256152651933
5.089408500515166
1.5278678603671165
0.8829673589245818
1.0793186596949342
0.3899599688258918
0.02220692412442422
0.9229067258239969
0.2549397440854554
2.0562545804879155
1.2869704866307758
0.2241870513452006
3.058456237742857
1.1253358749109788
0.9423665311719436
2.4041898611347228
0.5889575885720855
0.5677564324572756
1.0110514631751186
3.117657311519885
2.777195628779102
1.1982063703823322
2.9668893149045727
0.68434059890077
0.6148977176289401
4.835026288606801
0.9281272684708273
0.7500381422563394
0.8290522952015058
0.4613898980943948
0.7609112922536062
3.6695169686756866
2.568382047636299
0.7780513523836737
0.46520403080785633
2.997077642474102
1.6265500513707298
4.250710334423751
0.6695300536135966
0.40057136370757024
6.278115162446385
0.3805938746807166
2.4832518893367763
2.038039823185576
1.7944176047000964
0.21542187613394737
2.028842726355332
0.44379600518222395
0.009426067483127444
0.73681215497917
0.7845898577803971
0.7783837549203204
1.1616426425437187
7.755886940857718
1.9047593125485807
2.1022545783063196
3.45066186863246
0.7007224856042535
3.4257887320164375
3.332744377635068
4.775165304641892
2.153156288742774
1.691393598615022
0.1439096660891857
4.810559010017117
0.5836255709607251
2.921760629837387
0.36054911793145505
1.8872693159192904
0.9362118226140181
0.8820273578682191
0.4874165042468527
0.29091620808429597
1.1736218703566736
1.262950520537871
2.029846990257136
1.7495765129855139
0.21382038741057183
2.5520670267685373
0.9913397747476606
2.1065757661261633
0.40224247675002844
2.0851154825821605
3.1993290933995366
1.7282966481220137
1.2266908787406126
3.4527438484487902
5.336231628937968
2.3693551645713895
5.375160960533956
0.4779203678065119
2.161969195349767
0.7791233336669796
0.28186717906856606
1.218641143364128
0.24292374418142793
1.33807535331311
5.503448925248659
1.3580291299385774
1.933752998136166
2.0611172148827306
1.5131950393563571
0.29053158672528023
0.5090045247142954
0.5396814059071083
3.397903640256529
0.6159050906608453
0.5572371314546107
3.030065663895455
0.10748074813269123
1.9087550615057747
0.3069369122308856
1.4308167109253924
1.5157154403871012
0.8106952235946783
0.5402481537261091
2.6478113138212347
0.7285688653370186
4.164268831980118
2.9884068603654677
1.989472818145199
9.292837404167514
0.36149305052403313
1.3916239413375548
3.3542239360082737
0.9448351785012558
2.539455463543759
3.5341111841399253
2.0675673557718137
2.9156981647949527
2.906381913689101
0.16270742126029
5.379151393225816
1.3196899813472214
1.2317742076913358
1.2971932697046933
0.06738926478739246
7.412159446367814
0.46669590022885354
5.515358667737033
4.936112656007414
1.7707399622704407
1.226932631349492
1.211210348907868
2.3932095768280814
0.03928874793524089
0.31956322367298745
1.0997397554201265
0.10305433311155739
2.4739640288888243
0.2351218132976783
1.7214661533806752
9.126339447431628
0.15513629563733564
2.8970655532120198
4.306333942013488
3.1363861681572205
0.644988921452553
0.6699243614136435
0.2939065931727224
2.9142456121469102
3.1215276695288803
0.1269244204551432
2.8818080723300077
4.645323165158344
0.46601571455861146
3.392868520761351
0.9232603701568652
2.5217486268438036
0.7871887624531796
1.8504194781101735
0.3901388659612233
2.8021841979202553
7.2038748879858545
2.0955120931750826
6.051232871879674
3.0068052101141554
2.9120296605308225
2.8725237084465656
3.2498054866650663
2.3277739692385127
0.7822333421878296
5.348582017425263
0.41527121713418297
4.094407268194259
0.5077330064951038
0.6850289909105621
1.3881703662817968
1.6376630452447265
5.587303687110708
0.12406210239820709
0.8955589707151541
2.8862658316375462
3.5532689797513584
0.14590683386452077
0.9885015110574948
0.3916692944500703
0.47747755749755855
6.475969327277648
0.2647579468556977
0.8142567486622485
1.4373538729751507
1.3249567347536257
1.3373164881003512
0.2921988799584584
2.556182295139853
5.309747645515142
3.46379465760657
0.6928096106231445
1.8484519516005957
1.825834873951899
0.1397271123917581
1.3212138504847983
5.313534077765043
2.0580215832726525
1.6265445601457138
0.041111668310728176
4.145570974041337
0.6573523033325873
0.5087347358564445
4.020656018430164
0.09794633736048394
2.59513833663932
5.263756795704285
0.13479462627032812
0.05929403793686997
1.333910765965419
2.9030100140678408
6.174413415003939
0.12403549461152905
1.4225099392051936
0.04558765940152743
1.02507866075829
0.5188948105700621
1.6448258034241083
1.8600510507511623
1.057190173764961
6.761239361756582
1.8187903812376718
0.8617844571246205
3.0731270984633667
3.527814426460767
2.1738291626826514
2.481146209392942
0.5767719592607795
4.359977167091083
0.31889267777159475
3.9569587898149448
3.04146093477377
1.372357462193771
2.256661320702012
2.4256137383403154
6.042464931878551
5.2555418102922875
0.36109998432795765
0.019937569118194266
0.11681560116452355
1.3126264273231274
3.3318163343793192
1.5705846940576436
0.9359647439580336
1.5633415120933238
0.8477100020497021
1.5871606515834173
0.5444839900593011
0.29781933517943576
0.5961924793093966
0.8369012240885912
0.0913203315259695
0.8208707605002169
5.413539669821574
0.01781471067111387
0.14931330024910713
3.461244417057331
3.2463499442935446
0.10420714261172177
1.424278859724865
0.40422809530136455
0.5039973685916972
0.3111549803929098
1.8665577442245682
0.35030746176054145
1.174204845185684
1.9821639433726277
1.696394778312238
0.16219107074232428
2.166231931809649
0.21751326165683096
0.6912661865035121
2.189826705535734
4.789363171040493
0.3319813921138398
4.894526264790249
0.11035009300102941
2.4345560759476403
0.10665847072581318
7.930029149565507
5.6905724898660255
0.245450607184212
3.2721859119175956
3.2287290572699243
1.4090003801889697
1.292009825393182
3.3065056482903468
0.2464085990575686
4.742221276527454
4.002018610852396
0.044056296478154545
1.5457163387742092
5.155202845713377
4.659654782426334
2.280092252246433
1.998430916182745
0.24159266627240458
1.9064257741275792
1.8534434134822841
1.5691612170240474
2.2078000521723573
1.7690345396465628
0.21199070780814497
0.2585061009808943
1.1639814291103305
4.5954081973587675
0.5988822021148713
2.140301787398863
0.29944921723754514
0.7205991872004394
1.1877176958815865
2.4920842664467293
1.1042553499518952
0.1020358290725129
0.6420991760997298
1.9808503913630768
0.8401370117244266
2.481209839926702
2.5368737968086426
0.7701678671534289
0.2694533513897689
0.6696878600202347
2.3505371294864186
3.078302953734101
0.46447920430095246
2.802366489317875
0.6173938336308467
0.5441163225922654
11.553285471792647
0.0018750227718310046
0.0018279214526742238
3.203380519287991
2.0847510317667943
0.13742957383440674
2.632540917964594
1.7884203431984937
4.2566427176642945
0.31478284540704615
1.818706498066331
0.14369776354959965
0.025462548737023246
1.232389738985466
2.115817591947043
5.1299336533658995
0.46637667683017303
0.04747813129275919
6.033671107020093
0.4036009708836158
2.942208139016702
1.5842518692746863
2.0450440903040756
1.1587078524656642
2.162469762395779
0.20092175898768766
6.60054778382086
1.0014121193751935
0.8017996573590803
0.08507750649456798
1.0596402304215806
1.6787420965346518
3.3262405941316366
2.3608274770016733
0.42566607085535785
8.902467791782032
0.27012221528382974
0.34249694650133927
1.5152338719578222
0.38986230053346804
2.7285342747509267
3.429408097267579
0.5649042971451969
0.6712148580050712
2.137279390197092
0.6944595426531811
4.1217254970985495
6.274658602711527
0.3788978071763835
1.4713146432260202
0.5590385819392742
1.2591145890532254
1.5141974126643627
0.17263566242295744
0.12162095193632003
1.4763585772041834
2.165740666187505
2.1680353056576185
0.43096974028978396
2.2948762437380035
1.54144528344832
6.440169931527973
2.8408132672270607
0.30578470929500523
0.1531790849070423
0.012638991391408302
2.7849035517097818
1.0773053461230335
1.1522643814014273
0.28116301821257134
1.7987208784769988
0.21839336178392615
2.584795749089071
1.8111018796276532
3.1651281875372694
4.138917240653646
0.7743414780401512
0.5096856198934654
1.6138417511299001
0.4814106329376338
1.0816410222711486
0.4163487158800726
1.6840113257500902
2.399907390599218
0.7084524475095964
3.0440138440885085
0.5380956489989795
0.4412528624323038
2.964121537100582
0.7821351436053158
1.3211427454377431
0.28439690550170643
5.305663156001085
3.3844125254768094
2.4649261240647347
0.3847921598610638
2.943954365922865
2.2616460005750176
1.334054071314767
0.40946542327292773
0.5346068905740516
5.29344055683569
1.8113631838796522
0.17612127820280307
1.7699716961400775
3.2346994331189
4.054464368186868
1.759573906123189
0.8984394106166218
0.07258461768807478
0.2498684563385877
0.18476572649009682
3.6137686951809314
4.09058536337421
2.232610960291418
0.7295025584700618
1.5497299619400084
0.29562856350653083
1.1695274219936957
0.02775875592092022
0.8810335347717649
1.8358319770898837
1.6125276281401613
0.4412642534102297
1.53495928351198
1.6465496140181295
3.6361532861847503
0.5098251569672116
1.5148577381554282
4.0139848740350415
1.5329228498116152
0.7882279557970027
0.41812366676983614
0.09439701819267843
3.2018073955609085
1.2053465338181775
2.535943577406866
1.991621706320261
1.0927420580933247
0.7605388145362901
7.423298462831323
4.62535463484318
0.4183643504829759
1.9308926077513802
6.782098158999929
1.296099103629475
1.6584469010954725
2.3379012382519324
0.16133910619706518
0.4271908738180495
1.439756046920122
0.41439103831935736
0.21544655960923517
2.587269513716592
3.799060512305929
1.9875230014725112
1.0142710573512055
0.17077675336299053
0.5652465878972832
0.7373249514009145
1.5872502150066174
0.7590149716027573
2.1433702222852036
8.885519624214146
3.643210803951837
1.549954706905894
1.9716043200617683
0.23068213404406016
0.58191319610097
0.5385514197463743
2.741185910146522
0.7238450417469863
3.1522108926030183
0.6438152406046677
4.166044753936609
3.4374535261110024
5.103730996721517
1.4011087709743837
1.1453759695009962
0.22452452923869043
2.3434974093432595
2.3091547515043316
2.7982940823414246
0.6227125535703286
2.5040602742729776
0.7216803988206263
1.0538793865054468
1.7686127105878309
2.175133284627084
0.41649734045175524
0.15825952791611475
2.2840139401174198
1.042225760651574
0.20478124140094223
2.989602489115961
4.692943217326911
0.4337913754898146
1.824871788407504
0.7221496906799102
0.07314952195210774
2.1769126778130956
0.9158529503118218
1.7918183482345136
0.10689370282971512
1.8449872400926717
1.5774103538228967
0.6069723202118302
2.683303730207549
0.3130736616727744
2.6682665086898933
0.6521585640417745
0.340369273745076
7.454972606423203
1.6026576397960755
1.3425173150972645
0.3099839392082097
1.4898795403143887
0.583853733971194
2.972434819777207
1.5343937626710489
0.6947298208973914
3.79391727543244
3.813693214996347
5.0118405294385475
3.151135067554395
2.8158554213759075
2.1726795347946473
1.2530579290296047
4.490844766838523
2.2227190605170293
2.811362751022498
0.9128298812780308
1.012409385989651
0.4674397778584442
0.5150841976048559
2.4381646909783132
0.7488108108897182
2.0189660637192
1.5921967300080646
0.7951720692231325
1.7579000561408138
0.3189235478748928
5.5043582808565015
0.1500775048005773
1.4378208517351205
0.909172971351656
4.91315016265962
1.968281454706443
5.510231767151066
0.25632974559734234
2.199871345894022
0.053563384111299246
0.3398044596591093
2.95445267255653
11.157330026645168
3.4081214527691075
5.347606767664425
0.15030821838223263
3.376683395337997
0.34652939529615023
4.606830706059335
1.3668112073841474
5.690531416728605
2.7014409985728842
2.8143853919910042
1.8011727925624628
0.7177081634406913
0.07729405539279709
0.22911106442422416
2.009223096069336
0.6771718328017913
0.7498448341772594
0.0651029323194789
2.076849402531534
0.7560312674530951
1.6973246529529555
0.01471692377038061
1.4539183639566018
0.5860257762333768
4.235743487410612
0.21086211765442028
0.6629723380030846
3.6979310123947506
0.5369353476308936
3.7464442254933767
0.8477166272275822
0.10395871818825635
1.5017479895712773
1.1161852275477289
0.4836447408416959
4.406144528155262
4.55079926336741
3.6561448455048473
0.0008034796547174521
0.3048905581878539
0.3735849788307746
1.0687754083817078
0.6036638403582185
1.293679903554155
0.24596120305711805
0.33535864166262763
3.4227314397523925
1.685334827960195
0.952971379422599
0.29366208963347185
2.9081115092007668
0.19367814454601207
0.30974797520602715
2.999256099783356
0.6438398681481918
0.11432754730565908
0.12828239250079823
0.2625603361858169
4.016009592468982
0.12153134602367588
1.7791505384631348
4.037723957226567
5.630365874678835
0.6922635373814007
1.275818199708898
1.2594420213342374
2.831382465409323
0.8683267929197315
0.574904243020627
1.4527509774846545
4.15193279477127
5.1884080790178935
1.0046667166571261
3.2589962575228983
6.416529597855497
0.37707282350807864
7.2433364314893955
1.6856844996794622
0.6093809600591035
3.2859578741250415
3.6887396628320293
2.193153197503762
2.2221851400392776
4.856682197309595
1.1646163886267196
0.012705377808123558
0.17804167190655992
0.6376185962668282
2.466142385667276
0.23915947536670762
6.607423259374186
1.2899263328002302
0.747291400093637
0.4336061971447572
0.10871256084850961
0.9172520757531356
1.038445024043259
0.5056174991332436
0.19098731485072848
3.6752578350872502
0.41011588649613623
0.4113811132128013
1.4304249967822265
0.2628552007598077
0.3020877938840133
4.270125679247667
0.07537492232871525
1.4758000201398194
4.304094110099067
1.9637895623230517
0.011221787597538856
2.0727667567507315
0.07704867553494638
1.2906378282302788
2.3050173317188336
0.33437121526374575
2.6204537644205654
0.7028119789513961
5.26023366489938
3.130217424774395
1.1758356776120908
2.2896177242201343
8.436463855013024
1.9152718424285655
0.8347818897185402
0.5727312137464954
0.29776897876119507
4.781250577923208
0.47356135255298654
1.452327909294197
0.6104905518563825
2.0323394617502197
1.872883786232691
0.22022085843789233
0.8899453006149625
1.062853354885377
0.46182051521857903
2.090361974584833
0.2979937931552183
0.6987998138586956
0.4068161900432145
0.09383697690504303
0.7458919732345197
0.710499838239702
0.4168495424746629
0.9292565551821644
0.2533484044954074
1.6052687356518187
2.712820081630051
2.536499622438913
0.177136898184941
2.3980384746216434
4.178915235709039
1.7829387870156008
1.0320074008069284
0.5704145304123927
4.56534370618062
1.5341124297072894
0.48105933771817627
1.5538733637027495
2.6898384191117164
0.17956749206094924
2.031287833400318
4.012917944512821
1.4402477608954538
0.9420039686697084
0.6546115034664668
0.8125099674807046
0.6655778186067398
1.6362481418556993
0.7804882859259936
0.527176199685145
0.430046711340575
0.6212230560736525
2.7687192106631304
0.7178607948536535
0.47811740878826486
0.08308815255725924
0.2643949155696002
8.624520598219153
0.05657242560123143
1.7685063165457375
1.2509086410720807
4.252288111086393
1.9912436744465705
4.077596708871309
1.97405408897456
2.7433401815208365
3.234554625534341
2.029681873178303
0.2960607850776848
1.4964861627276218
2.481776948875446
5.407364860084944
2.3736017129322584
0.08931940412660204
0.13833500569591586
0.30875950456902485
0.37013962432090514
0.282079859087103
13.529928491549216
0.20396148340509812
0.2857163595073766
3.3570380994424696
0.15700284020635272
0.8385894356127542
3.020490981563858
0.288336964713807
5.590487293231877
0.9932489806906214
1.7095970055301988
1.141758996736993
0.227935514490075
1.281874307302596
0.5250865180306873
4.040929395182208
0.09886771482957066
1.7371947794324998
4.908109431669107
3.346475069679319
0.18338538064218501
10.45139947205258
0.11672583426968595
0.4942805310250838
2.2155984885518745
0.2252578222229648
4.586004846914999
0.5707959486709334
2.5513841239556316
0.6150106168104821
6.289733949915457
0.5555971232355829
1.1123815091642812
0.3197164553059811
1.1809555708649542
0.42432046669028617
2.0024462792985385
0.3305440962097252
0.17951572273701608
6.006209627457581
0.7396845590884681
2.4305341414883697
0.1777175717503245
0.0946330513212069
0.7898944158360572
2.3527871292314178
0.4840752939306355
0.6779180108390229
3.4902232475366635
2.1563040500155104
5.041510684644397
1.5521552472675126
2.841096603624857
2.0679745660038034
1.6502296365859699
0.5346392880868167
0.40572807033033814
2.622315380949671
3.177842280965139
0.9367990403314276
0.887253836996291
1.6372814183217943
0.4165489457810609
2.766598813625116
0.19340417366677193
1.1706082923345713
0.5718866229453753
2.495566632571063
5.49527260425666
0.7687743146960543
1.9486495321507358
1.518025816552731
0.5107709847235266
1.6458756965374182
0.468605173213634
2.5334129618438896
1.3696790007203474
1.939090898769055
3.30210215783813
1.1519315251660194
1.3988617523836058
0.9149695954961551
1.1705228599819542
2.397634458606999
2.9686585748555125
1.2327974640711996
1.336947516565268
2.953352617804915
1.7781672914887023
6.839004466154282
4.930734115102873
4.583516217491772
3.2037162285575076
0.8576671137707723
0.7140443948045321
0.4772924832510256
1.504747737509848
0.796275154486913
1.0040787029510216
3.741852977240895
2.480776452000656
0.18876757767231123
6.996804975421328
5.597380757522666
1.1718814102232804
1.3529593297881903
0.9327917256815159
1.7885348750868557
0.6625286326208681
1.9106580684509822
1.4307337216452447
0.758655704067011
0.20693904482112233
3.1985864061715774
1.75736452016876
1.8277797963537696
5.594994833380774
0.21355818285184264
0.6366319382873928
1.9334479061174157
2.56588519756028
2.9639470950812257
1.6520012185826756
2.3793880907554974
1.3220545699620492
1.3155491328991262
1.1680285131108412
0.4204874343189242
0.5544444817812646
4.190727135603695
4.289057151129158
0.9431609051308482
1.473234664068649
14.276511472012256
2.4040809604549116
3.3946642759772674
1.2494520069784596
3.009090736080606
0.13103344180590323
0.21785490152720022
9.843575347306196
0.7968013383966178
0.20568107125495308
2.288297034791433
0.0874848911732017
3.551709445542806
3.6201377085915545
3.843249035030552
2.1472170445122187
0.9388341420087704
0.47140024915973555
4.802412293731047
5.538118636941077
3.683087216696236
0.21268480495858258
0.011367220144704813
0.52984891989272
4.722903291600902
3.9293854573053784
1.7996677260358962
0.8735335033742897
0.7477004186682017
0.783017770301895
3.2641732184235717
0.3298858669955662
0.45778006065473104
2.0225422710259737
2.133305255676807
4.571443229344939
2.608515189412766
3.09377126787642
1.5810858290811314
1.039256487408723
0.14920848118257982
1.7981001116074071
2.5119065262432727
0.3215335948221802
4.1018326915663375
2.913836921990721
0.7694711967281141
0.8041001719603664
1.2611989930086351
2.292454494293764
3.7323513427445203
5.37117938192214
0.8214584215465525
0.9369154844773838
1.1529488389211007
1.0749459154698895
0.20249039813732053
0.05116521549847604
1.8966838465234992
2.8811461287523614
3.340146682923424
3.30993356632551
0.07128743336808789
1.5062537692919173
3.2600542263941006
3.0634279297606986
0.8315471158500868
1.473184295118488
0.6259253731833494
0.042741761327629565
2.152886699621959
0.1692667784658371
2.7978924071390088
2.8559904868052106
0.047027662300929786
0.6476469779908881
0.5955693738965028
0.17918170612920234
1.4784082364426119
1.4815128946152079
3.119682447003087
1.2944206972612586
1.0471108516390588
0.9871631116865222
2.1363966393623346
3.7264603209452467
2.261474918349956
5.07062715304728
6.058356471382059
4.157879923776143
7.759601895785086
0.28071876144724356
5.510445104857254
2.688920176591925
0.23262147661663468
2.9984426676848464
1.0562811724113566
0.3267054656937971
1.7973559202391822
0.6580834027754553
0.7556246146149959
3.5111582687268577
0.23897430954558452
0.8078699155349033
3.5985898074041924
0.31408765605590566
0.4425347545870048
0.20999327531012577
0.9607417529971264
0.5754927829668235
3.8028605343344717
0.2522862417567502
4.188727420073769
1.3326116283153981
2.0351744312887674
0.9549231692877919
0.03517692874485665
0.09990310484987677
2.754697128674591
0.5696658434019904
0.5087925509414664
8.803793660704281
0.31892884965047186
1.2881130672338263
1.2832107555481587
2.8965560285844356
1.3102318557388961
1.6777798836111066
8.33834859861617
3.726527110978121
0.20610210701752862
2.7355454758987925
0.2284174204502082
1.384070819601983
0.730198558882013
6.984998176692359
5.288314272324593
5.428273584013028
0.9073770620179904
2.1056914033860115
4.429973259353669
0.4374757114546256
2.1610732727802056
1.130813219225102
0.9219910543962575
1.1295527763323479
1.532408897081062
8.01456073910669
3.0034641352049842
0.6326194691801381
0.7583190527917316
0.061699927059992964
8.339316906027133
3.004786542872153
3.8982256547568066
0.38487801158108204
0.7493630262656095
0.3550828360813018
2.771309876528369
0.2571043283013251
5.884503685689586
4.46340667699951
2.590474998432391
0.6896400773364699
0.8968378933606518
4.26529028939938
4.41382184642504
0.4746208988905619
1.5763206393938267
4.715258726111293
11.88360399274509
3.893843566711502
3.9375489392071557
0.29793535693482853
3.1509353811361467
0.14767731433081038
1.4196332222884267
0.8261328916555483
4.771414443686809
3.058701965971219
2.871026306520776
4.41003262789578
1.4575049477199786
3.370728360435512
3.1455640514208336
2.2556957997299034
0.7494845327445655
0.10696980317145201
3.2260587992272205
0.10024816725765795
1.2120945605799394
5.8983773412501055
2.8869542483688417
0.36679109192327497
4.6592975664303395
2.3279562033353263
2.2761712619635337
3.6497868979937422
0.718806982971731
1.1973464360218062
3.2083725555020073
0.1474709280283392
0.7268724445154312
0.27735359081371325
0.089414008493886
1.9294939327395404
1.7963049023575124
1.0225771737322116
6.050375228980361
0.3472943727257859
0.25359565630150877
0.5141345312557704
1.3319697199144112
0.3122048170057398
0.6826982581920741
0.25813113068296906
0.8026343021358545
1.715527167538686
1.5299715763990773
0.5847395748026416
3.881830620826565
0.22461790399960357
0.11817142564667663
0.215632715530181
1.222035166074488
9.946095096543587
0.2321889595972358
3.104740346476811
10.314493388451474
1.5031043970881863
0.17120801695671198
0.9640941399084065
2.7699422763324777
4.165362114686106
1.1657890703227525
2.1098098176245523
3.6032206182663074
2.491484492998849
0.3268196147169825
0.9916636332478703
1.6846727631963845
3.655843784894654
1.72044529921067
5.185848927722777
0.5882659454935419
0.6829641697842301
2.361783643414181
1.537205415278438
1.322818504195535
2.17371693549736
0.10645693148284617
2.1158169683628
0.2807873413752117
0.06979237149400343
1.6625867142309374
4.965673173381834
0.7196337278029539
1.4949258543299053
1.2766818247258114
0.10034796725294559
4.71624226621395
0.19543520345522913
1.635120329063487
3.3229726986628383
2.954447162442599
2.6511463554629597
1.3624271222522981
0.11848151662740991
0.7617501955469161
1.2739927859182683
0.28056313533053645
1.435079651897745
3.448202431835192
2.198728453004248
0.08348461989703161
0.5222914831580795
1.315032658728891
0.11410503364742972
3.323687004575456
0.1957206115955454
0.18174386023919054
2.3140811896646696
1.7367527156368918
2.9222492816640178
6.347997291945732
2.8806976772712622
0.20874626021974654
4.588549938736065
2.2524357363124863
1.7436425479680229
4.228942040902954
3.151305280010884
2.5073814909884566
1.0871322257051457
0.40887891724464376
3.126513462230527
1.7749891495452215
1.4713786779782476
2.038713080730125
0.6959708055646151
0.2138616641089574
2.8504244266030945
2.197669037062632
6.367942305919193
6.970806654193656
0.9772544756886753
3.007411334348133
2.6168902445853712
0.0017436498163551576
1.6851057607892257
1.190680757709972
2.1156670249538196
0.2980981508193285
3.1542111270557207
2.524230782192279
1.2980848469384914
0.09726215570095222
1.9361195464434426
0.41526179004699915
1.6253254799730972
0.7806159417651333
3.7844302967816814
0.27293307478987433
0.7468127699018327
1.5202055403201808
0.2398203420322308
2.97817900320975
2.280796990099993
0.42217454497775087
0.13822299927493228
0.05274253064510278
1.2983618276807045
0.5225125778810508
1.1010806795774497
2.57023951095148
0.05453706605241904
2.004189436005162
0.36957244611770956
3.9758010668021777
2.997220469468175
6.76690666637831
2.386372110061212
9.030296574623979
1.4545932927802379
0.9281328135814311
0.1427334455110448
0.4373311976307387
0.2004869853996874
0.8711276577826904
0.3536778167993802
1.899276172545293
0.669417481702289
2.024930132247854
0.8326961800769498
1.766837926118273
1.145513997260435
1.0898521762131277
0.9350069808276636
4.643881822248787
4.9736751592220445
0.46808483986188587
9.532445240657598
1.5231969944472843
3.3515229920825806
3.7029922648855735
1.7357126543157464
4.5942996552486095
5.087660944763033
0.848809951166599
0.20350818085883543
0.4068389485425157
0.24787246724792003
1.8783808724076954
0.4447007919427706
5.372281397716157
2.846798440225063
1.6743223804681882
1.15568034478585
1.0990106228867655
0.07765538988499616
0.35635606406281806
4.664953992676146
0.06512273635466684
1.7652810412909539
0.4011523494819298
5.216825998893224
0.15713148849377756
1.7350067663643012
0.7839685266700472
0.8284901400711837
2.1431568518934627
2.365428038005613
3.9681150639529497
3.817513514873963
0.4968574189623108
1.0081886777755482
0.7866588808484064
0.18502894440516646
7.055265265018528
3.902785548113601
0.4726701081760663
0.29932628816833606
1.5385056253044644
0.28165817418091327
0.2319242698733782
0.1455596497494873
0.5170383477116424
0.15030354476268915
0.5949486120349345
3.240039813916121
3.191221549255603
1.3081040596681337
0.8959911679134249
4.924699308964694
0.02501215208341576
3.0208455826185556
0.3933280556899224
4.287865181630662
9.434076666680362
2.203018588483352
0.0009905911156822705
3.5035518777643357
8.026258684399838
1.3940393541497904
0.08902138638146317
0.7320540368846099
1.7836659762027738
3.9170804859775825
0.8092790593241823
1.3587126097423734
0.01872335413067256
1.0391138701921732
3.254074349683873
0.4304511190634975
0.1356527792238821
0.30858346832313277
1.3081324429790322
0.11354175354274487
1.475844747149097
2.4845273835226602
2.91082323411526
4.152732995724458
0.03908825618099068
0.447184394438314
0.056415486852539526
0.8672619581028455
2.0428300119521783
1.3527095952112926
2.1442708770255066
4.422463051682966
2.210522986196418
5.236901793051042
0.5386684000092402
4.1888989556078045
1.9104856034664224
1.3520239426436502
0.7328309616157731
2.4591380690719733
0.4105847293634821
3.0880759438404026
0.042477786557551876
0.05945053833359065
4.236997807887241
1.0944289435722585
2.5269882513167334
2.827576353025402
1.9596230337194471
0.7065030410025912
0.13174408990989553
0.09608778542779918
1.4389730631461393
2.095265321543256
0.5922606508729313
0.17827129058532148
0.7248256099818268
0.17428477440259027
8.680293560967085
3.1325635223543107
5.896837627610679
0.2771856873639118
2.378346683516777
0.9193591464381563
1.4655770031100728
1.2155561356688405
1.8994798006301101
3.708605201697648
1.283892678402762
3.9673812395401544
2.25330705147012
6.7044779644968555
2.052568962056518
2.008775254883563
0.03441714978694644
0.1459937810960294
0.8778305121004848
1.1560014025482448
0.27855313425851946
0.04915045991396805
0.3254952805689693
0.3502943747030712
1.3272909147573193
0.6671260993227499
2.0377917285564093
1.911554468012774
1.086934740984851
0.8616685072832982
3.279089120402876
2.42748575367695
1.8627825500207404
0.9283792345009774
6.866712657209728
1.7277670974844916
0.224643630316156
1.8636455777782204
0.6161206743504003
1.8894508276523378
0.3472036076330727
2.4657970783293783
0.9682609527296617
2.694774631692838
3.5300776292596447
0.9803935397857136
0.8644937673200976
0.33507025904137117
3.4483747330735266
3.4557202517337653
0.5003506684157859
8.22423212461704
2.330954932838148
2.249617413495229
3.6427866987064554
4.2567660976987645
0.8119508395687884
2.0829232525975026
0.0036472992822411446
1.0752168858419122
2.513863188743557
2.0350636625334464
1.4072507620306411
0.3357542485966085
0.9767402999620168
4.591152082402506
0.5859110426081928
2.9557968988019088
4.052814839822978
0.6340454797796453
1.7561885861986293
1.6455444485558284
0.2269233831126937
6.07811089302701
2.182306422778491
2.995721359607945
5.872781138395139
0.6000219088555434
0.7671914848029957
1.9936264562868278
2.784128977642549
1.438827533134163
3.697549641748272
0.5079277379297849
6.548649167560862
0.8641550037093833
1.3028615317929906
2.737930342362602
4.177647171584696
1.6689469641374282
0.8438411665493292
1.7349333217315965
0.5821586547326737
5.368013661675344
1.6225201294299036
0.7187676002977167
4.412904570328335
2.376142483637427
0.925412285146209
0.9270926060148803
0.840643905307862
2.322698818974193
1.2717636607902416
3.067271595117542
3.050362565386112
3.5595369664202083
0.03855511090213489
8.775814167911774
0.41216769360308325
2.378851052815559
2.209205529785139
0.5225616087320217
1.998830957369912
1.9846231535308627
1.6471949267403148
3.102288188854692
1.7250302518561729
0.4925578439365785
7.799208838062891
2.889705766161074
4.422074598576624
4.8393710268484265
0.3173922727536581
1.0445118581148363
0.03687347287413315
0.5273591933573849
3.8023348365068474
3.262643327233116
0.7774713755768856
1.7877288688323432
2.8807091497796993
1.912586275710527
2.8755667831603313
0.17847366738456705
1.6520767719444405
4.6053509970486735
3.2537503990439265
1.5469139724306549
0.38414377384508475
0.340505431176906
1.0359269449038262
2.286797187782589
4.098240778039539
7.186014060561805
0.49543022769185185
1.062376089587153
1.9050758610147407
2.0232270856372283
1.2326188681228105
1.7373409736194223
12.133437307514237
1.1803017463504644
1.380977107984474
3.4548975094569037
1.9253658580752573
0.10104521208400685
1.0637391657959177
1.0201801742491285
2.29807630646124
2.3021912975328465
0.28042812865193273
0.20005582656271403
0.9646433036629144
0.9175254611190949
1.0637264497919825
1.9310601489132344
4.679101931913958
1.6444977062785313
1.8599509195956176
0.9019786355716142
1.5564886032491845
6.118179454670789
3.9919977701720333
0.0955986893304967
1.3289355781235581
0.12891588105084464
4.0244556512108645
2.4028724374827153
0.8776278230302871
1.617750359309225
1.0645084651405428
0.2685840827363012
0.11741275677531636
0.6454400879812627
1.545815506574957
0.9165240006097389
1.6038440626869623
0.3615702677552613
0.12126536459850816
1.6215894582714871
0.659121653589835
1.0770795305982033
0.44587598001071366
3.524509449018639
0.34280722603216
1.9489502402846859
0.2723349945734714
1.849138486585503
1.5707459926087077
3.9191205510027567
1.1677700563483522
2.2496387851927726
4.11186673582081
1.8812976665031187
6.399926002874071
19.287293765155475
1.811423825192474
1.4250051092859934
2.7466641895171193
0.8100380354481198
7.8129717265503675
3.5505529448801365
1.973106910591791
1.629041347866038
1.1496908704782935
1.2679863340712367
1.730523809137192
0.23393353168442005
2.4470170060220044
8.44660413558724
1.2657323295088347
3.270005661388862
3.8413262704481457
2.0211574547599875
0.029673808533602263
1.8675968869712474
0.5538600969546911
0.33603469785590634
1.2233572996863642
0.176708150699701
0.22443763275150327
1.6985238244674699
1.1746344912871236
1.9674370048975336
0.14123098746455143
4.430962101620072
0.46833548558974464
0.05707388223348712
0.1169928838883198
1.0316220517713603
0.22451766478358337
0.06943213574158626
2.117218069595032
1.3356420177508803
3.852342952506168
2.751604621049677
1.7002839896107396
0.5879898514043075
1.2262522283632176
0.3174309932496839
1.6144904459657552
0.03313208870193209
0.025870730981143085
2.1872187068775744
0.8054620823459799
0.3659918159088063
0.4095110873891674
0.9056165720219009
7.743203479962545
1.2070223251080758
0.3746669712468171
2.0657125981564817
2.3226865081871297
0.6874616356243647
1.7209762275529026
0.01848593305175969
0.5181829138697367
1.156134108059486
0.9146039218757038
1.638689534744653
0.17388709437463232
0.72677025357876
0.5412858229456713
1.2748899339304192
6.794740594122482
10.2598998763969
1.5047903582404667
6.597109737208301
0.1314172628746184
1.6636837179255235
1.3180820034212493
3.41997556155575
0.7145028957566067
1.371819432082671
3.682672222663735
1.735313916440785
5.33402364059771
0.4571916487887264
1.893711004090438
0.8765951445628319
2.0902121231690005
2.356422583112542
7.273947003412293
0.8113118287588786
1.1925902733564988
2.564935513017223
0.0033302477583820513
1.1058689300415883
0.48369460848557194
2.9832341391904538
3.842808806167151
0.6191929661684877
2.339007589631169
2.9190367580092507
0.006902202676137341
1.25007254080461
1.6789298559880916
5.676599824658954
0.8882180728375786
1.2162363836426053
4.158670201614516
0.9355033304463878
0.9377525088839754
0.5523460786027309
0.9832413442100564
2.446394925658209
0.4715732286830955
3.5717386483355873
0.06534854326055999
0.5403632180217237
2.292908460744769
0.07255840159308269
0.21032972078745107
5.611903766880263
1.8298086452358937
5.6307995681933
8.288959027210787
0.25298254514035123
0.06882698406762877
0.9148065952326667
0.7008730794805276
0.9576663585832228
0.8759493099824314
1.0998902471298198
1.8164634676737972
2.2483657946738798
6.7423797902700615
2.788381282124488
2.9480000992504705
1.0205706108969939
0.4314069223749685
0.4901156684925189
1.4100855973619673
0.9260392948235651
6.803705974452404
4.868086409352674
0.2896174008026325
1.597557012379368
1.4568657285510507
2.068141914896827
0.6488580735692625
2.9293396722466696
1.1430069347016547
1.4092022916595477
1.5976618988174098
2.4361485325372163
3.0804255036129535
4.047451959481038
0.35395352931863305
5.104675114797129
2.923656917412301
2.060168798354566
10.305429878559645
0.48140005476530573
1.6434307591747532
2.1693126385867116
2.2233169507737385
1.2157213175492227
1.55004062690786
3.6352240347915017
1.5893393434198357
2.458764819389723
0.960712712851032
0.7404640208702841
4.405905806451054
9.425336037207368
2.430899728993155
0.26253837253594664
8.820528139735003
0.6292228701292404
0.043314879963303084
6.839920399144737
4.4132180939393235
0.5098104249624763
0.8232130772308043
3.335695650152062
1.5195918687136372
0.011261277412757831
6.880013374519722
0.748660623854588
0.9359663588836121
0.4584685717510987
2.070290075535386
5.515867214114764
2.7064660234932867
2.546454017537028
0.33319935984561916
0.66293921240164
5.811210466972891
0.4106981920076697
0.9063924570879858
2.5667553511827177
5.1461535801619585
1.3228966616729427
5.115174510722722
9.719332391557591
3.4965900096568086
2.4435685049002513
3.704817321318894
5.359815165130673
0.7331997944195976
1.027022528553836
5.998328269875384
1.9407043752280417
1.3820986852809583
0.46304543794880426
1.444261355331011
0.22927931297065027
0.2912003008501936
1.1071466967702077
0.3570966882397767
0.6401855713663429
3.0196842626839766
6.783573774305043
4.735015681874386
0.844788794626444
4.027301088112275
1.4037631154620365
1.2777687671505116
1.6999969574460798
0.08227682351258724
0.2946465308322634
2.3918549245496648
4.65979513562487
2.157288202639204
3.1720114570443596
1.4659882671910516
3.667570009911976
1.6755110180809356
2.1729474245368934
1.727808204331979
1.3166652355339177
0.03462531798766167
3.5826641253113647
5.938989219134465
2.2339206429115146
0.5847248377791414
0.4194584240845115
1.0919765468216345
0.25948581412509086
0.1989596421364132
3.6657099724362694
0.38013310336071043
0.33685569610821486
4.174680755123472
0.9051128837103752
1.0942024631909344
0.5928690094029448
2.574934462138877
0.25298949731122833
4.506700744663933
1.764373333224131
0.002958784706851753
0.024793956365624713
2.194510306848719
0.022328536550946746
1.6944188528452642
0.9043720274341998
0.4912599479035426
1.6533834698579122
4.349707985111812
1.52332238573485
2.682772706913341
2.9623753782067364
1.0139735891408521
0.6462004206044606
0.8139343950055986
0.0333758665289687
0.007858153411358551
0.6254789826036273
0.09121644626418902
7.928657872729177
0.12622605096868417
1.718948276351177
0.49860572020763005
0.06450894277699001
1.7358975083224404
1.4284509828864957
12.686724926948466
2.2855661212607594
5.088527321437047
0.9779646047425815
3.2047127426069864
0.645504417367008
3.236434177551014
0.2138559151211313
3.8999488231869845
0.7707647366757193
0.4309841005997515
3.0058423242398193
0.038568915921644034
4.283572233058798
0.28664997911471907
0.9348056212319341
4.158474867119055
1.5226310867884043
0.27056393007806445
0.3849919259815786
2.6095769187919675
6.114353240419419
3.171969411910232
0.06750519884200323
3.136706817478457
0.8330420846366176
0.4060639542632725
1.67584861318863
1.3978106515054523
0.8783028316706372
0.5589045496070071
0.5403252523447972
0.27275610307816506
2.288300667885004
4.012963243876177
2.856792238440931
2.4907054320573367
1.922041120565662
3.543890855570526
3.5808011546526046
0.4358140447809138
1.422996100804646
1.2165499477904769
0.3619636043215974
4.470142060801715
1.0082432142211608
1.3624170598274565
0.7574156887531268
4.839106507139131
0.30316711359578724
2.006340970453196
0.8372445365001876
2.2851611715506848
0.2851706654405192
2.224029720379253
6.7731398315072955
3.7859536396545233
0.9415531375413013
0.5192455827949594
2.145914042673203
4.208955936839124
1.6385221718768341
0.7686432713771912
1.269072651514163
0.30647750292347686
1.628233367671136
1.6194816477022218
0.44666108307113117
4.924315428991766
5.85799346982501
3.328811070128987
0.32179304155398514
0.6986163405955805
0.8545115551446784
2.6516801501707956
1.4221931880948597
2.923943968515612
5.095773630790881
3.063654904895552
5.404131585737386
0.5605059350047445
4.662935176228856
0.6606212314978399
0.36649546665247423
2.3468425006508618
0.13287437395663956
4.192902255197636
0.31383005358983035
1.4245624901261729
0.9306998158640633
1.2482723993126523
2.0326529311631742
0.33381311176173417
0.8466548177837486
3.6680857223086667
0.9116923362580388
1.5183970458338114
0.5597709692799905
0.6228695428374855
1.6584901838507453
1.1492875557974462
3.2427596942168613
2.358682408334244
2.369671598806354
0.2650182024591555
1.6459673992369734
1.7904650701995255
1.757283234003587
2.020168687588033
5.238294008210918
1.9431172597196535
4.023436117742963
0.43856999333723157
0.13924141156285996
1.790987273151881
1.1944628173150242
2.508754154170995
0.21000295212040856
1.6172935548175653
0.40395896559073996
0.9809422701094066
1.1756144799925399
0.35606239852805804
1.3129573632720877
0.7613278974219828
0.5698761616919042
6.475895621000426
2.664063674767738
4.792157274347528
1.5590872516430043
6.190088824655319
0.3147653888580499
0.3602551078219467
2.0465372752889626
0.5847404883185525
8.640268443849077
0.2497315432034858
1.3333252708625785
0.7587602577350173
1.6988743634350123
3.1111628607316253
4.610605790451823
0.46259652568693077
1.0592463826514609
0.27253428913410793
1.3229863315876138
0.729012538597622
5.037419695343345
0.3052277899600516
2.433226837476544
0.8977607271783014
1.6802287424526048
0.6966201578740152
1.0809841467635903
9.163970147138107
1.5637883686754084
0.038846740195267036
1.8787773118614652
1.7191301287532021
0.25035923311443287
0.27238307894958314
5.198667208114989
1.022707098263828
0.6311121545178355
6.6783802359664675
0.572020380983811
1.3921306459185896
4.256095626666067
0.24240927035722265
1.4601944695683153
3.11392879136209
3.0127254972085744
0.19623711863809723
0.5819896540112356
3.0647037975057057
0.36665785097658526
0.8613145585249949
0.4025453374827749
0.06415401517069938
3.1402831063605516
0.21376801565943365
1.8585563381166725
0.21056334551901495
0.2529568013752243
3.2723518316121316
0.8915324796686543
2.002300247840554
5.622952017643467
1.5530995284874927
4.539367039358749
2.13490453108155
4.708871567266875
2.011069605589123
0.9825677350414492
6.572237934483399
1.5117952995470847
4.067943268751106
0.7950752797597288
1.4245345519639492
3.1111752926349996
1.0226656951686928
1.1309141663444164
5.18202010276255
1.2435279780802777
0.7441413585794415
0.5486809044801456
0.2983612702280941
0.9138321035078502
3.1012617069426307
1.5739556847345537
4.539126560782285
0.08049082764701
0.23551946680706948
0.017745730927962788
13.370641562194
3.0643796018257845
0.22092771426833221
2.6284147187878677
0.46081071170258237
5.448463335250231
0.8239961967709681
0.714095390805443
5.102720371321946
3.5902910318759136
1.8279574179906932
2.519064595119344
1.8227900046700374
0.8247145840134062
4.768587116036963
5.027570457398136
1.543605431729568
0.4577958659291592
0.04664910408367659
0.6939815235276078
4.88884663188021
3.317739548150749
1.1103673702395855
3.6084728027350135
4.237468143182845
0.8142133816561004
5.062464848845318
1.4617214575084156
0.4177857837564033
4.240114084487412
0.12101338551223104
1.7290112973138727
4.417462928172732
3.2887931068239964
3.256236160638075
0.2429394617959015
0.15566239403996318
1.1737656397559462
2.3932414724902276
0.5907158441937159
1.454567695431304
1.7022951546261134
0.8728774621399401
0.7463379329673703
0.4397096298237669
1.014847682294633
3.0176323365645565
0.1357993538019362
4.381702508495532
0.020081417448677405
2.5201672967501754
0.6050325732233953
0.13412401398853283
0.3520532744311236
1.7008235188291057
4.072526069745168
0.06877871890331454
2.6491989917312075
0.18693885707640306
5.486076727368193
0.6908898706295762
0.4506979181064364
3.224320706525608
0.018086890588717576
0.2004432574462284
3.453654063146969
8.943181447345335
0.7927979341813762
5.012997033542526
2.121638707679746
2.5131280540764127
2.612303633370089
3.463719992762825
1.9139839267043164
4.422872889610448
0.3484389675451464
4.872548321586462
4.029076370360182
3.4896694412207756
1.0716106000229286
1.6651963053290322
4.561961025232303
0.1280903665042653
0.42376284701340533
0.129903894355875
0.38186034945953773
2.3648048398640302
6.074332117294699
1.2182855303111515
0.10259468947186992
0.18670339748197548
2.4957738056971124
1.6690868436711104
2.089466942551012
3.980885748039423
0.1917791530450505
2.163216789129704
3.817209882563197
4.616269164750953
0.6793664910685542
0.20393593502451274
0.42100025548536824
2.780935195729132
1.676715879700616
0.12601067922697073
2.746025429853418
1.0117904200914791
1.6038880113328626
3.5870420500771303
0.47999817786988025
0.41056277601745184
1.1207199035331967
4.577226463448062
4.937784430846706
3.59221783744279
2.6980892238605834
0.5810648172686239
2.5814201479069667
0.9395519055737872
0.20937803717238068
2.733802903573454
0.5058954145914841
0.7751997267351866
2.604199635561434
0.7354461338558334
1.7912012809059905
0.747641652901151
0.6180471476004519
0.20320767093726969
1.709632197603804
2.344650695942321
0.1397916681523251
0.7011032581331121
2.2710488175598025
0.16661391619506644
0.5346267634223951
1.6141074932655006
2.516976235352971
1.686448412640956
6.373056273375824
0.1497167099153335
5.47484649852732
1.8247894992712577
2.1020134062803604
0.6458510534747026
0.7815345750089239
1.2520566613247384
0.054140872968459736
2.0973458142918777
8.659695664785428
1.6188845143798016
4.640929661818251
0.8216109625507321
4.916236501883085
5.719296055714839
1.3194144201745568
0.12033993589992388
0.42059105616400133
0.10188178474239519
2.411525903603504
0.16143891024378484
5.139624535111041
1.886127809182609
1.0433443004576075
1.0765141232783482
6.062699800284842
0.2482148857261478
3.1225052783831613
5.726406360957966
0.778004121871342
1.2372503494185068
1.5090386534603524
0.9621255920298751
0.11962967501654999
0.6958103940705441
1.3572154131059366
4.035152572682308
0.38226721220521476
3.9764953308251982
1.0067208787082935
2.315383034468646
0.901901639384719
2.5381362801087106
0.8375664216595392
2.265906984583592
0.26871758308574406
0.26427073008822655
0.2406867578690191
2.1141502191924877
0.7684695264228929
11.58110356602837
1.1609607718112227
0.3999105753333937
2.666176093573548
1.8919285824712593
1.8971669881267794
1.34335579903968
0.25858886129297115
0.48417059939741214
10.170684929717975
2.2057455376791766
3.4717887565775096
2.6762812651916876
13.218146271578147
1.0528449947542022
0.06842855218072859
3.722253924049205
1.5114156142345967
6.322576354258917
0.47457811155737517
0.15174780742923555
1.3067441429842674
0.9430055662075284
0.529151993342186
2.060965066367245
4.5511913191502815
1.5854283962549391
0.20426703548378036
1.010246020704285
2.7623471877402754
1.3882711919384292
2.192523161021079
0.2487030224146564
1.802252782279889
6.875873958334221
9.127271417011833
0.38876013993389597
1.5694662979859677
1.0878981319028531
0.4623341734438588
1.3987226231958327
0.10786787641802364
1.5663208290510728
2.5618832577228443
2.8672809276644453
0.6141522223365027
1.3918392887669389
4.732612645435172
0.8265349539308395
0.49791986128416443
0.9260550653743448
0.015346174712425867
4.057525033300849
0.16792909331836128
3.7124895017590944
0.29501392990027336
0.7400354485170885
0.25817150067216665
0.9980153225630687
5.044026505622317
3.6343491274288913
1.0361789994001525
0.45441525660223653
4.260906766714356
0.790539942312008
0.2734222263662986
0.9372959039424192
1.207119182014296
0.048922441676534464
0.08438961386272575
3.1741136648154407
0.41720830345840043
0.6316371908405843
1.7518261966215252
1.172280661061456
0.46060688325339527
2.2104554082298753
2.933295278883316
0.10323875672666515
3.138187071712013
0.43458794232777903
0.5194908666663673
0.0415408949965386
0.39333308829689667
0.23640430288562572
1.059316016289181
0.6629266215683993
1.063478083307386
0.3341312384397314
2.0227768585340185
0.1464572517376603
3.837179038207179
3.132286122193432
0.04339851307423481
0.18355019598853278
0.8881661251078143
0.7320609196908109
0.4103118278781502
0.7802418693657143
5.050390751123301
4.9291324516847075
2.7869229576846744
3.4289455559353916
0.9630921706038708
1.3710403501850386
0.6711182361434779
2.190047029971726
3.220293236553794
0.2578584411801291
6.206860369556585
0.9929812612762756
4.571530298362608
0.09696550114351594
0.9062062834423044
0.47965317091789456
4.526095093709718
0.1376162191698732
1.3061529837511427
1.5553897426385974
4.836855498596698
1.04372117379977
12.580200125143053
3.515147701543828
3.344852025605155
1.3349253420509863
0.28698570200915813
1.1068769335228037
0.6353861697822951
0.9561416066254395
3.93416674205618
0.3469584610903805
0.3961858207133489
3.0889871544001877
4.207483687785636
2.3345086341483676
0.7390779076296715
7.960384222587963
1.4497514894160632
1.8990043652081412
0.09499755146721733
3.303585711445383
0.13231665694992864
0.09223977658786305
0.126667900556796
0.6343687615728244
0.32266842267035445
0.3975607261408217
1.694695544010861
0.06117074386747762
0.6122494470131337
1.9316561950643407
1.682691770911163
3.114939653546691
0.7375131123784211
0.7569945777147377
0.08246386064701403
0.7563917502709476
3.8820129324543147
0.11110660141965285
0.5358940962439741
0.8034752157161612
2.1048613477152114
2.342959185100042
0.16180972122724385
0.6083010570060539
1.4693152350717436
5.153558928329545
1.812924300314165
0.35088268595030486
0.9254965995503718
0.4003147828412117
0.9768406288827408
1.2458594096779394
2.002012160013726
0.19690968831174147
6.296625698348046
1.3746190992956213
0.351756771978689
3.506776251091843
0.6533982610325966
5.943001074956858
1.6535860540196337
0.12255684643442878
0.15466132509081348
0.5617088509424492
0.6821287155492542
0.8494934982929309
0.11589964932025998
0.1805162527313509
3.109619492774876
0.03006657130132547
1.0932611791433806
0.17137811081921275
2.6922295131788867
3.2771253968139433
2.595561906963156
0.9831687439132247
3.589896953110919
1.2983855732695766
4.2783199862215255
0.7723374162854768
0.19414504852917963
1.1606418095442386
11.862164656360914
1.3740577069001276
0.8787277058320002
0.018523066539844216
5.83280492671009
2.226692454063605
2.9204896073553943
2.336824095999865
0.3086134332237096
0.14456891204244823
0.44932143102039074
1.3203816091737635
0.06013594799602521
0.2474742143414447
0.02840514215652707
0.8526086687586975
1.086278053779875
2.2213057178087428
2.2531099418747824
0.7434276472753948
2.124550643552157
0.8893953460041604
1.0751137803089426
0.9343848094951214
1.973996961845752
0.30351727468663586
2.1000268839119656
0.14084039703207754
0.1967821056432192
1.0769214338686515
0.3908542663021862
0.013952621511296674
3.471415271503381
2.1322535983562543
2.4619436297386064
3.366799371797291
1.6923947839776394
2.598173885892913
3.7026234705088563
3.232991533162122
2.790623726545512
4.338725493374508
0.2877891896819802
1.08986862009116
0.03697028904450197
2.03937765992942
6.6718545782938605
0.1167775973142808
6.609768365439699
0.11353038338923717
1.1468214668990369
1.0935226579276478
0.09627058425013596
3.0948692363481745
0.7168563287268117
2.7562956380500108
1.226435678806904
1.7408302337428272
1.8057304200320219
1.3517278159049724
1.3072221636307357
0.2452608467918831
1.745036843955073
1.0394656328640477
4.236801116533052
2.001352384972917
0.06291477930945312
3.4335447467373585
2.355596558390207
2.7299151288009296
0.19643368139443362
0.28029147074107463
1.0296893845563277
3.369690343168026
0.5092567306663214
2.239180649987747
3.3092378310829953
0.27140143156426066
1.8534083880258017
0.017747536795564987
2.9300882391076692
0.2990777429832385
1.0451436765955926
1.9511751372285713
5.079368407164967
0.8846767862381568
2.8641213446391682
4.589021933505254
1.354195563471931
10.50167198403312
1.8410965706494955
0.30787745745316586
1.563049516489009
0.5338787427711218
1.3207613462334957
2.3652780162970957
0.9937498681079217
1.7758202701466042
0.5508717013798059
0.27745784621653574
1.3115073044973342
1.3839211694127849
2.542328123394416
0.9858932563796561
1.584514554093376
2.0800822636276934
0.5410993861727357
0.4050675407837175
2.8255402608353983
4.81626972074798
2.8509848433688463
1.1027332781129382
1.8984633421193595
2.53097134815705
1.134995081737769
0.34905121486825796
0.3780265992754434
4.417896952059584
1.5813707511751038
3.1789652364149905
4.037102514113089
2.8836755597158716
6.51505243109869
1.6348583524979075
1.3403228609400395
0.07355020690827839
0.17556750501809776
0.7535200588278738
3.7758587391664897
0.9131687239542267
1.4994563512913834
0.6528992112171135
0.14086501829085782
0.5213557550805925
0.12455546677578545
3.0579958171734787
2.3363712328053774
0.18526876792241995
0.24095424171754684
3.1983090742909144
3.9211112516184112
1.1698042474535073
3.8986736504571216
4.279105788644318
4.899849968705758
0.015031166591687874
1.1475921352299712
0.8558094090206291
1.676945552371792
0.6039914941663214
3.2020512580305067
2.1963390661199753
2.3142579210710115
2.622687378893966
1.2186211603612678
2.4862782356399222
1.1521398876477957
2.0041875184428535
2.1134535716197274
0.4770026808332989
0.3834905003003928
3.3352269905808525
0.06544793155591047
2.290834566815726
0.48556300493027926
0.2948535739427515
2.947276092302214
2.7051426650655865
0.4883834686772987
0.7408924048425937
2.069335764839167
5.535486272167509
5.155829262073852
5.743274435643288
2.411256811830915
2.568813731183285
1.4041628466361313
1.0014359043139767
3.1816357941285975
1.9833895538172708
0.18689035744338012
3.7603568304730417
1.1601390535317917
2.8216701238037007
0.022832254554769508
2.777647713794302
4.13775562744248
0.9622645931688613
0.5438955529940336
0.16920022785638228
0.7147132836422299
2.444251125088346
0.43497840188016923
1.6898421174038551
2.7313499366078937
1.0711083034231688
1.0650499709277563
1.0644420623087227
3.833304528578556
1.3340308607678968
0.27735409342448925
3.000995501486386
0.17365919651706335
1.6901254813332125
1.699276161320773
0.23412663624879956
0.06894466415473227
0.20618110056254807
0.365714687471497
2.6179320085296176
2.107363243482448
0.8726533460119527
0.7615759951375094
0.335724788162557
1.80823789906267
3.625223990890133
4.326778611682724
0.20648620520760566
1.594150550886379
3.009880060632152
5.054920583558119
0.486171974362639
0.18193047165336393
3.3730708516740333
0.3777440070019688
0.5565824850165308
2.980937201288706
7.914685059005447
0.33446647883795383
0.6926391224896254
0.46133462480468485
0.42287108742576746
0.9719231021168413
0.16957328188804752
0.0887931671637554
2.7053104107266686
1.5488476099718933
2.124309743073427
3.6247503425440475
1.2794870954569901
1.7550434661304681
0.8081352444242005
0.04391076156025246
1.5023900730524782
4.850605003246539
0.7837337001260539
0.17149135301389282
0.21846340218208876
1.008754091354107
3.519181966757158
3.4519444237245263
6.8024351622478925
0.007378071721226312
1.9901042431044083
1.708287940292407
0.4714240633712666
4.007221908776317
0.26603248958969006
1.6342880973148788
3.006826368297994
4.526453912487187
0.14155603408960118
0.6918118420100169
0.23819819960568095
3.4926872520285546
1.550861000078437
0.6474890536128629
2.1401914507843394
0.077437939835719
1.4549064205395819
0.5934420784039013
1.4998186586914384
8.864224523808323
0.41702962217582035
0.6535251404268483
0.6839876856457439
0.5621371340310142
4.101291156790936
12.340374028949107
1.3749765751970722
0.44749316495498376
0.9108532646639007
2.5555140521210298
2.437064823137888
1.9715892473382421
7.4720298985552756
2.8705564014089764
3.7032275623547326
1.5918743229052017
0.6749315219615939
0.7668245329460804
8.818506817463906
1.0895555659855765
0.42941941323568794
3.1202277496090103
1.1733868723424397
1.448756733381475
0.13494163847088994
1.6845117656895892
0.07415439066140349
5.606732321715224
0.3742426968490161
0.17953828642607172
1.6369313351384052
2.5016052134815867
5.710854410351768
0.9489406380314658
0.3273463775511807
2.412867323688349
1.940511150865101
0.6288590116741108
2.6524645178379993
0.9368362874608539
1.7356445633087731
2.9590847016869484
3.828884349561617
2.977462873825552
2.3367804465895494
0.7811337256753179
4.220945269156328
1.165329745638501
1.7101471073849386
0.5784836944461258
3.5028068631901794
1.3725561940793647
0.7813899689828987
0.3395967175891958
1.4051002792430853
2.2379731380643335
3.9850692839392763
1.2609500673264125
2.435417529937438
0.3436880493275044
0.023721563601936793
1.8348704184335247
1.1033679774196645
2.0160679985811187
0.9233055442785281
1.2923406406385662
3.3237584266835944
0.8250328855145225
1.469096326057691
1.6456396511696358
2.1801208740598756
2.3851647388962
3.9109756913308713
0.40346779394677273
1.4834467518657637
0.5765851211186628
0.7592699644214846
0.3018490413462356
0.4260871539777886
2.385913937763268
1.3199880604508403
0.5692802709087601
0.3133761125817281
1.5626575417357749
7.37469543727354
2.0652266880962196
0.6369635409563836
1.9710549939951927
1.0507213787587795
0.16697062413610156
2.475265611941141
4.489072857937584
1.7696076247195418
2.013296844664264
2.208612119661746
0.004621474802820094
0.30205098041381817
3.252343721779654
0.21090529253881818
2.3455748671435663
0.413757966661857
1.3735168838652518
1.6981038523706309
1.4945773745366395
2.6582637946528265
0.7272274572719183
2.462212877134679
1.4066323792316395
0.6625647862243905
0.8512395935588988
1.8460902453057875
0.24160984776144487
0.021287431310582184
0.251208189630052
11.405696120136902
3.6363631726118624
1.1945735200767769
0.2709990318370805
3.239279663064661
9.516937938495714
1.9246039235217196
3.982252328379313
1.3813858090573965
0.3853962152071436
1.973748876056842
4.16103720106042
0.7139257346145004
0.24343970432663573
1.356595843584591
1.6695736522430515
0.5923211555360032
4.443435190987976
0.007043442918888561
0.9623363734858194
1.544694068908006
0.5306794208316524
6.320143623778268
0.5096509102713048
3.6053032893945947
1.4092178988590969
5.213693685963113
1.500156010342162
3.873654399749594
0.7785865225911444
2.101768626184486
2.076170065409433
1.5066361173812626
0.6874910399948536
0.1410125904653181
1.1937728019210283
0.34539115743637777
11.230824033187872
1.8026351616197374
0.918216037149872
4.450941040972913
1.1495158685363338
1.9662350319882156
1.5547432603654214
3.538793593788866
1.8462702577427603
13.177782018317457
1.0475543325684429
4.00451078391652
0.9067622230028143
0.710039105451542
3.3632720626671393
2.794274674526109
6.3910979977402524
6.9776562402211395
0.01920403100203455
3.2287728622216862
1.1222218792107495
0.8590321492630301
0.867586747663558
3.1758625461400594
12.895775338558524
0.44794648031404233
2.4871989854969403
0.4452055439873565
1.9176753588813051
4.5769397789022985
1.5429348944758083
1.0206482756899493
0.6453362729664053
6.9120636238220765
1.9931997892239726
1.2095936732468084
2.0661869339901364
2.944071935194724
3.255313432085406
0.11619081457275876
0.3105418031269134
2.1853836871073833
0.33755699889464197
4.062648474635664
0.9728251385232908
0.37350357191879163
4.879360636995319
0.7039557584560024
3.0112052531268017
1.9930741324591235
0.40534510203342855
0.1626075213890159
0.09786417926648183
3.396714782373872
5.31644376501866
1.9730439171017675
0.9391264218491744
0.9369021635561909
0.062123170046040885
2.6319695570715096
0.6877994955355103
2.220326137665335
4.502965361782669
0.7361828098039198
1.0201946650123095
0.7261787310391226
5.325313644169025
0.27966177161872274
1.8796278537418516
2.666270264398242
0.21088120251546352
1.1774227837213667
4.382085870738857
1.7121116438800092
1.1463589852012603
0.5966435886272818
0.2503257166695029
0.8550737643263852
4.813357710537878
2.2963109591675033
0.8618670647299335
1.5082357218001317
0.30970911701287596
0.9782473305334286
3.529463415548109
1.4755801592371955
1.7476440596880551
4.5089722826378535
0.9072957820954455
3.52661192189854
5.893344941155035
0.43534189898450126
3.7947232873684174
3.8312986177628168
0.09600597979771748
1.9229345694702336
2.5620435702169564
1.5139033441383427
5.977860599418559
2.5930130966500116
0.9254726130981744
0.6942641200584426
5.1690769004319455
3.469450813833378
0.20794586186546396
0.39021335010545777
2.4837836171402743
0.7607095156424452
0.9901290110491007
0.6294738751612312
4.778255477759425
1.1091653946653304
0.6024487151328238
1.3277270673203467
1.6112644053337901
5.5691279870386765
0.36180464517158906
1.1838924647785836
1.0805185942588176
1.3678727911046302
0.9535041233108905
2.460773352385059
0.26659581753239125
2.9073149614263514
0.06229596933500274
1.4884452499853549
2.5708473377879413
3.5291414850597165
5.289149951823424
4.762583752328374
0.09897203554419287
2.0271733608386646
0.025564442572660398
0.8559059475860696
0.3625166844922412
0.2380292958848051
0.7029869366608927
1.0058659675797266
1.9859025778816706
2.53925250039723
0.12894954089395694
5.94735131766543
0.8213230094488311
1.867924805488353
0.46574092394225025
0.6703493333233785
0.8143773290350108
2.4389851113711782
6.333381102857275
1.567641154136804
3.9219903741252686
0.2191164248483473
0.06578127346057971
0.8538919846743727
1.388000847576439
0.7151487738709087
4.452713872702199
0.7005677302825178
0.8781150769958477
2.878864664302875
0.8444391311810524
0.0788264061442418
5.400345786820511
1.1291363870331863
1.101299405080978
3.6566042361640116
0.4856844260069387
0.981212418220861
3.7804725972854785
0.11124806754007203
3.5958759332100336
1.068101637579436
1.9065127359971947
3.711237688833048
6.088521341426958
0.7127335761956405
10.627817053601555
0.5270157062481198
1.495970518726836
0.9054877277172055
3.5550165873672084
1.0446174440522566
0.1370056575473719
2.8720607280517756
0.6756661262597762
0.23088478981895955
8.501842162436803
5.896609891377114
0.047478242616715766
1.2275296724754952
6.615076870295438
0.47153949810406365
2.3131541509149693
0.3691666136066753
0.5587742933038246
0.6445425388522612
0.4519391014549542
0.1601076652175782
5.9054136982205705
0.16402271347731787
2.294177409327528
0.3938020804640516
0.4069411746617928
0.9410200694186699
0.3146445343972361
0.6051728398169754
3.341106220943109
0.23628687507425264
0.4450244483712438
0.5399159685171434
2.5999335285069574
2.650041119401207
0.13206866956908955
2.8978775417012748
1.1074745096856382
0.9010548511335376
0.8275050491461103
0.6407527807394774
0.29306605617067594
1.3061220787788903
4.549488710862107
3.139973568646432
0.4319660103348177
2.72694353393762
1.820878125091368
0.4825605261523485
4.349378974909845
0.9505084644040019
0.7787399388499453
3.4017456631191276
0.13488735687882675
0.8088441401796506
1.353146822951778
1.6590387737482346
3.8178758545305853
1.1661140389246385
0.19004648801484741
0.09473735623986937
4.220708640731386
0.6841720867651062
3.294925539913216
0.8183920635341844
0.21697309337652898
1.194581437802945
0.49675554659242593
2.712500209895416
2.339207893729536
2.129476765534119
0.030264717141587336
0.2190272878952039
0.5898977412094135
0.9964337183957249
0.3267030865006379
7.197665777396966
4.622085976517049
1.635092465300927
0.026240470575487045
0.6003622528038774
2.364923615624663
0.3793799789913588
19.372606146993846
6.894337549595565
2.5097706810859264
0.537283356378745
2.1280853051874415
6.489441419060924
1.424120272866417
1.486646497095414
4.537262891605959
0.46996524024950376
1.056878799888996
2.155815035091123
0.1938034081939553
0.5125604860041135
3.793917341286019
0.8991358413019102
6.9468607551223185
1.276388384528252
0.13386562468093297
1.9892078086210543
0.3360796005612752
1.0110152267440475
3.28620624978254
0.3446731878741014
2.0070308424098515
1.5681063961094437
0.46858964221126037
3.862655389118315
3.4497609920578673
10.308560085507242
4.079656226706244
0.04358088803669212
2.443762735992965
7.937952749154774
1.0069973418316354
2.4252361581010575
0.026391285876827743
0.3994423417882505
0.8911956643853737
0.5234592815693214
0.06932521627644998
3.6842027449991788
0.9784879496558155
0.8500871382609433
0.6251118416960056
0.9202630840787207
0.223164896365404
1.9881714225791762
5.186995500911628
2.4434237983111466
0.2258926340728934
1.477951946197867
5.249067519903979
1.0045207780061771
2.344411162802631
4.78707047302715
0.22388177535305895
1.0485833345778421
1.6091740776635812
1.0365212018324117
0.6117558626699713
2.3953036057778325
0.06807202952051368
0.7149352479596248
0.20656824839432733
4.084663546149635
2.043301279723995
0.2758831229518997
0.03522321953961317
0.034397678451472416
0.08898364300876693
8.48788926844432
2.853060055316
1.9906500080447629
2.868808392198142
0.09329493767638639
3.2458940729654517
0.168042934644865
0.275224668443962
2.2208744505560807
0.5105395400656177
1.1339404526389394
0.334162053002884
0.657590195301629
0.8555013276158389
1.8433608474365704
3.100677588829467
2.5704310738157687
2.869578409044596
0.8816426358123587
3.556324698959039
1.8488929625913504
0.7843750885504678
0.6915662473764654
1.216368557291928
2.0863223326905196
3.8868123199865035
0.8621787766277469
3.174936676390598
1.807505125736076
0.36442292634074164
0.4741716332666294
3.237363704377193
0.1329948933057274
0.4788915759272279
7.690821169663437
0.6616394916974913
0.4777894471601874
1.6779423677529088
0.3888228437104865
4.002584835432941
2.055935267819749
1.9486738832832948
0.7335412736345837
2.0410670298735085
2.2816189369759536
0.20008609277447156
0.16934614255326144
0.041209068447769164
0.0033313442033129632
0.8736144881563072
0.2875766513882879
0.24617088858139993
0.8909570583892763
1.3574021406548928
1.9890698396534277
7.314513092847648
0.3783803975019674
1.3098944075317263
0.9537662061318704
0.928257024584498
4.771918531986985
0.0225629108313018
0.8030515027754787
0.7568058828185393
4.659462351339147
0.5843373605540274
0.619079114556588
1.3427917627978205
1.8928588420230685
0.28449551586524824
1.0600954672430034
1.8403871063275394
2.624373937970985
0.8962945877032255
2.718004426684821
9.078754883534684
8.002562499438518
2.387332538479175
0.8273526635394508
2.91155977251034
0.9976545273799536
3.0458847216517473
1.380427789124985
2.352105974003221
1.246227179940719
3.023293543663045
1.992432479644086
0.7102283276134689
1.3953712474532065
1.8421416070962808
0.49646759808110774
1.598640300443707
3.860043180829481
1.4139111006281746
0.6140829519460003
1.9849051655638859
1.4572392351197148
0.5176989782458481
2.7189342264314424
0.3134452974117053
2.64819420925769
1.6117826486642008
1.735287440227856
2.473762256091527
0.465926610019489
0.8755950875698869
1.2537022937402182
2.8462632715392084
1.7374273373525007
0.4114194937412375
2.7016289880807713
1.2960215276191938
3.1016407952959275
1.5538009309656964
1.730470987718818
0.630647493664821
6.056591121436772
0.45506691936019766
2.032334777378314
0.5604499146929053
2.4600670966753424
2.166252581381465
0.268446559613913
1.0360468862735337
1.9350915947476297
1.3530052441268958
1.9724140640247372
4.860717616900968
1.8645251087453971
0.8835597109878487
5.477078281708943
0.2698480673615331
2.4551874395550066
0.2998889832814075
1.30403519079158
0.19756244255424826
0.25636634965149707
2.0049296970157284
1.465583339335703
0.401409593505424
2.7910605392667542
0.7839578349140002
1.8497325423368651
3.458567166753718
1.6852373191991514
3.1607957736915524
2.140861260339537
2.0767683198213818
0.2717643778412576
0.12177512308613396
1.793131497361795
2.3363322990805377
3.9182317050992306
1.4081386453436289
0.36449805919828476
5.0825635618351
4.35605243657155
1.6628641981826502
2.3507901742442665
2.5555713140193856
0.3554012610435013
1.602379072685024
3.202027135285896
1.599970469824874
1.9746949094074686
3.1866754865429856
0.0361708040072925
2.545986254108414
5.196193200771723
2.283555058171799
2.424627815200664
0.8406119642443934
1.7583992772341646
15.398250649849134
2.864327749970511
2.1045169473583143
8.392579893637235
0.06011591616462428
0.2326740991463854
1.043198442918163
0.3779504113839784
1.6067450014949767
1.1210376560363051
3.327171953557765
0.6965540415210859
0.5252183358026878
1.835670708879884
0.4330223901508866
0.9708240896634758
1.0584451621750202
0.08192616351927766
4.087959371303032
2.649703597364499
1.8214979490915273
0.9358970425358782
0.009512033244803209
1.029692393279366
3.1382527752586267
0.8146969053608493
1.6935616040223742
6.902306498157734
2.1612240177980047
2.222381791825495
0.7805965422686403
2.1342174703288523
1.2676579947002073
2.154429595054073
1.7906121463342113
0.7257938768338066
5.768034077734174
0.8298157318139167
0.28379632560118573
1.58318763180133
0.5548578975091171
2.3089265945209845
2.2360761674701197
1.704167974687493
4.547312543577691
2.3157488468246026
1.6662325667540165
0.1573587783481685
2.2682445239224838
2.7675094135785883
8.309901599635355
0.3314080372745942
0.13225517131332173
2.041114084612289
3.9531727073933998
0.9714261972936885
0.09455627130586726
2.105636386748804
1.6383018790150183
3.2605996037729805
1.9171046668390774
0.8237420410647145
0.10474707454563381
3.1428435683142144
3.167637110152027
0.20631464700497415
1.0115748236633857
1.2690681397139991
4.495742965880221
0.35311362934188734
3.6982706158885392
5.77055000928965
0.9577769890513325
0.794731113285878
5.654755796476302
0.5249981777016177
2.1138103470684584
0.9231592508963756
1.2002859261736185
4.219480477499225
1.3141945867042946
3.3257602242436572
5.4935299885000415
5.051213830051038
4.271864994992497
1.3136311405009962
3.149398949017171
3.2486082117054336
1.3775420328333319
2.7534410642032214
2.7830991051611194
0.15746297964439498
5.151315238524674
0.7278710157267425
4.721498708211648
0.42001941349218513
7.515897282644043
0.27175950585438363
1.5326291857634122
1.0717126491445683
0.5139014240830687
0.43476718223567895
0.48868957288928844
4.438780602574688
1.0984658139757992
1.6760558305896338
0.8945625839620591
0.4289808126477882
2.9613136437926197
1.5784764110068692
2.018035748807929
0.9327286243088709
0.7492226295889646
7.6475966628401615
0.20606671894344816
0.557787323339627
0.21726788443795167
2.4737634205025967
4.104455929059761
1.5386003696889166
0.1298658541769205
0.5289546724836457
1.7926646763130842
0.17784501787441143
5.621240938911274
6.582884717442554
4.913205887676463
1.3551568129140017
0.3521089714576691
2.349542020862411
5.539108623539867
1.5129874493583535
3.444846919284129
1.1694120616025008
5.6687117214275045
11.824577329017067
0.09026003108294434
2.3620229348795228
2.7458537045058176
0.3767833134925953
0.06949916782821726
0.005075726723504602
0.20564458451444953
1.5605137425993931
1.3160340754820383
0.00843275603904125
0.32347814482594417
0.8322903024355586
0.7745644610793528
7.511749001204721
2.957975543982819
1.2555619453141809
2.1397971311091935
8.559268314017316
2.552853553683442
1.3581774348010742
1.8647455890422655
1.0387024013100847
2.9941885867814877
0.09714873785416826
4.912716809415673
0.6931625061359982
2.8394946888754626
0.13441639478606837
2.345565915039642
1.1150653217860713
0.32254634972389185
0.13567181838819795
0.98933973775235
1.2252954970935268
1.0461932645611518
2.2321515717846054
1.2999602623860596
6.290777388904064
0.3850318747354398
0.5150833678408778
0.6207919304555434
0.37030096626480785
2.209305605781277
0.4696047976283472
1.6627761628197466
8.64033490223784
2.6854602800611436
0.25874156558974554
3.7927953227095155
2.0702180602931364
0.21437275197964123
2.386767291731813
1.1222501032770458
1.2135882217337985
0.5077487303361965
2.1920869077009573
1.7085615004034882
0.1098653912695651
0.6662909698556692
2.3949409117827973
0.1753943498234338
0.35519678925724907
1.1574793992821786
0.8604479899271804
1.2947870195485731
0.4737446822370908
0.4858806907320098
2.2986294333214503
1.2010897647973995
0.6433195587087479
0.27322068449482545
0.7249230420410415
0.37654309203119335
0.11872539578637893
3.0354634883415135
1.713931412366138
2.4080874014925735
4.137902521262769
7.513193704510107
0.28142422351544183
5.901133715975773
0.9813121960150367
2.1282770851367143
1.7313783973212016
1.7354257579153043
5.585681536724856
5.7234202062317685
1.727669710505666
0.7209281761383308
1.5337979254734335
3.916707991536687
1.9178411926348267
4.0459670833094386
1.6772522705781454
0.5900008355211792
3.7877489774152475
2.822737071543447
4.937688631966182
0.07103892117270162
5.722257859160102
2.397393788105484
1.1100181331269523
0.5189621958892459
1.7907089208470806
3.208281468508974
3.769454032401276
1.8322911204612615
3.409857675038343
0.28842701116932684
0.5455123253522471
2.1001861065241036
2.0999637434415312
2.352261031385295
2.5791940446240598
1.7512760796963571
0.4497181668212575
0.19071409848344348
0.8963960295598877
6.137028908922324
3.9495012792101054
0.7380086369809364
2.2417993729594117
0.40259011070983686
1.2669439905771862
1.4311772164647192
4.759858646728616
0.8995959768245946
0.5517907754173833
1.084603185253733
2.397819464779994
2.831132486248904
1.6377351041517694
4.168168696488797
5.590454708093958
10.781586025624666
0.6151208601483344
2.1436464111366362
9.699510603448058
7.4558784404748515
3.803631024174958
0.7947790596721674
1.2163507291406956
0.844985262573424
4.496908945168796
1.1409875842594392
0.17650433886576655
0.11470356865414978
2.93456651253404
0.6228140182529015
7.3108665900245
0.22146229500117665
5.293578240759888
0.1401165263809246
1.1483237531971666
2.0226893832833954
1.0292997069417904
2.154099062000537
2.2366306994679657
0.6522161906899685
2.3126575375446206
0.2155480932628705
7.377393831831829
2.4977535126485257
2.474779292690339
5.299143487186876
1.3587284021932347
2.352759221814202
0.2616732962201105
0.4265831087166453
4.048482592542106
0.19971412923760976
1.7873738134213542
0.8943696263042035
0.4305563098410538
0.7042267971685107
0.6485931995412831
1.265138912656464
0.2925829839228498
0.22707525855984675
4.5630321285077695
5.23120500115497
0.009343795321048223
0.32399386386625567
2.4923032424992053
2.324058420481204
8.588020457325598
2.7789274949479745
0.30769625834547826
1.5810220843761256
4.587619032765784
2.574554626711417
0.43501440298681604
0.02764721806347845
0.6285937782072476
0.63859567325805
1.8236089889471043
1.2181644901753383
0.5871620149245561
0.08751058752154468
0.7170283325469649
1.0871527549314586
0.4720332675263535
0.8911480154303186
2.7828424688277256
0.26198574119904444
0.09876998907128393
0.6183702850262099
0.8784559812517959
4.441410414274058
1.730722101980488
0.7909962795684845
6.632491796289495
0.19907885192612956
2.236622529453982
4.056654466576391
0.7158236895050079
0.2995594203978243
1.0843728173081308
1.0141886067772814
0.7533751810568846
0.3128768101563066
0.2182507099617839
0.23177514322703693
0.9503821254396647
0.8634357380391453
7.627569580602766
3.8070401838458943
5.430905060314252
4.650945532091276
0.5255766300800697
10.33702688252793
0.968580664176709
0.03738183973267298
1.2872899976037706
0.9349838074423333
7.579170091872987
1.971814503689982
5.678426204595748
3.36830161830112
0.4798999016617797
1.3250875717474306
1.8488523673103066
0.7077585262796514
2.066846581868843
0.4788839821926163
3.128412868867833
4.380719232240416
0.05229714300258352
9.377321773607747
0.8335243653449488
2.3139636836195137
1.1128760042533583
0.42480666898619335
2.1461494447770733
0.3434554885103101
1.1330590755005066
0.5291823201664013
4.514057572967666
0.0881031367840652
0.6006070356088351
4.324438416369505
2.5622191146329736
0.32350208473681846
1.9072460660480768
0.21559698726980045
2.7088242455688136
0.7405175914617721
1.1768415055225194
0.4782622874412213
4.712752654986571
0.754856171423778
2.4341909287631704
0.38667303200339204
2.8296073254343193
0.8128474075764296
0.6105702918989038
2.1075825306909706
1.0349137037571514
0.5826446659976139
0.14209953953044474
6.129281405852261
3.244020447277294
0.4720431920203436
4.119467515802094
0.3485323235239646
8.678487704514508
1.270480982249594
0.5429560518061347
3.3733598980454724
0.8027700833054422
3.4710387403069594
0.7002387763379292
4.612990244769033
0.3903324873765633
0.7141452196517445
0.42013071214950354
1.2702142766086952
1.1640613376322506
0.5958521817203363
0.7721464924315538
1.8623117568612724
0.8614620150605377
3.6687686060641416
1.0295392666833512
0.7063116608672467
3.1764290762411043
2.9599986640996003
0.6521373570443606
2.786189166697829
1.8999019702369229
0.0164681598903226
1.3793486760336955
4.1029417024129575
0.4297452738364911
0.028502673017110628
2.293724402624799
1.1873593185618663
1.0648123362422557
1.1637505039501432
4.002851279975716
4.871514521089145
1.8273256702141114
1.0204297423129605
4.478226167884794
3.1226083433250698
0.26580115288673895
2.276389367971787
2.04799107594385
0.1504659772804798
0.2520356954671339
10.051589516430411
0.37606996983763175
1.3029171966565425
1.9594799241678587
1.5043747891653791
3.4783676860612576
0.7437211653987343
1.4574327189260936
3.8523072164956673
0.8478132362595628
3.2231729947011893
3.01858378865596
0.7780351744447924
2.6843822159629056
2.3611817217165734
3.81515257065785
1.417097338372156
2.4716104037417317
0.8464412549253938
0.20186739049159505
0.24098721986490743
1.1223210473834524
0.13590410518684337
0.3779700714413303
0.7358151635497246
10.015128917857627
2.6637758791717205
1.2380458201762705
0.5803985963256334
2.726533011071073
2.656180983134248
3.091493011938693
2.7525902338010626
2.3946963858344206
1.1311517685482264
1.8202466574121443
1.312067955540403
0.23878706387777549
3.713615539892512
0.5701852904326381
4.38096615497906
2.106673460152924
0.6818515844663292
1.3402358979427742
4.7457296407988725
4.535711980512892
2.9108087331110655
0.5770246775572754
1.8031986639763056
1.266150585805011
1.6534375776408918
6.955880276448092
0.6048596982118004
1.3959605430053184
1.7962156030309737
2.749479021777806
0.9449810940752836
0.5442856750999889
0.023376108470230247
0.8934613072696936
3.0908813319026547
0.48889718103265467
7.324828460372024
2.6696714531457526
7.7050600193037795
2.061553633472069
1.470395474059793
4.2073552914589465
0.11930846261547319
0.2857718535190068
0.8144108444530501
1.9664349560588634
6.489698852218149
0.23895698289047643
1.8638737222733257
0.2054543239971354
0.5266475071889188
8.209081939684607
9.56776563505671
0.5883655209396704
0.17342998722546946
3.5691985070045757
1.6047959398903344
0.2417260575018379
8.214015175886885
5.520291807124656
5.92359789401125
0.5392406735240569
0.8506577104142008
5.16546795694128
5.76978091925253
0.5883292393910506
0.7182209450281808
0.13283430772836907
6.955701674456997
0.09190429232132888
4.597186163755255
2.3507745770029227
1.2742727850913635
1.846755761672978
0.3632818220301434
0.8885502365803862
0.13392928439697838
2.037433210299978
2.6784301952348466
1.2916985814337822
0.7307105005696444
5.64719212135491
0.3255403134739119
0.06897681655841528
5.078085401385654
2.04332258906083
2.8843832365594704
1.911628930480687
2.7964645634493994
0.011733287919158565
0.03298712592344294
0.06056426274863008
0.5966702393812693
1.8719999716731037
1.5013027690118532
0.8907254524202985
2.392283670222325
1.8934047895312238
0.7321016421762292
0.7248846164240729
2.436744320154353
0.01703507928023027
6.497224207202451
4.429122953549147
2.2418956906757477
2.101313805935555
0.5983310746599104
1.0320806261370257
0.4097524936061003
0.6614632689584653
2.85583059613326
0.5606288502373049
1.1759986799630164
0.5274296937671445
2.4467479549427145
0.1637225379914298
2.075541324529183
0.5823609462614695
3.5861107905129157
1.9364168107535786
6.17623080142635
6.8978328267861215
4.066606786553613
1.116835188780049
5.948765142887218
2.141597188334997
0.3649522459133324
0.5250438004259452
0.9314791021837477
2.617858461349027
1.252749473970929
0.08587083080299812
5.038511720854898
0.7621775179680325
1.8012381295502744
0.5629204261928205
3.6475529828552076
8.326949360668348
1.6807803648860904
2.566957507026135
0.017997067475591218
1.1881749908549482
0.15948190506352503
0.23546663518275585
0.5570908616906052
1.361772013226055
3.9725060455227745
1.4559722333709784
1.6560184597029748
0.7679539746331195
2.0453296297704173
3.523292510083025
0.8845811913875885
0.03488675970274368
1.3951879009965373
0.37139967065381396
0.8130941387051428
0.029556148848041728
0.21505762673361825
1.011034948632263
0.4714873634792392
3.02846553756393
0.16588142668484449
1.5015106445644368
2.531247024436702
2.6671333503246544
1.6927079993573593
14.518073810179379
0.13753327931600764
1.4006921696565908
1.386339652735524
0.4723128740051009
0.6683520510776281
0.8091664105415753
1.923382290208646
1.0391724647620242
0.017587375936209446
0.6690996588320498
0.0677567931038357
0.8548172075653052
1.9765401433717404
1.4670674636304364
1.9609593584444769
2.4481277237994052
2.423240895941598
0.2299025351164604
5.152287705115949
1.0240455464489897
4.972325412442267
2.100017604059337
1.0741213210157343
0.45554476321493936
6.876045162822283
2.942171135241266
1.939353135045447
0.05224107824941425
0.041086679432000006
2.1652044114753926
3.5778725582771966
0.3183206970264771
0.5254182459515792
1.1530960671131734
2.2617491655489346
1.842687727164653
2.119781304366227
2.091476753606628
4.734877461057333
1.7938054772522107
4.643136576979615
4.186220659051516
1.89232882804751
3.078768274137043
0.27029847061822526
2.687289124219441
3.4088943785778767
3.4623979675628416
0.4070583554672254
4.6245742364183275
1.2057423912722902
0.33490058923888255
0.3477641896372847
2.159579574732983
11.636696038719748
0.8392201349373722
1.2937282607189606
1.1672787638354534
0.9174908007696576
4.169054440090594
2.0338421353811964
1.1674083338565386
1.6767099241981196
0.44910370767491165
1.3007926191802848
0.2801340102167873
3.262503917566011
5.603889273193187
2.647051834495647
3.159460925880706
3.437681008409711
3.016454401012267
2.3999980576876463
8.17364703922406
0.41369773620725037
1.1571781164048647
2.615378703138107
1.2098725640052665
0.09021195231050529
1.4571302175228071
4.008377149396486
0.08554379889903921
6.929965567911835
2.3249167236270356
2.0707724441343918
2.0687621890460006
3.2024271957275636
0.3016419013024475
0.3200852562432502
3.9759681787879826
0.8502435481004837
0.5101768736603339
1.480756643363538
0.07997770900566936
9.852832856956336
0.3202458427734231
0.7011507546496224
0.5151865879438448
0.7149602997656889
0.9015654944995282
1.4111014159873854
3.307121264094811
1.0142178421898649
0.6162266835189736
4.06374607790395
3.9911019807644887
2.1075964887155836
0.1945850983272041
1.2031130808854473
3.064320265866249
0.5848410623233182
3.556147292855089
0.8356649724845722
0.062312805549240194
4.177540113060511
0.6052735686089327
1.1313188608042413
0.3521246422382792
0.7172307038887418
1.3248559252794911
2.4732154535853805
0.033400872733676694
1.2436003158533362
3.6778809190417707
1.1883210039483043
5.1624276807288325
1.19259646457111
6.143343449930082
1.34193491756545
1.8645892335229812
0.31392344055406013
1.779305448243298
2.3108874246420363
2.318982612591027
4.701189878578581
0.05608704693279682
3.016822076817434
0.10256153962999255
2.568412897291624
6.308205000057689
0.9159900951663159
2.8430610949942032
0.43687938629060535
1.5772654211167907
1.9605865494377774
3.1623431276189256
1.6064526249948117
0.9237173561965145
2.095705073252672
5.313017568268895
1.7586712832763722
0.629133623837388
4.297555143589533
1.6819429490092184
1.1530317277902382
1.7501719584384499
0.5326113150443994
1.6749392300082615
0.11391821942980147
0.7892555943891982
1.4939701468282178
0.45024476287704385
0.7396010063099459
2.1169243110174025
0.2996145435758816
0.21677613125689243
0.12346592268072742
0.6346202271401035
1.760481967159861
0.9031566861064678
0.5331309420095288
0.10026632943820118
3.005755020200853
1.6488621207280612
0.5379881065644169
0.8588770232150533
2.336503532645703
0.18968579753464093
5.402933274445939
0.29059166704225375
4.198039354227764
2.15581426604703
1.4079502602677423
1.394871902269352
0.8205384169314373
1.5911110911550728
3.4681700557565613
1.8490602567326704
1.0200855112402933
3.2151043097001972
4.278484922833736
3.1464286657489464
4.6680031422640385
0.2166155146299455
1.837549042852684
0.606272101455974
2.613576965156603
0.1760989962712897
0.16542231036101016
1.959337772862746
0.7018141857226533
1.6436200456485301
5.854092004761757
2.4755104252797913
0.9924985926210307
3.227104791019269
2.822589841045541
4.645761537317389
0.6894984197381723
3.44616022007444
1.714255114658539
0.2924607233185066
2.0253796290497585
6.562075194398258
1.098177696248612
0.20477038908115933
2.183642104756497
2.160736041430984
1.1686775439218877
1.447519280749376
3.5629347855623092
3.7449639336944327
0.4176591744635075
1.6829268167683606
1.103996432313566
1.981617668388176
2.8884998508220625
5.103129088104429
5.5512440230842355
0.2180642345730689
0.47781041763955706
1.614773628570079
0.5314283046714262
1.4142396805509585
0.8944850485448483
0.6082886686159474
1.7710170445393203
2.298291284058889
1.2336828003993079
2.991006814891667
0.6696542411364654
0.4034672261200789
1.4294802065807453
0.6159430833535875
1.9531964884561994
1.935704265683333
0.4010117490455817
2.1473939159369966
0.2143919249826975
0.2413690418688791
2.5575786520933765
2.916417963555859
0.535847544120918
3.3367269234904455
1.506894682642004
4.087250757944741
0.3040306516482674
1.145676385388155
3.167689175759478
2.9510022468679744
1.8379940585878614
0.6867339040661457
2.5927022759605807
0.12948065610992374
2.71392861711991
1.0254616052574907
0.8775951522986093
2.7343606771861118
0.44310999215196334
1.2397306543868782
1.386718204216944
1.8482257879317854
0.5431779676816039
0.8694923861149378
1.1420536080200105
3.5072141615474153
4.123762252221198
0.3088996384923396
0.7316571126879552
2.073599284459583
1.1708408324419406
1.1303241385045304
5.275362878099702
0.34579674978280034
3.002010547650369
0.636293553341269
7.781578018948484
0.02812393310872935
1.1515695388245373
1.3044437618287001
1.7321077362753037
0.4027736882493968
1.5970884479715344
0.8315669408523432
0.024471280531835712
1.5686601245855043
0.28944405041270915
0.15570684009023986
3.161007903577104
3.4806509694119425
0.809859060374815
3.926339132499166
1.0417328878742087
0.032767480030679565
0.4325552682905806
0.2598467043641265
0.8879650090284995
0.25573167619751336
0.4718506547097992
2.0330535924307407
2.2546405739458892
0.5533469865477904
0.5187425164833213
1.0531962097643222
1.032580006955511
2.691041321153883
0.19305162728352074
1.7199780446053363
0.1905457791738478
1.276392677060442
0.47483244691711396
4.1254609517046354
0.6168514622102514
1.191432801364875
3.308447885689345
0.1346675294151568
0.8863427026168703
0.07078997058930428
0.3301855602336437
0.30110451402524985
1.4175463621858262
0.9520606007445388
3.5994431732914767
0.1887752802273345
1.2693287037026226
0.26238333399514435
2.4775602211750867
1.628617932092453
0.027077662547414283
1.3408276415160425
5.148668537602729
0.21213180596627906
1.063573494840361
0.9358406854204043
0.9004868895825974
0.9917171897841296
1.4435530089564759
2.7026467762506603
3.6505922845363767
3.5681456123079625
6.294231922383374
1.3030753977136735
1.8767994006098077
0.2986128241027138
0.2406558696324594
0.35012416313387823
0.09168408459710761
0.18232253180594274
3.06734132913062
1.262163281335985
5.814006556774624
0.3853135872267492
0.5446424642492846
2.9621192220159136
2.2388463769902467
2.8498070153100348
0.7184957853319025
0.4611486409244684
3.774945091874752
2.855901034284712
1.6923139292906129
3.446506991955887
2.101579217389969
0.511054292901624
5.000891166831672
1.0733743791103612
0.003973225998916801
0.4211020616180087
3.231317697481851
0.06541094741710879
3.316872445468658
4.877269235025266
8.996289844664682
0.1126872036694686
0.536224365487309
1.2705912746501167
2.186146438912416
4.712915152444006
4.218380298003526
3.857261375982734
2.8550672636016667
0.9747931080865018
1.460885059218109
0.00840924250686554
0.08644546330269001
4.8139818179620395
0.8286949329892822
0.20419732909987875
0.3825131618247449
3.7799831577157046
5.253801898886523
8.972893824693942
0.15520606964164219
0.08436803034043489
0.3247271333821456
0.06957054334138368
2.080848682767065
2.2769584603745616
3.8806266174043684
1.7484817725670543
0.29558296670196116
0.017563273387726494
0.22645249395186903
3.8889806419172306
0.045843944673694806
3.80037085334415
0.6945831852524872
4.190945218950693
2.5970824887538977
2.745768261587668
2.491739682978974
5.26340050379785
0.04648597544943513
2.3913579149951234
6.287378679702537
4.919029162801977
1.0852358078575681
0.427425811470084
1.1221100503321877
2.488569371468734
5.888085964722992
3.977082972929391
2.3929034635319963
0.9665088264137883
7.923451512569217
3.060087109582946
2.7963379476203514
16.437257213143983
5.067881430935942
0.478216782082249
1.7583353206354433
1.514755444205756
2.2524170617994623
0.17942403486605962
3.797097258247265
2.188757376588054
1.813156085035767
0.3698278342443386
0.5674674736382089
2.479358302332379
3.044189346148359
2.9817795391181963
0.07824575477672482
1.2723200344097443
0.22201227901080778
3.6928289465146613
5.050684325440634
7.312359887815254
0.2592614664878326
0.5384071275259906
1.063317005872191
0.8163053576831725
0.9905289064943821
0.9000852379279566
2.659308707043116
1.3327543576770005
0.32463062514156743
4.523008337261015
0.7640743852875028
0.9434893879921683
0.9509613484340153
9.13305004658536
2.763875835141161
1.1198085444276933
3.6737281615112427
6.362564568898828
1.479415114728888
2.6062964235501895
1.961662963774104
5.683851260334503
1.318686711435705
1.5399037129760353
7.406213153005857
0.5202897717130316
2.5234737319426666
0.469677788370109
3.83138044030649
0.703644776774845
0.3664452856177378
0.18000742734366318
1.2597472299432668
2.420658981931063
0.28033637317499605
2.205750038754619
2.2453386018550643
5.564082386718854
2.2608888734957553
1.6020813191428862
1.236832139951091
4.515945430613475
1.3506306997818944
4.5154303506932125
0.7414977105884921
4.79848848345012
0.5959322969891855
0.12432603147380346
5.311227489950153
0.24444086217491884
0.8166247915638669
2.4986774313410054
5.241907352769636
0.4786267070817153
1.088886318921836
0.6721800523606052
6.396625023703935
4.156470616248502
0.4089558252743771
0.7105004344661667
3.577853118889762
0.8167066700474255
0.16808837980035043
10.146360411922965
0.3261589045658793
1.4740227108751256
0.7272208383038989
2.1870671921968197
0.106807472276711
0.8701286308003473
2.1447959874387
0.36431131444899595
1.7636656109625928
6.1087537864557495
2.031965927498351
1.6336341882795717
0.03745231512648783
0.1566385330257603
4.592910433116664
1.137348798251715
1.8852352733884674
0.13191712104848113
1.2111834967028752
3.6583487679564364
0.423558032886737
0.3384008136209765
2.288755645049115
1.690848179720216
1.6422776013666829
1.3710569215162163
0.1791554530671142
0.1779569348856723
0.9259926774654624
0.42080871666078556
0.20583888572789236
0.1585459810413424
3.5811829730310065
7.875966988742586
1.1259380229644917
1.3604117985228206
0.011838128878262385
0.7942855401216499
11.040115757028847
5.482289567336357
0.25017032515891946
1.5346908248597275
0.5288213936455144
1.2902842550432063
2.095750821059866
1.0682101058042268
0.40566760923159073
0.5988239887633677
1.7896245883640063
2.0449358965637336
3.733460324904667
0.8904907606991177
4.648029673864965
0.14093538707352432
3.947148244429257
1.953935588087958
2.6701585779227774
0.3527824176924346
1.9581192327984216
6.845004421891637
1.6616400804204026
0.381400896971605
0.45588227018041877
0.4938647061591123
0.17442654052467524
0.8139691559367936
4.708724151404972
2.8667588540953077
0.16911971014431404
2.9418725842207056
0.4340333587227149
5.309978738388296
1.5380982935254581
2.8051759887445122
1.9567712304161649
0.46726129283589546
0.34595714182124115
4.047984802232422
0.6690392028882819
4.769109141924738
1.39222174148884
3.103088462206541
0.5345343130951083
1.503148924240787
0.2753781915137039
2.9107747409406204
0.18116209088124366
0.09119238875202
0.9821737626648072
0.9246022980044116
0.3433858995857914
1.2668855454684858
1.3915933568515382
4.832639376006977
0.9356476140478878
1.2468663208345183
0.16718554046599116
5.0612212022202545
4.0595095506449
3.0656707529799614
0.5758370750023499
0.7945486496707189
8.183232246961783
2.822402951106613
5.375584058347348
0.505070612551088
7.0094235138219485
1.1684072340343592
2.8737794171734263
3.06800964780224
1.3902272422734705
4.143003805514988
0.24183968709833975
2.7343206366782535
2.518764482062073
1.657774562618461
0.30667476783222963
8.979648665128684
1.2668968212590344
1.349598742784084
0.9029228446121661
4.4168951238913134
0.1913182503037944
0.8305277856667431
4.768119959629095
0.14870430365232506
0.42078021087687967
0.4705273025754158
0.9882857848668283
1.2832472927980318
1.546158609350298
2.865744480402697
0.017406517888812506
7.889011489887626
0.04906583913700881
0.6226491192534602
1.0885931333058492
4.860776548605633
0.32170830017846647
5.832142298258386
2.6913173045210965
2.7954912366085303
0.4972722846814762
0.7306361885031447
0.6573455577235984
1.3143283392864251
0.5036617204431124
0.41342618654909025
3.086548550152856
2.9266504906600286
0.35664944384637304
1.5466327044077774
1.8171549308742194
3.989987676066634
2.0813390639586515
0.48821126263521775
1.5988922666245944
1.563334406191603
1.1508670178147427
3.677706409624645
1.551453904016234
2.7461583651094457
0.6587610921548079
0.8553370204372481
0.19253510140908453
3.7335497348613282
3.7542825332260956
3.9893532687008193
2.424291589274795
6.611003085225278
1.2619515275556887
0.007822523183346078
0.1192470293104946
1.0817539596732504
0.7150107218596281
1.5394116911587181
0.834922964261081
0.42532153175878623
0.8817994782686436
0.14243368761366382
2.093995166291644
1.9538505351938167
1.0908073905390518
1.8723626246196783
0.6957634890149802
4.904421534768567
2.0352220565953036
2.2715346401745826
2.33665775709033
4.3098495922560405
0.935940500100689
3.754157530963955
0.04962208337491765
1.0673211180421451
0.5074471704792839
1.9134302579617564
1.8104836483095008
0.33303347546393414
0.526042738242328
2.4628703245221946
4.940308346131101
1.5602170221589642
3.5626670219647436
3.019814956473751
0.5430501533346414
0.10821793301465456
0.4204034505700328
1.799396221579636
2.1759657562418853
0.22187090389637493
3.654302519745958
1.156680976772579
1.226377598951224
6.078796093657204
0.0399543895777623
0.7369131119233437
1.4847166465530703
1.8509499321068437
2.0375259951198146
2.079863902440536
5.55372900173702
0.6975361621596041
2.7048324897387412
3.287146417411213
1.4066514697198282
4.043078372795333
2.6058288817534643
0.6661799055363317
4.564659236275689
0.7601144568337326
0.08558281331348877
2.072235038769322
3.472640932878119
7.5182432369387415
6.3330682063386785
0.12950974864689027
0.7405638606542037
2.3282923246668448
0.4296094861267427
1.3957585570367084
1.9225136045956572
1.834968180726004
3.4357605195715717
3.601771652079971
3.555634563546547
0.4317762903166911
2.908178714081796
0.08402439095337585
1.6886286992198274
1.878049604335226
5.713635403141607
1.0057218564353487
1.3884221897640863
3.9971519804184257
3.8483229092710927
0.6212261540567006
1.6478108105282616
3.5202645219429987
1.2229920628352193
4.054538324818107
0.31787921670839947
0.5693546825472169
5.982078145930055
1.0679408543070732
0.2815006826932363
2.270042228991963
0.08617401187505125
1.0928748442058525
1.4238370155357258
1.599889003409015
2.2720846615017924
0.030630096515242105
0.5945543310705393
4.845506740494764
0.938247687644728
0.36929890347209576
2.3151565399789567
0.29087945648619257
4.070944551028267
3.4886830685443293
0.48884224234920576
1.7592252474984675
2.4212621509022805
1.3080148788843717
4.452693582601861
1.3620570908131586
2.1607608719426508
3.650838238252519
0.1382478698256771
0.23429126590611954
0.3937263818948722
0.3368388246885479
0.22385918361062934
1.1223508051854592
10.374448257812599
0.23595570438069913
2.0332982716422445
2.4364263443950485
0.7314824826775117
0.7031679248598817
0.996605863460603
1.0188220816931242
0.848982616488025
4.817378992905955
0.34617540875166414
3.047451975524844
7.051377577029831
1.150550563527767
3.4710048619639933
1.0026953822450568
4.346429782450366
0.2660358705733891
0.9160560608050395
0.6217785510189687
0.6951263854016232
2.3482688134576506
3.204722032582324
2.590435237415661
1.6175361895421496
0.381596637343206
1.2404432808322718
2.2479484342103615
3.895896855792003
2.522948141941524
4.359105904715501
0.8742790420020328
1.1089920651925724
0.1249227783541073
3.4611287792085417
0.15513830569830053
2.0727010549270215
1.0729950726650928
2.351069769097134
1.4712618973690788
0.8893662211722332
1.2597208506047015
0.21987676244110665
1.607650619352236
0.17145519240947574
0.11080924237223912
1.7132499424604983
0.09602659002689626
0.9546900115277583
1.5268779353095812
1.1603884290097177
0.6585201726655947
1.0554850155818771
0.13090128739206588
0.23476518341869818
0.2441033311806562
0.016440844492505317
0.19130283188079422
0.9674739820337772
8.501205575152554
0.014831791643207377
1.6639995837033363
0.5673558211104843
0.12943741235283135
0.9063577475598396
2.5481252883563235
0.04583190318277497
3.6897112206067737
0.9402139520665056
0.27244275650752636
6.618690129718942
2.5475776342638436
4.661159177955787
1.0440109979019827
1.0307572522812487
0.276265553293439
1.2036713734919409
1.8509998664494878
1.703867670198874
2.6892059502916696
0.18246809575037815
1.640000991462277
5.591071107389441
1.703394400420323
0.5462632634528348
0.33612606850721705
0.45007492303455815
1.194288646631719
1.6949130989051662
0.9912490155233077
1.858711198147974
0.7738564350792853
0.7037741213802413
0.0456170021767709
2.276872269145926
0.4273088581095031
0.7029085225103882
2.6111588404012354
1.1956789160574892
0.11268007951212292
7.296159557288683
0.014052430908018602
3.3739610560416944
4.717424490164103
0.768101891708226
3.1113463961486763
2.933105649428477
0.8938119462005025
3.6437601156957715
0.28348761224067154
0.280368232344414
0.9949053173655856
4.658115511552149
0.8135228512063204
0.9429275668437955
0.599787300655977
2.87856761998414
0.23464037828008608
0.8917174482407012
0.40510188146902537
0.3792831051046447
0.45486550347972987
3.7070288852537954
2.593060268823401
2.657117785448088
0.6423718032596533
3.4191578860653444
0.19179938017595288
6.052984220282619
4.824712050753427
0.018998367793737404
0.4202604993341645
3.8106917726988176
1.6748310574920784
2.660675934087298
0.29762648010070514
6.751557700569876
1.390748091706474
2.670346171003365
5.9843505942784985
0.07384004108080788
0.38951507702646265
0.07027565325394337
0.3425830433073927
0.17516222581346846
0.6776621928056891
1.3351768130957744
3.9040416592751326
0.3130990519013685
0.24590533664533262
4.9718363957928196
0.24533034174777066
2.3316699479590484
0.5879965581431496
2.589084436155647
1.3034875883317567
1.7377440187082736
2.428652161552183
5.8120338084796215
0.06247083402125934
5.92673590838914
1.3170110016260193
1.5279311736253385
0.1825222836273153
1.2756396923162163
4.764459298294166
1.0590542923368977
0.5096699661111623
6.378656776064475
1.3915150264991578
0.30242352556386587
1.0753345966683585
1.3417776197111975
3.8379359773197868
2.2049687193089467
0.17990749333122205
5.685597117699311
2.8344319879662856
1.6703836790552644
0.1368678402123189
0.7682380952424029
4.360499829623198
0.7721402627946228
1.5130816438987944
1.2233562794675668
0.29017748822576234
1.3598939544970607
5.861264182549438
0.23607692865283178
1.7042731648802905
8.289609257214382
1.670250388796533
2.195399311533163
1.385939312862657
5.500477352544068
0.46390950452742263
0.5870533094730911
0.09216512487021522
2.6323963586178336
4.3633466239285825
0.7681085234738805
0.28563458324414975
3.580658362585269
1.5644237071268632
1.884442366131539
0.4837844659450543
0.17159420980866155
0.012850105243509227
2.3993694861540216
4.862754607360049
0.8915650592849742
0.19670466968859657
2.7817453869242326
0.21206913101873212
1.0882789203688148
3.460648761370084
2.087787666452465
0.4193680426401288
0.7510886893693135
1.2568879088913012
2.997894127589161
1.40673159544838
1.7238198576765305
1.5097325881544423
2.525446262601453
1.6021067531438808
1.384557816124598
9.284288234061801
5.568628583317541
0.8681346602929905
0.10685425256051159
0.17922506702649418
0.19129671442947516
0.07176374809350758
0.7925166683081463
2.650190397833906
3.6974684111731184
1.7626151513420578
2.230865847793377
0.20950847041963125
2.4505786827822855
2.0022866911400157
1.5685920793293617
0.9308922725260962
1.1411745071086972
0.9132580008708386
0.6108841128766698
5.455613499318711
5.426936512218775
1.7850764409336475
0.023378355908025145
2.1496700797621697
1.8756005652011294
0.4391390248787079
3.874289985164126
0.07505749531072707
0.40119243152866046
1.8598542122039963
1.8551758902913837
2.233674316160545
2.3755277478814536
0.7446971576977117
0.5422173720767652
0.34411446174502786
1.1240954502035956
3.3296040196132597
5.7862244922281985
3.036200310980008
0.7286570903772592
2.434424136296085
0.2260953845499959
0.7713243075023171
4.797500387221861
10.558299017101799
1.5258871720599363
0.07898258410465964
2.0472043066040047
1.4286560458539657
0.48648520384358
0.5114084214573119
0.11329056636790047
4.207894323456227
0.19071629192556336
0.9925241305888163
0.08605592702498302
1.1155625545085999
3.2969185431320502
4.05784512093223
2.047267311985733
0.3448187825178228
0.530203101223456
0.10269534333274072
0.27399133596235314
3.9493234237825092
2.2048804305491116
3.2600787879861333
1.5232946505509997
3.7280410206816774
3.537776299370457
1.3058669070693032
0.7969913166859297
1.7545141659838555
0.8370626409133046
4.8262423286348035
1.2525909722938693
3.311492761348088
1.371764547209749
5.028312297724697
1.0213601592920791
3.7457108812192557
1.75671121802638
2.1160341957035818
0.6234172945880876
0.7527870407072804
1.3724087663552464
1.845047047518015
1.1482766256888164
1.7617545128379948
0.4137367162077719
1.497823018998024
0.29794768889352174
6.35351076113422
1.332533925236204
0.24234197474138647
1.7447386861916856
4.86260974194399
6.821143331874211
0.8879255006607246
4.957574443952757
1.2792372381013533
1.5554662046746215
1.1666156197415953
3.243851861076263
4.384990937404946
1.9268819980690173
4.704748595623749
0.52199532373011
1.9058202116670435
1.0359611752539533
0.547234733156609
1.0203332504237435
0.21630428575004704
0.6855128179402636
0.38177944150526627
1.0968749753188867
2.034351229161285
0.6721700256335946
1.1594821096417927
2.3712161731004118
2.284770709334157
0.41693524281930866
0.10805396908248988
1.1015865664404405
2.3680309615598474
4.567327638775738
0.10952383874094825
0.33747621024088464
1.2218410657115408
1.431160933920981
1.5382159933205932
0.9849792312577548
0.09450155873361532
0.07971739123090912
7.2450581675169845
0.13145679363223126
0.8225470201641704
1.9770284393577064
1.4541549947771264
1.2780420140004947
1.8603530069007865
2.919215594856924
1.0788260972777883
0.24688936540731196
0.728904812852014
1.5030393870408563
2.227232471748343
2.4236838386716086
0.5647343384003599
3.558619707449494
0.15322940026358653
1.0276229791939815
2.363766317558582
1.5947877575907377
0.8636866909803556
1.6576780055387745
5.7897934115105
2.1625177056450986
3.469980258916564
3.337013453342133
1.7876068747321534
2.032639153077224
3.212157718391221
5.885362809232519
2.5895042028043562
2.110520904647788
1.418633081122075
0.14784276676885033
5.8884826422790475
0.8096522190654796
2.4103975715257633
0.7915505798794795
8.696583461129679
1.6930688412273944
4.237479609907272
7.440781446568719
0.8180622731945343
6.627928673602501
1.4969820194320886
2.3264913963668006
0.11321653714806879
4.029801143591022
0.3321216162969363
4.991406969468725
0.03441732247358751
1.412344773436868
2.5662828867737
2.991567675448162
3.144443993473507
1.5508710743419405
0.6828952489901403
1.420377977299551
1.457849481764367
2.337525254564824
0.8864410570515763
4.437514402494951
1.8470981208320072
2.011182791073515
5.100963440811964
2.7530185146530624
4.06814707204162
2.4157071423197443
5.425920806702886
4.128407519081424
0.14753984401120326
1.4748546131601452
0.5072708108015833
0.8320479933930917
2.1088041719132775
6.777076372294824
0.08315282776113926
3.1838339893718364
0.45377482352225557
2.335532230788665
1.1086061061887753
3.4701775021558743
4.580858802334311
1.9253711686785038
1.0666554650665618
2.117959616694042
2.76201388617885
1.5261897258211277
1.6498052349237136
0.41707906895071656
0.2440379273708887
0.8663253734018384
0.7273741601277608
2.817696678034661
2.38747064111275
0.8100141537428737
0.2838641308717553
5.0463074011075415
2.128583868403394
0.701626816262218
1.519419776139496
2.3925628093990965
1.6136606106224851
4.946957175524031
0.5217865321930034
0.5194316850856767
1.057798556670026
2.306650038437263
0.39807675332818687
0.15313883068054962
0.8201980850960587
2.106114304467436
5.1582407175309415
1.8012630717305476
0.4443195900441612
0.4288960592017381
5.4327981354495085
11.524026850232094
4.531700387065773
7.2196965983844805
0.9608947266101556
1.441167926573929
0.943462163901806
0.41327824583897077
0.38380843694748695
0.8480626390804824
1.9821725886670583
2.873418079534816
3.646441033971908
2.7136041715898864
3.169896053218864
0.10334569254197835
0.19311275952552434
0.8926234438722436
1.1555651282576431
1.3693069500090638
0.366094151712853
0.22123255598448593
2.233914733754014
2.60747855540655
0.1120384238877022
1.0344482330330267
0.07909868060608292
6.441543368104017
5.056611787982992
0.4554483967258065
2.689381766341438
1.7650961331711739
3.146632004232167
2.285523967866049
4.1238028607713275
10.824089173072066
0.6908096946171464
5.260723717874225
0.7040194199131389
0.6912688246413009
4.999391041654269
0.24191060056559516
1.1804105648730547
4.855474280122199
1.240008774879413
1.4493305673063854
0.4003471736808384
1.5017910777359684
3.545906870085218
0.09712442516755858
1.684774798462666
2.0269693103917135
0.9434203808693944
4.168471243263282
5.938638597154375
0.10003055027694821
2.3611165439767348
0.6729474509026994
1.6499396387517355
0.8762088026047833
2.36149118611111
0.3347581078171696
0.5096061315563222
2.063764781464137
0.2937920871493084
4.903564077807504
4.302020347320497
0.5352780858090573
1.8152027630301104
0.6637320254249411
2.3888987547840936
0.2775484471695745
5.230473509381801
1.8986515791815912
0.21671854697822598
0.6951717847653394
2.136766334170274
1.08629841058462
0.44029079872488447
0.7344185384163754
4.333251870713334
0.7583281327874292
2.4509483749098293
0.7626409460509572
1.6321154140704843
0.26807812019875454
0.08488994102406965
0.46856744142328877
3.0277459720763633
0.2607758637521742
5.244250992388462
0.014964434210695753
3.1184659338252736
2.018230108085979
0.45064534640198073
1.2613978385160027
0.4439861155518064
0.38339010466600015
0.40805098552655467
0.8096838363631373
2.3886865603250533
0.9764298422166011
0.5545806766086089
0.751733375901037
6.2557428758705935
0.8719953508281661
5.2117271852141664
0.8304505349321702
1.6170493426461614
2.272387393146565
1.5481145597187473
0.17297706315833364
3.8677720014188646
2.9005246149335546
1.8602525901838696
5.223239481032229
2.061104103711106
1.2371862266473905
2.9835968996949225
2.281758121963589
3.616511127763383
0.2516220745882093
0.7051371623613674
8.602452291300548
0.7969437367972033
1.9255667061858313
3.696359619087712
0.6926066448957937
1.372482540312454
2.1453014946711715
2.7347004310372562
1.4367932255064675
2.4511773486297046
0.784517239720897
2.6345805797001094
2.0590820205970615
0.12204340078183935
2.5734349595360766
3.378666260738985
1.6595003914812656
1.1663834336595627
5.953153635145928
4.251242414224242
0.0035440436962251745
0.41088133252465936
3.4013415718179356
1.3378193059903192
0.2665482455431075
1.9645871786340425
0.598063572812433
1.9964879757333573
3.1311741608900787
1.6678922540993157
1.2063937006109986
0.16193793983028454
0.5860503215381463
1.3997118344062722
0.29518218113728106
0.6971021575247661
5.634113763674467
1.7300142923213733
0.32710806696908123
0.8780289970661741
3.1349863364912185
1.6043435553649128
0.5672280139186907
7.528209603303216
7.77934831627646
0.7235210781250963
2.620369318324111
6.960851688690387
0.36188240643636005
2.5945813530790858
3.840812236671124
0.22580478161605214
2.3911548775813967
3.7527627770065735
2.0272272923211783
4.787495447213447
1.8640690316258897
0.4426345799023283
0.2522622147919565
2.835633356931971
0.5064922194815917
3.5221433840711667
0.22974256428049555
8.384170967057262
4.039574961192399
0.1374278518213179
1.515093768767122
2.603681758097201
1.6151614734536714
0.897753894281894
1.4250527717495056
1.819757805911243
1.659913613231069
0.5747527696461139
0.6200952352445743
1.5969351006852008
5.077069888314892
1.1968228578754299
2.2770589893449324
0.28693711399520855
0.9775367426214243
1.5728404964471538
5.511247565466024
5.446420573346066
0.34783689333681306
6.3721254865773025
2.8955808551836677
1.6968154190336155
0.27930584805618597
0.8029693647445684
1.1885461340400238
2.135147257064996
0.9183874693096132
1.9073432849881753
0.16726904121022557
0.001773994657093429
0.6998735079042238
0.19213278756797733
0.2140473159199006
4.5268718307128974
0.11472111911107656
0.2720008476973179
8.807011986233642
0.6515781607062586
0.9895332842879595
2.90412500271259
1.4125881309488537
0.7028981869352463
0.247668927102459
1.7283335864841167
6.720650449395586
3.298336092290167
0.21871276284717195
0.6535754102341135
0.7977254226739042
2.532944856096556
0.07302968640511033
3.7221425212004906
0.05687122323756481
9.263185864967783
1.3708315860029225
0.3490659078264336
3.9984626081302794
1.4628862321829461
2.543713402724602
5.106207358562044
2.497396662104215
1.5532818601032374
0.0367411901623466
1.0156604289592037
5.11751765354952
2.8185596559826442
5.507947247976137
0.597507966815259
2.54269095163437
1.4377869060584567
1.1636897352536568
2.500784229213557
4.5054497601646055
3.657734512746808
3.2558665853156983
3.202953599857101
1.8009711525022638
1.3833634287709744
3.0761110524261253
0.7970004027921077
6.976601793647843
1.4454752065391148
1.8130010450216316
5.4356162846196865
0.061940124725449804
0.10493870776639727
7.311397581328394
6.6133220906471815
6.0432586424882935
0.3834827655832397
2.023756816055178
3.2675787693034835
2.9653620746152085
0.17390767104714894
2.3510828677723064
0.2390269602436297
1.157523043239764
1.6468357405768692
0.5942365598962678
0.7748097864202036
0.21614318341112596
0.1918450144917235
0.7051847534229164
1.485295186487061
0.04528772557291003
3.251962462454777
0.9565773945561798
0.8304339291320657
3.560736008000809
1.5864697391487252
1.960747639978972
0.22385280342155073
0.04230656875507244
0.979596124043308
1.3001623957178878
0.8056330162363412
1.1001306150323193
0.6223284868444763
0.9955305633911791
2.663254804087915
0.5902921802515433
2.5839766661977315
0.08581748358645602
0.5148304172268344
1.3878178835353498
6.479490673432458
0.01088499247539336
0.826963752888408
8.834187831711848
3.7919934292255877
3.8813183156257987
3.198821399221464
1.5631061809544313
0.31645437535783255
0.7786804751276332
1.3771169354135229
0.39891563498502636
1.4834339322402865
1.4416903924194095
1.0052077249163547
1.1878125426467085
2.272493909075477
1.113723534675564
1.2502361370401918
0.29712838597301067
0.21850487961342607
0.7368566692962032
1.0887776920364916
0.14721170410951095
3.842040538307475
0.4860114995201198
0.6656594685600727
3.4600246001023387
2.358138812540163
1.6445684529500446
0.8055483151430786
0.7793512510799994
1.3430525506016853
0.3856156751548017
0.5327365031715635
0.08917305694932028
0.34481068270063725
0.3728372924249409
2.07956253660436
0.14784236310216656
3.584061603668847
0.24102485516721028
2.83292991446989
5.510996634363541
1.3941147319418816
5.307112742200399
0.033212494260484435
4.222595933750366
2.1636076035475074
0.8989560426949776
1.4933762890883644
5.669011486863569
14.940359248742244
0.8948833033417758
0.7461814609417322
1.6589339819819016
0.5224822476068524
1.0235723885962207
4.234346683454336
1.385108940548237
0.17306560680996746
5.605915052424077
1.8760727306189393
0.04660081305824175
1.070162201365471
0.09040472176493305
4.031737256002831
2.8170613562061684
2.686148525589259
0.4011935581316046
10.216459867332253
0.6413378680765646
0.024817231434510353
0.38215567382249194
0.18958433751172785
1.2493403097829527
2.136925439190568
2.9145046945354913
2.0140832900622487
0.05026682513597139
0.6980973371073322
1.1532055541620492
3.5408624412847716
1.3804971496910272
0.110307086569281
1.8411354688519666
0.7675702906107134
4.160542557436933
0.3593182234099208
4.727475274407078
1.419628425751791
2.7680591236441234
5.292866618891238
1.775691904128432
3.023788456588953
0.2872223709059364
0.7652377901748713
0.5183601225749781
0.9522062206320665
0.6011248526917884
1.1228680179873933
1.2433645101342086
3.7899615571486125
0.5679059538386128
1.0781807455225325
0.47372929648499656
1.1452486992223603
0.4140814691992471
1.1640861130537998
2.5889516201627503
0.6727584860073188
3.0859943176452633
2.749942187575962
1.8305492878959715
0.13180420357461314
3.0439734650837758
1.6526920762158421
0.2086589116418651
5.814166484548316
0.4959230385593205
1.194387510504044
2.771688491867888
0.6223034922586563
1.2440797800346226
0.04522318932670341
1.3658454900290253
2.4235830730001724
0.01477479486366423
1.4569872002989082
0.5589306177949533
3.9544512377227186
0.028831110698489586
0.8309814813658413
2.5055040059127673
0.09849358314842462
0.12365261121218414
0.6164251307228006
4.076313944380472
3.2169484967370217
0.21717606426972105
0.1535913497603696
1.9938205551339387
0.8606963294405376
0.0018727119974927965
2.4429031491799766
1.8408613913448109
0.43252039988651564
0.4875203261159673
0.3722144025534269
0.9306981851942941
0.4397082766591297
7.951803613347035
3.0190964343856423
2.6393481556412977
1.20616113684624
0.8674337866668691
3.9409829577156965
4.210251512968507
3.5910400265862457
4.151161009585323
3.263068515111598
1.3533593359790574
3.8111889530753547
4.338232850907336
6.464700456705928
5.1873064775223545
5.117675078516435
0.28882381500374743
0.7263015055003514
1.8107738911412918
2.8383509895488777
3.516785250747419
2.6925969181778497
0.4432769148507207
2.045095699854662
1.118077450485303
0.5695485014909162
2.5432234159602958
4.019515785654306
0.7355981088846192
0.1312483877728069
1.9093431090799386
0.14731684972979245
3.1399543460768404
1.3757746338969252
1.1631729708097605
1.6553212707616671
1.3119159311522968
0.00019334981451624842
4.297305420129692
0.34124414774579775
1.253993238363229
1.8600120647738547
4.919675102967572
1.9910064265024565
2.472211163655147
1.2700510967916858
2.2626868008392673
2.5886612513890235
0.21637072332805116
0.43057680432361184
1.2885663759659447
3.022137787684322
2.5705677232306243
0.46708310426983285
1.447735180114918
1.1734706886712942
8.480469290734135
0.7862836279051734
0.14005730000947939
1.015180146688398
1.4291862448846377
0.185370500824541
0.48585552045371566
10.053691885635898
1.7225343817652106
1.6743159264514178
2.7648335297210203
1.181718335345505
2.8111575201271752
3.2853362656224503
0.31066474655155457
0.3746415348740621
0.4640497457946796
16.130098017855698
1.0534057791262612
1.225858702987247
0.14360397778453085
0.7748300158399759
0.27005430666964286
2.4431900060928635
0.8217795178343579
0.587411294192529
1.1478276535782723
0.48673680492619703
2.6443282455059367
0.6387775137187757
0.6837779617217979
1.5942301541111998
1.1794098809676123
0.4137845146454925
0.9036825069004775
3.0329315534642056
0.031228795810080652
1.3102600252092396
0.06676449519958694
1.614543475508949
3.179137293458223
0.41307060378640265
2.889875574381002
11.027005997152344
3.060175509209311
0.8802937815458072
5.02161596180679
9.978759495023041
5.474872707134532
0.2515944184160695
1.1828626764552461
1.8852933789618638
2.151467006299988
4.089905691433219
3.2724668481463444
0.6655352675854291
1.3830809421392192
1.413342026865335
0.09085198649338992
1.0187246424089513
2.4323162907155407
1.3314682503538797
0.005031184474671359
0.5617179635912661
1.746173726435183
7.380318619210512
1.4007391359540664
3.964131380539366
2.4745439424971227
4.872531833875021
4.116936992275537
3.945947310984486
2.5665659639181584
2.4131806331999806
0.08187617546520448
0.929489068111232
0.47822521879782137
0.36371621121435094
1.5693576197969947
0.6107887397919138
0.7555326533332916
1.014389841536659
4.581291988126885
2.6126605639914775
1.0621955407440962
9.175977629574893
5.604602776936821
1.8777337013459505
0.17984560819033257
0.18135136123115542
0.6785050488910866
0.4993202027197507
2.497085188677757
0.5701337917967285
0.232432057519477
2.176793399378051
1.9864137035753986
0.6394974775990911
1.5818505483779373
1.2793896703558842
2.1810401556711603
0.8449260962842342
3.0322849079912633
1.5323029023660444
1.4284552065381306
0.016435959304195735
0.9046458950046586
2.342415110768329
0.8101920162617615
0.394613601103657
3.2715577311254194
2.970231207326568
2.0941840813565467
1.9320939450227483
0.24563829536514878
0.7977179946726468
1.565848119408704
0.6315986600546244
0.2651093824106103
0.20131048915281205
0.4894397486780352
3.442125133579444
4.446504818700469
0.7938225356701999
0.9850180867142856
7.09669761691975
2.204344239873088
0.23425422248022912
0.9865932368006217
1.916641919997646
1.7983563360738646
0.3058364318766842
1.2917878105088647
0.11938658057888574
1.1869605752655588
2.4980502965008107
1.2208381108705983
1.9035802221659983
1.884451772099538
0.5088050630640071
0.9137127364232018
0.024391840935128202
1.8124379826764188
5.7099940955942765
0.20465731396773346
0.11539450297167676
6.55415503620734
1.0015501705725356
2.534778500641991
0.5812240162606233
3.8781698019343978
7.046242042607011
2.1393059576538653
0.3379568015975002
3.4181703418368765
3.501773717507773
0.9030136624629713
0.44547133162107855
2.966537576770325
2.179991563031943
0.42771574602813317
3.4660962677133775
4.310076161432754
2.9462121306864106
1.1989356301988845
0.9323048629817899
1.547297650503107
2.5281545591474734
0.3842370341604306
0.45862606299495434
3.828523767392745
0.9466400562261613
1.5473578807973782
0.9883328051701735
0.5073601898250408
1.831718734804156
0.574747913035844
1.5475440531234301
0.9061984485022047
2.171251649871705
0.5100303854392106
2.132508603648024
0.14139428706470192
1.2492975870986618
0.1321026138913006
0.20202961721846466
0.9410495332241341
1.7094642990688436
0.8940301925208026
0.7508452469883479
0.5238656617637023
1.4007750458752914
3.2267812373747824
4.835046016614728
0.6006409847352557
3.0265755248515385
0.7246912670918023
2.4248017087048424
2.146095416915797
0.6345982481825128
1.6685812055907212
0.37109691716535553
0.07055493495219085
2.9985309462600034
5.803849687088025
0.7515312500849223
2.056950113567362
0.19158057230708933
2.8156808367908117
1.0559156445190525
1.2458374054065646
2.4444169545717136
0.42671005939334133
0.29666287620338455
5.47898104660401
4.222574979942662
4.913119588085764
2.754415944243967
0.37422142271734443
2.0174232959062737
0.18744641458509018
1.446406704990245
0.5709752582559707
1.7948025510208196
6.852853418298811
4.963075823107779
0.323647062226395
1.1532296948256515
0.02940456560218011
1.7775842739348053
2.6174303122314972
7.521951102412671
2.482984617628982
5.043225019185362
4.074011877647648
0.3075274149365897
0.9473630127840429
1.7370353122937243
8.79502959406196
1.5653799987691017
0.3444724811637325
0.23029643758647653
0.6883517397291498
2.8384158043934904
4.17423917782196
0.49874080366023843
4.602208598283734
0.37518128341054824
0.17203997881391656
1.2380575846791277
0.030364795884561244
3.364728468765935
0.10401206536677265
2.3581917148579423
1.6064998839346853
0.4962745932564899
0.01944134401112438
1.7032687135535927
7.157398815410328
3.0433526914831748
2.4239131067187065
0.5291041502790985
0.7269294103837941
0.7214241937985089
0.17831329483209896
1.9148263097279639
2.216511559179297
1.1509356413122838
0.4831663423759705
0.3741492095117379
2.2387859829327375
0.2623189446311444
2.036202210348295
1.5514440366886264
2.565143750913233
1.2293241648831932
0.9643339317753781
5.003120680091166
2.387650700232832
2.688578387782798
5.0871669626144005
6.54333449219715
1.2460167113613436
3.249445347083925
3.084445227401587
4.351151891953491
1.2034632711833926
0.37071152573813027
1.382714051591722
0.4341884515905013
0.7547644922393696
3.8312029644979937
15.038095821890327
4.662959492165129
5.36759505503503
0.47364068123696446
1.3406982577947695
0.022492399658783212
0.9729310869907467
1.348427824256746
0.4290828366823531
0.5909980403601538
1.6995517134061935
3.7101401599964796
0.1868408826556136
2.565957613538544
2.2903967567805714
0.8756651564219011
1.6811907307490779
2.8342026906162348
0.7519951772831869
8.409619069902579
2.090555959784871
2.1286917065072952
0.02131208481670111
4.810936261895479
4.144547802231317
0.95901638325754
1.4591156691130633
1.5523560756396315
0.1841309693107348
0.27684954942090145
1.956760405387708
0.9522878765270899
3.6858738479543534
2.638931379960473
1.8774650454918973
11.728763128983587
0.5778425230040948
1.7404334019832226
1.8413385698913893
0.28408568459924777
3.781505793460064
3.773653961613809
0.22484639908943385
5.543860253557947
0.6202737729650571
2.438691350597158
0.6248414144646063
0.01730407664130975
0.3527581647504456
0.49157870348647276
4.64446796978547
2.169427309103209
0.11416323753525962
2.1111728419981466
1.2098231216119995
2.1246743382119746
1.621352331378601
0.11648335997491406
0.2968463673006876
0.1439831213204283
0.3387216783012865
0.8909997276747436
10.812481152912701
2.8912656150178297
5.9997658888869285
0.06209593198768589
2.2548012566536233
0.4278505893567341
2.2466906505173654
1.7412618163238431
0.6742586850538471
1.7383351356544405
1.1205125634972468
6.846063120078255
0.4474450011224006
1.6276957394950284
1.4783663238124296
0.6491893601870895
1.0536368841832078
1.487555110758555
2.57264482435445
2.0618666573042366
1.1954832187264193
0.0643355295201702
1.3914962580685866
0.6364516663219619
2.521342769476962
1.675506948380198
1.3472901144279819
1.371709323000725
0.9999014333123857
1.316501798363458
3.6898148886304645
2.606351345464193
2.4955271419069316
1.79770962930248
0.5223719206891048
1.156936428874711
1.6814012663533906
3.8291848551928496
0.8132749448851568
2.563317477346334
0.7637192212207534
0.20199343705337844
0.005876144187936896
0.4162793812012474
2.636876362103547
0.892481724823519
2.783745366697668
6.118824858384086
1.5038640715883456
3.334015741856443
2.5174743047579065
2.7771874675429054
0.6538239659180441
3.2412526463062927
1.2564750962896847
0.47127382260613915
0.14022756177865703
1.348651219346412
2.1557288630853813
0.3583455602334547
2.5153690576326224
2.2084454884178886
3.0008133158395394
1.0767178863199012
0.11450795433720198
0.4731721440200839
0.6000288972733814
6.165159271334033
6.240921920735412
0.296838343208715
10.182142631211352
1.1070466121495484
1.5624199053089325
0.18218660525995425
0.4438391559099225
3.0001858708518023
1.9091733666134314
0.3523436654771205
0.40339201635643834
1.600147216476802
1.1623933374632942
0.69737345543632
3.9413446510259895
0.9973728874864298
0.576859843086336
0.7801606254296001
1.2113198734379715
0.6590384080689645
0.938883649627802
1.2646344480812568
1.3118691649537053
2.4700463083890667
1.9661075341653491
2.633568725486041
0.14160263453206332
0.5841031920033722
1.8215165372255757
0.40171187690650184
0.9314609947392293
0.843835707305011
1.903068141502083
3.026057333514822
0.3264022810515482
6.027882063311915
3.637825797198819
2.3659939886667085
1.0498346255778308
2.963382198275786
1.4989537944823499
3.2262414556107997
0.06039395246822921
1.0151340074262516
0.7010168845940578
1.7987889777251083
5.455537848240574
1.100622813610377
4.28139961442773
0.37714748006210647
3.8284537634392626
0.5140833245021716
1.7806788258324477
6.266024685687364
4.917342102382544
0.8631896251132528
1.8157589718784384
7.3273538224032615
0.7000605262679641
5.569226580549321
0.7445138476240974
3.582478713443566
0.9837698896211436
0.19802316569571152
0.10786821650879214
0.38010171711168045
0.6939026931411112
7.436505170389292
8.404818588020571
1.2097038127578663
3.3859277852894687
1.9175893033310165
3.436563729685436
1.7972721633517121
1.1783454081778877
1.2508050322378415
0.2571086759069365
0.06403960177677723
0.26733286980064036
5.071364043699254
2.472555940653491
1.5125745307123595
0.1709535186328289
0.4179089688767146
3.388958137038233
3.997438297629251
2.532356219614174
1.5266213230317054
1.218936843964786
6.428447710165923
0.1651221826414565
0.820872727136733
0.2991597420605956
1.179758298720324
1.9640111735335561
3.294943775147882
4.836135266442436
0.942353340562572
1.3516078108031442
2.6266468553207725
0.004873783695801802
2.5915822322920303
8.020758433187318
0.7456668246866207
0.36954003013494285
1.3351713041785702
1.3245108345747527
6.186142687678991
1.4196422046875365
2.2521144238926025
1.715406894475809
5.5467048161408
2.4084969678056516
0.29933152130195306
4.340538032969707
4.692011884549985
2.3316955779408723
1.3967129496808635
5.5558851892957115
1.8699402829554865
0.423195012484542
2.7129369012435474
3.7742499930475915
1.505237948957532
1.2004990284023778
0.6616539249417944
2.4868548558186596
0.583346736505918
5.589915776674521
1.4820033716904268
0.1875841473430221
0.4273481261065505
0.2041517270611293
0.3629344400117348
0.2708895484935701
0.933372432363705
0.3888722543933672
0.255710711713558
0.9103494108865844
6.044476572984836
1.8187254856265784
0.5304998519711404
2.2725388292869497
1.3576989590082813
2.5069122920471716
4.989918449171343
2.6592493806499853
5.106842275220372
0.43895150225347684
0.14824927188311662
2.0366245177152056
4.354736398654401
2.757878802489447
1.8819387566126562
0.6141076480409545
1.4897959584124771
0.2430953234246863
1.3801901571355555
0.23690002691842726
2.531836298002218
2.2176492539422314
0.06520822853636883
4.7237918305919155
0.19626948058101118
0.4367243650934937
0.24407255797195598
2.199697112733353
4.253410354835575
0.08900233482202136
1.4713793055471762
0.09255415219207122
1.886613364928249
5.099452681878345
1.0111370199598348
3.218118631785265
0.0519021340691227
0.31188748010950973
0.21568753223745324
0.17571773945398486
8.24794150784433
3.0947365572543957
1.4526749042851208
2.694892827972687
0.7934739413921362
0.3393206793432752
0.6482965851699437
5.216833539439515
1.939270414542456
2.5017953276476232
0.6583576229193735
0.5374208578560642
0.03998487086545985
0.07116336336230114
7.613740007203349
0.886136715465495
2.3864151368715474
0.8280428284605913
0.3416791951863035
4.94609574195365
4.599811062689265
1.9942080460447145
0.04961427847517757
1.671125472341191
0.44670695953025774
1.6978373102484647
8.564680299212801
2.3987833938899823
4.582340262880304
1.968307733835108
0.33900118989160094
1.1385617443295073
2.1911962197287553
2.1754140276781
3.3315898616613957
0.37147173510541553
0.14761905969210745
5.48571443618023
0.6974528573555829
1.4817349379330904
0.03373558730045509
2.396343021523499
8.608369658592572
1.4527142921751657
1.1497917045441244
0.20821824025973823
2.3649804010792144
1.2772986521636007
0.9668552476247849
1.7367538166420151
3.2600645692510626
1.3640343738236338
0.11312761098781829
5.059075853281492
3.7192670103747374
5.287148887951928
3.1586313614674184
1.6801583912733946
1.3918164969389253
0.72740594853862
1.4852998231805976
0.5677067253783724
0.14669281456896055
6.86427470113295
1.8481785385926064
2.197857969709693
1.3077984206405382
2.336202658621955
0.466165600093174
1.064835017270226
4.848106562382681
0.4268865231515865
2.6669792142339133
3.559619274543605
6.089986429401154
1.8512756940632247
0.24093749886804328
2.4126459777442717
5.368798283393342
4.115003101314302
1.359356607627758
0.22698947421328164
0.44623709381959653
1.522874659892877
0.44080204313043037
3.3035991018741746
2.7361569273018858
5.837006191818384
2.436831846411392
0.559067034636615
3.7281478904719756
3.0703197365651214
1.181410743004696
0.6002612779766365
5.483162368717346
2.039508207465128
1.5796615956444908
2.316930958869783
2.046235469292759
0.3476920322931415
1.496268773574801
1.3246981199697005
3.8564241111551203
1.1064196196960117
1.213880474887156
2.055784890525645
4.857728593296766
2.3277262637604292
1.5052173004090235
4.747334391983404
2.369354135995699
2.0380656634245056
1.6243395970081114
2.4652978645131736
0.8960803391103107
0.31946919465046364
0.679405283027085
2.9082566209634084
3.040718468937802
4.480533576628463
2.385203513836611
2.9493431328242186
8.175954825960748
2.005750070528199
0.14022270648860113
9.870553073735662
1.2865088282608466
0.040181010178512985
2.7574937787236102
0.9755992760209352
3.2033495245755144
1.8834558469094045
1.2782486994398155
0.3859417689727651
2.024036448502588
0.34018609142627076
0.006820691879802527
1.3105203918647501
0.19222541068218585
3.1712316068298048
0.16016773470402
0.44591888900784993
1.2546660739229436
5.802323909344154
0.355585830040221
0.9557128230800153
1.3466982289604787
0.16363935246962225
3.214749881151497
1.529856355013414
3.7708436344794363
1.6591474503913277
3.806068547702216
1.1751987334662186
1.0324282029498424
4.750025272128498
1.4205763132607325
1.9401119488755312
2.4941551006136846
0.12204447533992425
1.3138782007718455
0.1237006819392055
3.8728495947115236
2.3722791382432225
1.3376353184417475
0.09276933847299973
1.0930183717236093
0.649666078503971
0.4839022050813072
0.8125667994962392
12.531587635561538
5.263921341846813
4.700049076357177
1.9324198447831966
2.9323607617177916
0.175769508749799
3.005922817009307
0.07186282325892027
2.6289116685571154
5.429901677426175
4.605530932084397
3.076508963811792
2.6854020835124213
4.9131413887376
2.9270029779343614
0.9826128333250603
0.6058429835789055
1.0318920416420096
1.1970746269841892
3.9099428460008276
2.069492256286628
5.392391728194819
1.0473325951307748
0.9225829214350669
2.316328669167431
0.4624921358310623
2.789361550765612
0.013473203111360983
0.701003821966959
0.609240665276674
4.037226208082591
2.148940840179414
0.8628182150874398
7.168537822722368
2.0391218827318576
0.03209787297713387
4.784510376250376
0.5691391078755015
3.573691480635723
1.7392991269634122
7.04698168417697
4.416864634393752
2.1131729607496332
1.898961992636351
2.5730223455433947
2.277912560561761
1.1675152915338436
11.516570779928129
0.4973710989496635
0.8677479770998596
0.9470409829829204
0.7106666283903681
2.5254112710737866
3.3085096229577733
0.6602606410345351
0.7447592593191843
1.1564616921205966
2.0153135807587113
4.800359287908362
0.4510712930125517
0.3592622227471427
0.07509631197533526
0.3865866163416293
1.3422627238648894
4.345945655188924
0.00961343513048735
0.08081640049598474
1.9708046730137352
0.09055277895499446
1.6391826436641785
2.335793574765016
3.7970016537296214
7.482428912860364
0.9554051060756791
3.678314916263075
9.415093515813794
7.636359980990407
2.0818900227404056
1.730942306475812
1.5795125876899043
1.3909381371979073
0.02725381958375289
0.3288141226215235
2.0364843200291185
0.4254573689493933
0.5661745592780683
6.833568491541327
1.4880209973944583
1.9441485506086669
2.95424912342566
2.1660334471002134
2.674355287162813
6.382152754244088
2.2716500167693576
0.9489304198190363
0.4141272758185261
1.0007679231356688
1.57817788104536
3.556096803349204
0.38837048370945076
2.2909014312624496
1.6434292183953416
0.9442294553409167
0.782075467467791
0.748653205050604
0.7041783748643278
0.5101716297710116
2.134033528236293
0.7938227247991414
3.403661044178405
0.06651322838228696
2.3124788074069182
0.4350139420687826
2.377176016539265
5.4537060802865245
8.039620035495512
1.889933755352964
1.332003593058572
7.778103056168308
2.57327199279348
0.8746336351740457
1.8961880073936521
0.77298567304841
0.276450095745912
0.35954921579418264
1.1754155385374259
0.29044665754676435
1.5856684679088546
3.1773406503443526
8.096897343335284
2.396233933785498
2.1244771689558757
4.4534038679491195
0.9318202528145546
13.048695778445923
3.4809033387519825
1.9128831180049832
1.716296814431994
3.4954439243660227
5.423051573133503
0.12887678566957197
2.439462926710715
4.924096790931544
3.3852613994353784
1.5133070492384988
0.3074287132869644
2.0736548300438473
0.2530311590574083
1.752644374813171
2.104484046843292
0.744075061883127
0.7459837542334442
2.4220083414190934
1.7928947390185246
1.2116324537641758
0.6057058076136904
0.3177049460451341
5.844779098765546
6.051056899836812
2.1829939657883455
0.7231514324249078
1.1741157175885018
9.480274103246487
2.701416933799373
3.258026586183444
1.0241863049821336
0.504199562235984
9.466324100833507
3.493662819788257
4.800442808612316
3.437802782434857
0.25853823152485683
0.9390120871339849
1.097200361264204
6.895323223284676
0.4105398488884564
8.620231984139279
0.33289169414525527
1.4396737746324098
5.821010693513763
3.5195290158066426
0.12979872153511307
1.4492565720120203
0.003435292442829311
1.2144285628024685
0.71174029448476
5.329596807729982
2.21271472114924
4.650548233874158
1.2215428059391162
1.5354804905360804
0.052414736886413286
2.0626787715047725
3.1829179666003986
1.5160940951911333
0.09527986079624769
0.9678473007936202
1.4471430252340514
3.841156461529232
1.3251125845795255
0.7195186391729054
0.10333754658078878
0.30055454884980237
11.26689826589143
0.37080620708315976
0.2520140104506211
3.2734690251920413
5.0912253065482425
4.488494092236174
0.800296253410855
1.0691687813375919
3.3132161114635226
0.012964686109950987
5.645337747314615
2.9545208153193356
6.555838190093562
2.4424440383128814
0.703089011119422
0.1329467040617124
0.45229076596943757
10.520631951403463
0.2643572682948805
2.5932671751988337
2.4650958489526507
1.2406301105549178
1.3174253355591585
2.915776651246999
0.5345664008478977
1.4173424542340383
0.7386918679261004
4.243452568246577
0.03800960940167941
1.8011969562282644
0.33431901505348594
1.2650327266145978
1.992223341398724
9.029256780914308
0.05270926387957202
0.39493793081366296
0.5701706000648961
1.370714592425455
6.286683153079814
3.139582835449889
1.4624138902129507
7.133552533176825
7.477943478185082
0.0636348519039839
3.1822186024896286
1.4018956137267584
2.198541607453675
4.969238650856062
0.19574043004133337
1.4813500915509015
0.379197443009498
0.06108794049800406
0.42341103682051556
0.42314775334774796
0.16136479976766818
0.5588606708666769
1.5133747787242753
4.80751546501047
0.5399447225115881
1.0634638095582083
5.3621225482555674
6.423645920689663
0.01777941879288604
0.3251388299900198
0.5001005585480878
1.5322710119514698
4.636889219730102
1.058830385056116
2.16388691599287
2.7071062107949717
3.2729225209641064
4.775445042609428
0.1743960894111034
0.6375797206119468
0.1452947621194796
0.048628277640230845
0.43357039735945563
1.3330914824091953
0.7226711682948049
1.454342629343494
0.5648027436584404
0.5841807443426914
3.852518597570585
7.086141724204511
0.49365481237315423
0.8193859489872541
0.9918438518812174
6.247716807349084
4.578110113257968
0.1819801836389262
4.752591525632318
0.920419589174382
0.6557476324157674
2.0826252869637516
3.569358945847698
0.6403331780399436
0.21871045267671754
5.475044386943689
6.444950993746973
2.198224593483979
0.5346801752979968
0.039528346272858055
0.34966994832268083
2.1285175341348315
0.2514119973069238
0.06600972590218813
3.6324512445944337
1.4256295204539078
1.725175316609373
1.26753556401384
1.9153984522963152
0.08009933134172519
2.1563050880409063
0.8415887593878076
7.571847213434201
0.4985966671509126
1.4389316956590883
5.070937608189075
0.13503230068868666
5.362580167519178
9.218369910431242
1.0495500012639343
0.7658638267085018
0.9055907139643075
0.06049434216328639
8.417521177702085
0.744675599365087
1.797670813876976
3.066460331783645
0.6343856570453669
2.563639424145048
0.9116237016733096
0.16990022857168874
3.2106945016069313
0.12977340604141316
0.39780370486039357
0.4223953268561091
0.5957300590454696
4.290294491958176
2.1185337082917997
0.22286343440226797
1.2004066298337817
1.8745523065977527
3.87130809082129
4.679858689030871
0.05350866414040748
0.08291130118068397
0.07892425038838978
3.705988275039133
1.7008919625057446
0.1820129409257774
1.569804107377299
3.044188055983417
1.424869411562832
0.9842407190012697
0.40345152357392383
0.5286623885516758
0.4196892109031036
0.4248153783100586
1.2783258589831898
2.286521178180259
4.804360960067526
4.160070173893228
0.243248059123518
0.8874048016927367
5.291062484580791
1.4799487087864927
0.37215875034550533
4.485224301325422
0.38976114494496733
1.5674037475737965
4.719619169980375
1.5963839799103114
0.023158970427108357
3.5053942053750835
2.693242146849056
0.5423503372647982
4.399003611077016
2.742165420302233
0.49137920731809936
4.661993044752398
0.3299813667560262
3.2428237790033463
0.2666714315233713
2.287517647946829
5.314428637817117
0.3751113274854302
0.8327728611440365
1.284731601163426
2.700006108365622
1.4975089605133187
5.596954247846569
5.0337564332954825
0.7375076532352687
1.9157189413091669
0.9353072816284613
2.6394928799807844
5.802597416191995
0.3235932833688796
2.2394810905067537
4.735819028034716
0.46284090997360394
2.570202652937901
0.6478448305179143
0.7060148529605792
0.5200710671214038
0.9364634223464585
0.7215874048659391
0.6143107479866531
1.0409864635098505
0.28168817033487525
2.6318350703564395
0.12978624690894902
0.9178944339206809
0.6068427018558317
2.846240691119
0.9003645720828996
1.3944166935506355
10.869040264247234
0.8456434670975284
0.3056989227613817
0.8895503529325627
0.959047339962633
0.4258964091768911
2.5550253694118545
3.2961680697781635
2.746347195539059
4.985640866553949
2.4975807202648226
0.05809812791295078
0.5484897559633646
1.3764083669313214
0.2589114213545116
3.640133208524674
0.5063099616058517
1.9919826330463895
1.4026083741759894
1.57850834252676
0.779205653315012
0.13201758813385048
1.3496632800727182
0.9564522166937101
1.450072513788581
0.054096127688202295
0.018454395924241456
0.41291769252009625
3.257259261903184
7.01641372420146
0.968880297065052
1.9321510217909559
0.8168984899454608
2.294665756235069
2.886259612873422
4.162349827721962
0.5655769979978001
1.399461020224726
2.0261806592057776
1.5658453171740843
0.8389320706336227
0.41516576805839345
0.650075961357813
1.2035424182836456
4.409129331231316
0.6225121392185681
1.4930783391156859
0.23817413010506833
4.444420427238206
2.979534097756109
5.800549233712133
8.19383492854276
2.3182142756244684
5.322104558198676
0.7353864460850859
0.1458302439200311
0.8290955920395557
1.4307360728816494
0.8107311335214014
0.6370776483101842
2.934469130595265
0.07556714394548336
4.293105125647242
0.6121557403531828
2.472602480215244
0.4969877219287522
2.5815542186217373
0.9432148033087556
0.7920497837375426
0.5523596934068605
6.3804478161961
1.9976592202756769
2.6801295489639507
3.3149763956235243
2.969388907220321
0.8232124791231725
1.418931855788226
3.2567808188538736
2.8221740921578538
0.5348686082955859
1.5383255968775178
1.3488181278851512
3.7103060778943866
1.3062903198497562
4.055829983683403
3.9500137540089812
3.300570163665696
1.0338570088360401
1.7004348683822168
0.20808374188882334
2.6477619152364062
0.09354496406925464
2.695921294309391
0.08157234131341157
0.46756616319708405
1.1368852050649327
0.6580315881548648
5.2788895928459985
5.317818124037223
4.886059769986959
1.0692041358371553
2.3250321517285735
1.3754358642020563
3.0826641994988697
0.059353852431778265
1.8720724973708833
0.6233078912173676
0.06407255873895874
0.4024290752007045
5.226395061038694
1.367191611310658
1.3757671075614921
6.63911367045367
2.054855370671794
2.010595681226396
0.8396462645974597
0.3685170848314903
0.11281983381350955
2.137982428411144
0.7475419470873529
0.8265870231809908
0.06718008967025323
2.9118802193717976
2.0277141231335056
6.967861639524592
0.026918361530691153
0.5813109654654507
1.676530147320175
0.6636793961572833
4.841121248199088
6.471223657489444
0.6473269170508308
0.27146316885567445
0.6059419677551428
1.9344602387686387
4.5803620167164745
0.009150245341921093
0.2666033718528214
1.6716408196878823
0.9289647565754635
0.009662716377711818
2.5667858698000816
1.4640070827682714
0.21944072842081955
1.01982300642754
0.7894528781867404
2.1133350598034677
0.4879980333417858
4.531190451692219
1.328895492588825
0.8713451432292009
0.0794486070000909
0.6830479891138479
4.320976309209236
1.2652599548225238
3.4352607240440647
1.7077480499388313
0.5799083188240498
0.7689397568655215
2.2972873647720515
0.5497011984366013
1.4789695775266072
1.085743064460708
1.5545198279363397
0.3713014223825049
2.774964787137601
0.3153256248086981
0.28432939558563475
3.1610630637363797
1.5900757003624886
1.802966232211369
4.78659325906918e-05
0.83662942407706
5.703879015918909
0.5533012456732167
2.0733275561947213
2.001665857020051
1.1506702908626825
3.204152515810085
4.478037757234988
3.5106501664800356
1.5773074964377667
0.2756904646995424
2.4735293511381706
0.579902678624044
6.179927406913968
1.786064414716259
3.190328668056551
1.1176509920823732
3.704113630762963
2.246631187096485
3.2174501770649333
2.258120870754102
1.8034650121801798
2.2714727901202787
0.12667264839773087
0.38025340388503953
4.375855751458964
1.3242306287190495
0.2983904250239127
8.038822296325868
0.341572678631739
3.2234105625276395
1.2137106645411546
0.7579554043200382
0.3612704322221846
0.6296911545823596
3.655000196664101
0.4213084927589858
0.9541076580898014
3.429911210783349
1.5613400175089556
0.1294558173361111
2.2856505515811762
0.06050254240598069
2.452496253058481
1.6036445024145651
0.13554669686483745
5.064943892784417
1.8445946645871623
1.6129235830168966
2.2050940250193984
0.02379184592081888
11.789075280893895
1.6181242060945185
4.396892784320688
5.735115181294214
2.8505097137279725
6.327444559602068
1.3415322708706234
0.6725765835237641
2.3278557951424412
2.6376466872071624
0.9427353141561249
0.6277788403112263
1.7014408295146906
0.5763682001752019
5.385854279139629
1.4041888799653948
5.44357785605603
2.1378365655125116
0.6223905594662836
2.134840648242903
0.9271297871481502
0.66277389345127
0.22939684999554372
0.08063828547464871
0.8527877492035421
0.12362084802636686
7.125365132145507
1.2715199763051748
3.0403039930469467
1.5015865074852284
0.15067308857821904
1.6484570873676567
2.2095104160164714
1.5810547514732722
2.906919298577638
0.515665703229682
0.1944998540225892
0.5558581750325158
3.956401981847474
4.572660095363894
0.4734768303255308
0.5943661365663623
0.9253815527018618
0.4970873109075276
1.3940156941759996
5.000788689846076
0.12217333685858088
0.6914498360374334
1.4427450600715268
0.0764210321783866
1.3858220530056413
1.0557472022807735
0.5150946407187983
4.6741002632712005
2.9128188093666516
2.716280626156413
2.3669569352436604
2.4440595395241185
1.2094236851529565
2.4717234187133146
1.9540903730421495
1.9631448992837917
3.0924223058610387
0.9714629371143941
0.4052355218432708
1.0576701715880465
0.2328637848694124
0.8980091125305599
0.9649710665390918
5.204908922368721
2.9324044898699686
0.0042501365780840995
5.843892071164716
1.2843139225147078
0.19513092861961193
1.0327912156919576
4.7237712062930255
0.5093751044811313
2.920920884685119
0.7521973707292126
9.587227458058269
3.8138020674746977
2.6220614832682942
0.0811831449878303
2.0836285308737934
2.5175035400228603
1.5467815664692635
1.661241316012804
0.5437068619611738
0.3116128311398705
1.0055683936545845
1.6650434497177784
1.9430604878180289
2.571163140543025
1.003957707821763
2.102040340209701
5.654749620358163
0.30008779288177717
0.8084436983350685
0.04918080639827645
0.34092357705615817
0.2626683961731901
0.15067811651680352
4.340616065088064
1.260049572330314
0.778240451898326
2.128732991674335
0.15115372007648525
0.43023955247663453
1.6677546800857486
3.6635504774836996
2.1415793919742163
0.0005122158545029463
1.3846629695750774
7.668773510150069
2.2546881737326494
5.098300072158753
3.9473445681620403
0.7197084557625095
0.5398150726012454
0.5244594260062464
0.21775744496101382
2.9073698012328797
1.7009736024297692
0.05808964765851994
0.4167869591779775
0.10112875382658655
0.3753625314103265
0.4981745474290241
0.0858853558139744
15.40860667447551
7.3261702988714
0.16818338652984796
3.586178586359062
0.7793125814363188
2.1019724210943482
0.343553688390119
2.677300448288534
4.44516393992974
0.118241557541818
1.4403026185404175
2.922497096176013
4.880705167439285
6.445396231462708
1.5266508925916389
13.060177071529024
4.190868219870398
1.1750360824566881
0.026736250266981808
5.590218650602628
1.0162470492260034
2.062570772075645
0.9248215982845078
5.752000839652244
4.209152906138116
0.13766567103783797
0.5059018730311418
3.2309268757681298
1.6670621914336683
1.336392679794997
0.9432757689329786
1.1148398555356127
1.0578081119020213
0.4052365178933607
0.7948557252651315
5.83507921980921
11.833243764272316
1.2043041821275926
3.080389849516276
0.05335520674605733
2.898860249796501
0.41312728806110743
1.6342340542924922
1.906089555653005
0.9520650380929969
1.232849965996475
5.137343366371048
2.627404834105312
1.1445221549514175
4.185996205934663
0.2773732630448408
0.01039603863892602
4.786516875967247
7.110590907537067
0.45817475912304706
3.2588336427336775
3.9960884417356337
0.2320613527701307
2.6430048998492794
3.1329767034436165
5.026115172108108
3.6377747551580546
2.480280071684036
1.9950092280912344
2.134542083705205
2.3000745122510935
5.0212982828488135
0.6196026588952463
1.595099434052593
3.542436852240324
1.7220062912841652
8.488604813083892
0.10168558155930431
2.504019440220026
1.8410846267043672
0.4074871299745309
1.280433510817551
3.738920443337732
0.02678933605985094
0.9570285880008456
1.4882159987780723
4.1729658122941125
1.0774347818716785
0.32055577934924734
3.056618984948093
8.081971299356004
0.4639355909022168
2.0652001935906537
1.9536444882005974
0.2446972130922798
0.09746571780127401
1.7844638955903183
0.35124362250038416
5.6971411541542745
4.721540152656605
0.2772107330934056
1.9305174657702255
0.09714448739613263
1.0073315132294147
9.634667013993328
3.7625534177039324
2.2100414607448426
1.4584802523634726
0.6218902528104542
3.267959339962325
0.294604858571086
0.1673060163867313
5.976055029577561
1.008656777076142
0.6420763641210709
0.785028928232753
1.2931329465200285
3.026126913038244
0.581451244566567
0.4220047656594692
1.9151212274968583
0.1298707849134341
1.5353622263927191
1.4216354726522287
1.0721049243398277
0.38441042187608226
2.0707188474001663
1.141793565840506
0.05197866727247874
6.736378132945902
0.8548199041438825
13.512109171840148
0.6755791366430882
0.6970888531452032
0.7484325953276386
3.0023482112767823
0.9443646606473328
0.42923991010946033
0.1766095176380862
0.05051960891313356
0.8758146238100607
0.8260326272759205
2.048377895919706
1.9944282197114196
1.2983773562810021
4.036310172642594
2.735550700568399
3.0891004958414707
1.2140758953880497
1.0448207574336872
0.11188032205939864
1.4908584112080172
1.304832036501497
1.2117631066785264
1.15673953058854
7.131745243633067
1.492192685356046
0.9050297608125577
4.335575137145922
1.650922210750519
0.5052116513679309
4.583721158558139
0.2044107757411652
0.04271908751589196
0.6240728374358601
1.7560147074040777
9.386222067475108
1.3542149048219194
1.7933934583298636
7.830791553258161
3.6917811848319326
1.0854157621858824
0.045850399363546235
0.5804242304068625
3.0131481456303315
0.8127392356976716
0.7624136077982412
2.2243081040861505
3.0436631738133717
2.33294045772654
0.5792622607977429
1.1415869634614229
0.0524021207761382
2.702368252514463
4.356129318009604
2.603303926554287
2.1714009151690723
2.06977151568132
0.3268818804575413
1.639063326313431
8.274195986224017
0.5716552217093371
2.379166664203996
9.247564985776872
1.8720641897716546
2.495839356146802
3.4959191488803483
0.41310515853985036
0.5649680147271997
0.5381559021280742
0.43721108760352545
1.9907295393557205
2.7020227374970296
0.29267600262244736
0.9977632486287767
7.140453538044031
0.41483788802255356
0.45866092470073516
0.5437341930187107
1.0436512126586146
1.2634181683932137
1.7120671998243753
1.1232053927191454
0.3449489355054116
1.1421599807032186
0.9200322392735955
7.65302279636324
0.8370462163780069
0.3720539726119333
1.7584322801764256
0.0028903543092231223
1.0238900381941227
1.3382350318197733
1.972056343687358
0.06148690307461035
2.6164369985540428
0.09347352851976204
0.05914399628064824
2.097524365581152
0.11740405474663762
5.268309212102337
1.1891449862898948
0.6674024993594148
3.880455063038511
0.07822037324853512
2.9542400450319013
0.8658422450906748
0.7775698571178071
0.7047245696631254
0.861347654155404
7.128665096243065
3.8101519564552033
1.759604872726351
3.2702153469604194
1.2607568380142848
2.8688763261275114
2.691933256053252
0.13074490346705947
1.2977441000489907
2.2596256254157714
0.3244096302215889
1.8385359417696752
1.6815903563905792
1.3427884849858143
2.6193656145427515
1.5990968100073035
1.2666708977810504
0.7415394856470633
1.3807502081662695
1.2536315916497465
4.539061790082582
7.066856461922193
2.0624808714430776
0.8109164036696084
1.2589620163049664
11.247336704823207
6.1544072873878095
0.12445668008246087
0.8272837330067123
0.6276898697888581
1.0670067163408006
0.26845128624706815
1.8371767668782515
1.4059570433571895
0.3953333085846937
2.801436763689689
2.5490257570488
4.2514575652520525
1.1863205591184036
0.4301506180067597
0.07623601772164203
0.6984912473895714
1.4111754833397665
0.4241276812261487
1.546868648552358
1.6741715742866883
4.678093791304468
0.07759765001534591
2.6463601386259255
1.0809855390066054
0.7529595893821818
0.4641106571406635
3.459385120629271
1.593854684748456
2.1909250957841713
6.956596311516567
2.948202058095715
2.8076097816106476
4.073512430750764
2.0856350677592843
1.2998212258903739
0.2051633753259265
0.058443004892811734
0.7554893380999587
0.3302226231383134
2.5633704870033633
0.12463786895572612
1.42149449703568
0.1578749642119348
11.471565448723174
8.688259110569403
2.3160365972824843
2.655189699112915
5.424273957844048
0.4179240896234295
2.966246834971449
0.3322520083798281
0.5506472530801498
0.19327913997561375
1.872562544634761
4.545161084916585
2.3754432511956076
1.2200750024863605
1.7230199684218468
3.4301166994477272
0.32850073328673834
4.026134546202532
0.06675004842033065
0.1239737700225397
0.09907224385253668
5.346106309096904
0.3734907984406136
3.863351276982044
0.6790511934069378
1.0708735611724882
1.139011411049669
5.355779600419226
0.17578332928184257
2.074801056983956
0.13364831115139586
4.591457141709669
2.063534230293216
0.9255525345394794
0.553083176453456
3.04378513629578
0.4990242748765199
0.45835036933120243
0.5253024789557215
4.436731131095495
2.766718769480552
0.06126998503110452
4.274459491996818
1.267045863326121
1.5723096744603484
1.2094759903313226
0.6810755836016203
0.24248057392679792
0.15930690208114914
1.7109028002820603
0.7435995931270167
0.06128702933478674
0.8107786096686448
1.0824649510532312
1.5521876333580646
3.325123887883433
1.1005001597948003
1.0853209517713518
0.8707283987290947
1.3986471274322076
3.0884884915416353
8.294700116656989
0.7862934240058955
2.5207515449417457
0.2879059635173462
2.431008554985552
1.5506972212469978
3.6262806898458333
0.25389908158210184
0.014865354556563608
0.056558915116001765
0.7949052753567194
2.9959296664041193
4.497777808268289
3.0942175746531584
0.4845506270923803
0.5222976076621968
0.765431013367086
5.34220412537396
2.8752938258173093
9.005620092135214
1.2571885906755382
0.3652631546569765
0.9927715150035897
0.3899773205360407
1.3833591568219765
1.3023650133133453
1.0492152836780149
2.576026262610311
9.14364883530766
3.1205153412237294
1.1440719058412958
3.051066711484328
1.0918472517614215
1.8690851691672474
0.5091009973425659
1.9682878877975476
1.7010543110629037
1.409450299563374
1.3431611529375593
0.5242962549853692
0.12610593743211304
0.22236109476552737
2.9893215063982357
1.0879862400197315
0.22186847897817047
1.8744321220513933
0.43704264694919637
0.9186089977901685
0.3959089236908579
1.246438583488936
3.5856866817300617
0.5330568609378072
0.7947849623669068
0.14581253762209917
0.8901314877407379
1.321068871068006
0.8960101421965452
1.6145884847365273
1.8214683691024367
1.295001085267834
2.6819811551586716
0.2566097425402668
0.6609368598573383
0.31034560391595856
0.05516629867062317
2.631815371088096
6.3469802729275955
0.5325033779838636
2.4958818408058248
1.8785426783916692
1.0224638766951568
2.6596099088861953
2.7228723719086885
0.8280714504292076
1.0823795933326863
1.5082474522975322
1.1076047955160804
0.8380401825568357
0.58668273458502
0.2650910215501631
0.07134663024872204
0.09801958154356961
1.4820486362178844
2.330910620383866
0.7039362393755886
0.927818149953847
6.017225939695329
0.8219050469258553
2.1825586453654124
0.08524245879750057
0.5096540370008814
0.397675385573255
0.6588627763667493
3.98651033186851
0.08856808982503893
1.9993069124934384
1.982188957307309
6.033367846113616
3.892893181282395
1.9849390069056243
0.0804704678654235
1.6408913756809378
5.246022087958941
2.1302545529809356
0.8837630817603277
0.2542602431504255
3.3781086576750172
0.17561417047204766
4.5310426374736235
2.7363597542405746
1.801118843691586
3.4369737107379157
0.4595011945279141
0.380259836057485
0.9305161302429711
0.35504990117808755
0.25352790868041436
6.065843846286277
0.7780677789702306
1.427095680478566
0.2662448782404664
1.6041554404761347
4.6184389582783165
1.3279355975803098
2.096690354651031
0.23916079445424018
2.7457223034815543
1.414194274150913
3.977171854853461
2.461180843046663
1.0644283422127527
0.3616210489560985
3.9026724836321294
3.6088682061968207
3.127436880581925
1.4656699524502632
1.8423187326834418
0.8305437399564851
0.765899750206716
0.11846713212223398
1.128559677663889
1.328454123716613
5.72444009176559
0.16500469795571351
0.6574414216313568
1.67414006547985
3.1678573606804123
0.2743844599880857
0.58173692492626
0.8994324302776368
1.0296239726204914
0.047592321649695166
6.260545856783174
0.07487459908733561
0.9558853088934209
0.17734930791474532
0.6384400495733109
3.3843114708264705
1.2718996493961237
4.708606882466309
1.0713481980876591
2.9526279230735812
