# Loi : normale
# n = 10000 valeurs
# Seed = 2 (groupe 2)
1.173337775044925
0.47669550014653644
0.4349836779924885
-1.1431139884733934
-0.5350246438307966
-0.4194774333447219
1.3461857397435764
-0.20613456929614601
-0.30704706302722706
-0.3290462867954734
0.6351873864940983
-0.5201665306687647
-0.783886583560417
-0.22558128331192565
0.8910877054878737
0.4892068875154922
-0.1492397120526626
-0.05609105649236781
0.8305489335546516
-1.2915624692443428
0.8340487754305104
-0.7738751333146754
-0.3314870759498504
-0.02665735287571458
0.8388327666850459
-0.17180347620791933
0.7768062656679096
-0.26290250409155336
-0.932407695279849
-1.566430529426155
0.8325043566714176
-0.28161113054115344
0.3129577390975337
-0.42474429708323985
-0.6103840537753592
0.7953888309523931
-0.5688244035821581
0.36286575396410803
0.3865061138070186
0.32288329799165993
0.2105821528668249
0.44592406033460585
0.43904543471897706
-0.654338138812318
-0.11154502637546593
-1.0823941516062963
0.811772808165812
-0.19298775066451657
-1.1033269709135742
-0.5140330414522211
0.5614260423527455
0.4188154995827586
0.2834420024987364
0.19865672088089237
-0.2503344627085554
-0.07017431410958543
-0.5931108612326269
-0.06872069512723175
0.843027970462948
-1.208757597968417
-0.08917222793585172
-1.3801937579415875
-0.7116802556480007
1.4508272042034895
1.0630195355425667
-0.4282528904040719
-1.39934442809749
-0.9466272047104121
-0.6513545834539377
-0.1919963937173306
0.621600008448458
0.027560449964021728
0.5578534728652268
-0.7800430092569908
-0.12225297413296884
0.41531944909306384
0.18121370191242017
1.0804116825425314
0.6177697550620275
-0.5301001839340473
1.8823838775198356
-0.6767323119571531
0.1472422278168892
0.39790210471024523
-0.6357860750021336
-0.9250097117367153
-1.5664725613604635
-0.08915885546491009
1.4549862376722924
1.7010545908386732
-0.07438727911661462
-0.7457930238780681
0.29773785715318724
-0.3993916877972242
-0.5213171438224846
-0.2990931139965972
0.8235832105716456
-2.2826998546945383
0.9294613037819084
1.0534136763850737
0.9405942068226368
-0.6670789208581568
-0.7415921955189037
-0.37146162273641176
0.25421141255306523
-0.0589911687504818
-1.0953861007767505
0.10774843498280634
-0.4493848874127117
0.5254785070225505
1.6040222783217566
-1.2521553922401256
-0.8323595042200176
0.3580826577859555
0.07252114607967673
-0.3051236130394962
0.2969366484088357
1.7153096245401245
0.08245045484545069
-0.6340184740606705
-1.2491876057390585
0.6882231780327559
0.6998531231462203
-0.31860677378621305
0.9518284572996478
0.05690170949759249
-0.46008524598144823
-0.5415638299382697
0.24909665825299254
-0.8394007292557053
0.15598588501095342
0.057234401979567126
-0.04391063939515623
1.451715514540199
0.3731661633559314
0.7649546943841763
0.609395863766958
-1.3156760893097257
0.8000940216419354
0.2935021388990772
-0.6277215188966218
1.245407699434919
0.013015664618434022
-0.106897022498681
0.39454138486641743
1.0933975844207273
0.8779292585393952
0.41803206177791985
-0.6390802573272246
0.08310680520572872
0.10251819248330721
-0.8916751057820196
0.43168385125954933
-0.07466891681023208
0.24133042602129506
1.2677696792525772
0.28759390364258436
0.06500383870993746
-0.10238393879941432
-0.06367604873689071
0.3310584296593476
0.1204551483047308
-1.2952692757563185
-0.668899436959354
-0.42194919392811825
-0.03213981299877652
0.40624599149547874
-0.57923440958191
0.1408554143189993
0.31723517667315076
0.42277082923821613
-0.03569037616059527
-0.9575948691630567
0.15420836201971086
0.17831983535099913
-1.0475959164178845
-0.3785594151349335
0.27221918720051386
0.8179328073319353
-0.15807263556388101
-0.5852547778795075
-0.3458260037583395
0.9369014700855831
-1.264984897852471
1.4738426955769146
0.4396001513040819
0.14943872437276398
-0.5411929854617658
0.18227664752320227
-0.30695279973182366
0.2628363708849892
-1.1529318638343948
0.11541557868560086
-0.06091132117449289
-0.6316180323309305
-0.3227683792447908
1.8785750816415756
0.5040148409204634
-0.040625702104365606
-0.7013150977207241
0.20995218369387192
1.2422325771538318
0.7502381108537872
-1.0072614561472903
1.3614628842198673
-0.053638658320587576
-0.48169982794051736
0.23430666596641045
0.7397471641161912
1.1677033422861378
-0.03832040191632363
0.09894422683146592
-0.3766002579038168
0.5732085517019596
-1.2197956644493062
-2.2092662853922276
0.28458765823297016
0.05647829952289541
-1.193907661977924
-0.7802415701064533
0.8119121216189128
0.11397957452635188
0.06560618559413198
-0.1324408697941331
0.11503835536242754
-1.2371189732363812
0.6974831711496607
-0.6610714829693811
0.7233870040851816
-1.3961895746574478
0.49280840735156045
0.585292511611957
-1.1057794010491255
-1.4049871020544076
0.47792092149413257
0.44742721741960745
0.3890824890191005
1.2597151924288603
0.5814710257918139
0.972889665394782
-0.18970040280109984
0.2780653006675551
-0.8573150525253277
-0.20612110678146978
1.3028350653138736
0.11086823808715487
-0.4676946376381168
0.17782481109588866
1.2080251300352631
0.7820094360250891
-1.054286300991936
-0.6555664928958636
-0.0540627034842069
-0.6372787794182941
0.9466417107629825
-0.6773984372494742
1.086220308449933
-0.16369411821490443
1.3983812479426807
-1.1696789803235255
1.0123109085131687
-1.0939220821119293
-0.21405832999658359
1.1661037823935763
0.9149244536203966
-1.5061180353559278
-0.5309771812771972
-0.8799556078961248
-0.05845554565563078
-0.41985990146748614
2.0289358420694774
-0.3524475596175827
0.43238790576121805
0.3063727234599532
-0.6938234593694654
0.29820363447983544
1.8226581536800404
0.8501421466269012
1.1896843938377208
0.9583609072174317
0.08059982470042228
-0.2429218621250237
0.08553278192314197
0.24133817988154876
0.5131157259046122
0.852335039103439
0.6610129350613059
-0.29738077701395127
0.16917624553678504
-0.8141500497541929
0.9811639210345169
-0.21626412254052726
-0.3474920887333507
-1.2730141415927956
0.21926177004794078
-0.21172729456493314
0.1056827909595491
-0.9555330030479129
0.2346777279374574
-0.5182040296720841
-0.4706330134044374
-0.2699463082954461
-0.5739991415906014
-0.45161753093054424
0.19531343994715028
-0.18102187912136844
0.25577965776778055
-0.5664852279217871
0.41379108225747374
0.2778257975407254
0.3018080745748093
0.5575360954886448
0.1884917127814839
0.7115168695424036
-0.17780289448344894
0.054337148764351466
-0.4857667666189046
0.6725099320756557
0.31773178893485854
-0.19485575503991487
-0.3426689424868978
-0.3847412735258171
-0.6781282079510552
-0.533823084194388
1.4894473950358622
0.8019606244459363
0.4233476435910153
0.5438204469435486
-0.4136530334568621
0.28781020006028296
0.5113675375707547
-0.824527522251777
-0.49607803519827254
-0.725918254387232
0.35722313756554974
0.5259083938991549
-1.6264764842501016
-0.43201262630046705
-1.0935056710395907
0.33121211313619797
0.9964101854018979
-0.25666154778048905
-0.7234448175409871
0.677791357725926
-0.013976408465368842
-0.15423128123927288
-0.7459077522920238
-1.1285046344708887
0.7784505662492445
-0.9037720608252363
-0.5894498328141284
-0.1825716282535471
-0.8863975100913344
-0.02289575838077192
0.6118326356466292
0.9360443940186924
-0.39085434543856634
-0.34055056319450655
0.09729315100180674
-0.8951101968933555
0.07734403933772072
-1.341700366021764
-0.17786020525073942
-0.7170086974662999
0.1290165578330838
-0.44686603620401466
-0.17276614911123545
-0.3775891454575247
-0.24467012160128276
0.23352480509238954
-1.3555842548341848
0.21476508426580068
-1.3363990878387704
-0.11741498675640599
-0.33941513731771566
-0.19576388747213902
0.05990851014835767
-0.036798291172341915
0.6429926549502328
-0.011453189513100214
-0.5545106863450558
-0.6326382933211153
-0.5633860225625238
0.35513144403548347
-1.3439435620049842
-0.32365544534270224
0.07231874988469397
-1.2329825408115498
0.30544558047687614
-0.07593166426792344
-0.8157711253187078
0.05682411817575991
-0.3928237966944311
-1.1057070690216828
-0.04020809911357606
0.9695191735943465
0.24592138544446357
-0.7275091086753174
0.00024215871868371646
-0.3025956263298224
-0.3092013927584183
0.5166660484577017
-0.533902486358865
-1.163304787283967
-0.8354491077790315
-0.04026515435413881
0.6839646677176372
-1.0615447982821256
-1.1346775349359393
1.0259482931714157
0.40322677807310736
-0.5442313557063038
1.182304721532375
-0.6814629035803358
0.3122837923816987
0.7005086466835365
-0.4881787385399558
-1.2266650319553754
0.5021623413473536
0.013215558340855374
-0.5880909818847788
-0.7505855910549368
0.645278313212324
-0.27032845790344684
0.1911628776344796
-0.8981393069498131
-0.8270690880599602
0.3204128013512512
0.982380624169951
-1.0307429318615515
-0.7682104417460689
0.42051740383241804
-0.7943516172697196
0.2212898655002034
1.2430496531766384
0.42851710676385735
-0.42464735126723685
-0.16817148008495214
-0.1027260781523302
0.4989244816280737
-1.757025875143183
0.2101961334975294
-1.9276361502087895
-1.1570636462352955
0.29034533515964434
1.5323174778325228
-0.17706521608049497
0.3802538597758991
-0.591066600229138
-0.14810930475563158
-0.028957899180511913
-1.6564603615386133
0.983628918065057
0.04389866869692649
-0.3458904855233193
1.191501605432758
0.47985692810285474
0.8142225440598081
-1.1183541081359563
0.4040947266394799
-0.7030835002977112
-0.4027249057966998
0.252007380650835
-0.4575834864011154
0.09420039249420287
-0.8837387079792696
0.21360249349642974
-1.397316538887324
-0.5822105563931799
0.496569754987379
1.3061129019034037
-0.21539501083034446
-0.29316363662218853
-0.2472426996093993
1.3960525584937868
-0.24644612500069016
0.26106421489238474
-0.43530595745507095
-0.8298947683806024
1.0872555290292745
-0.1981251504626848
-0.3554822899948007
-0.12440332169368036
-0.4069562980716297
-0.29099709555059694
-0.4653023232817685
-0.7680896176665407
-0.2657321350365177
2.2555320811599917
-0.2910886156484439
1.0030758289850756
-0.24374132364438533
0.0909057416267681
-0.24825348190664376
-0.2528734544620046
-0.7435990061618437
1.2964629698125596
-0.19014473851139024
-1.036475316677443
1.0521915652924771
-0.2800298393877207
-0.0007161759963989486
1.6152700093514363
0.5544496320945016
0.6138461590037531
-0.7683999781745277
0.1908655152383183
-0.565234610938809
1.6331490759644969
-0.8438646407696522
-1.3774309076809796
0.3135357098327345
-0.24185470653412428
-0.8202757982958178
1.3833337171242854
0.346724599909077
0.2198831580389937
0.7951584107687704
-0.7898583623219851
-1.4476444833328115
0.3672931559015975
0.4783280848856247
0.22138729870238405
1.8641603058491607
-0.6856628964278196
-0.4983736951521255
0.41077849834644153
0.07713671691743892
-0.49264873273184473
-0.9789312004114343
-0.6249426293065303
0.2543281000236066
-0.5297511356299658
0.07185875357784641
0.7072325493684624
1.000684657772187
0.9603683446652197
-0.49857165059205055
0.1290464555856182
0.23355133653266963
-0.5258143723854913
-0.013614233090025962
0.003500752327308569
0.5690935742803814
1.1217681928497318
-0.2623001518908894
0.5710354531004084
0.49767951104845776
0.27033247893229967
0.34422740614226754
-1.437177290565663
-1.1228659850722846
0.385535551434286
0.08923568015310511
0.29044570603169495
0.350795410646391
-0.767665142049461
-1.6358731076331776
-0.8468431900329063
0.43259007957853135
0.07751193274455428
-1.017348240882917
-0.9771221999753608
-0.17358941133283984
-0.33059663058145755
1.7293981567355754
0.14331299634189873
0.027635252115651064
0.7658223917062927
-0.36865094686068584
0.44391504618340244
-1.5773534146102857
0.24510685804047694
0.06258810043997146
-0.516656929717884
0.4662668657546123
0.37721912837839155
0.897923274363903
0.4160962515312061
-1.573321071240919
0.3343628278884191
-0.20518068502236786
1.2209872064487797
-1.5423623371819923
0.13551629403930743
-0.3364114571489715
1.4698757533072733
0.7711412899795984
1.334191708499055
-0.46800757092948864
-0.006075544224544042
0.3212755388618536
0.5448993649050822
1.1929722609349416
0.4368004853347963
-0.6490739505198813
-1.0854137583566148
0.8875470513287823
0.7392308403427313
-0.41152543500937316
-0.5933973874122952
0.939331419046063
0.05811821091666622
-0.670996905677982
-0.416832279800637
1.5636914704887217
-0.08527166187061536
-0.7331902933109848
-0.19159921307547842
-0.22972258348552793
0.046232919388647896
0.8025968139663122
0.46579008015921536
-0.42707543056332464
0.09657108218161353
0.4772962042379646
-0.243662593750211
-0.22216557159715744
0.6861430219312957
0.8149823061494059
-0.40073706180787005
-0.7212185328219164
-0.3590454613957803
-0.47887248008959754
-0.4308633588618618
0.39495106664326096
0.15360081625222466
0.14630344710386697
-0.03475189543133549
0.5598548283200541
-0.37441390444340267
0.03822566578980083
-0.6459600930608589
0.7647783722059502
-0.07482289111430598
0.62607105358441
0.5256137215850551
-0.4061884066869798
0.6686552044014505
-0.3721998853372449
-1.2331054316162038
-0.1150012998806432
0.11844036743855582
-0.7088359676742219
-0.986181943621755
0.6570717884512928
-0.26398001818421135
-0.11309511686817834
0.7188306342088688
0.3428189906090041
-0.6306809411319638
-0.8388223349628436
-0.27811813002576646
0.10555201210600121
0.31480425310404836
-0.32452272877627797
-0.8086454521818784
-0.18006052853048574
0.7298969433973661
-0.4104699931501522
0.34013080376343274
0.9129369885022335
0.30915957065015
-1.1484601179838774
-0.4500389102553277
0.505994446024963
0.8061024038576616
0.6961835880875855
0.7795582632910845
-0.5501601766921655
-0.7376419307151176
-1.5839896416118282
-0.18249706474843663
1.2759816097712329
1.1828684162988987
-0.5533281272304729
-0.04117468429502301
-1.4955750078724708
0.6396954903717343
-0.3109663334592663
1.1228507296715886
-1.1370039859654675
-0.025460355491505816
0.2686424455263199
0.06223285099197397
0.8555901329322492
0.7494261485186343
0.7711409717445238
-0.2669456993378381
-0.07934854538413676
0.01803335491033949
-1.1113372274940132
0.3749208887141836
0.5870480888918339
-1.2997087199257258
0.6110627227398322
0.5326347597890333
0.008609279709404534
-0.6894319328158447
-0.7924341584621731
-0.2649404185719286
-0.18545734233911385
-1.9038582738833094
0.4909373747204762
0.32214497935018616
-1.0164236120283883
0.6768756201093286
0.6365699525818533
-0.19535178110168536
-0.4004332838665556
0.5296979632461049
-1.298075524924926
-1.2728461655594108
1.068595634647322
-0.8085601264654569
0.06504806442740708
-0.663076824950492
-0.26972734906354967
0.07862168325571578
-0.9197189274245252
0.20280564235250148
0.24548010272543191
1.1322386175631407
-0.13400511434059656
-0.6446853286222536
1.505593052562074
1.2195103685962267
0.17537863273642573
-0.18065337269044224
-0.908378599532397
-0.45935603610855624
0.49853319087099257
-0.5794230363739294
0.5532332108578252
0.5515092946962633
0.09376720377552113
-0.16612560084483752
0.64141981430179
0.5318769080214305
1.2906404295722915
1.235497733069451
-0.6573923887834601
-0.6782871293002182
-0.3970147895400614
-0.6475647547175811
-0.31380089029763847
-0.13070750259967684
-0.6218327705349804
0.9605796755234803
1.0683409576026959
-0.26618218003192723
-0.4097839886384174
1.1517304992110242
-0.8352775764803425
-0.4639466801128015
0.5121579517551386
0.35403693608639497
0.6340172069125979
1.100842990889105
-0.4373489957593445
-1.0860431491407023
0.08790229907771613
-0.22353501392996666
-0.04283317085930362
-0.8053236371141939
0.7115170968057303
0.8262595813576368
0.23007609049831954
0.767779043156734
1.0226663699923944
0.8530601196375329
-0.3409787100575915
-0.3821591733434334
0.9416375367684857
0.0024608346460878393
0.961725878856169
-0.9026333047397563
1.213858946527208
-0.20211688370200276
0.29957386389856716
0.3829693478488044
-0.1862189300734959
-0.20487858707707374
-0.5102206584846325
-0.8166153004642662
-0.0458569957961454
0.6337856132683942
-0.06928356191288339
-0.5108350217375411
0.015570816167032453
-0.3673845602514264
0.00898392020881479
0.35885342093809547
0.7615743026837376
-0.16421609550038052
-0.6573869311578402
0.19350485699341302
-0.6065429062231888
-0.489975104633813
0.6065198454454406
0.5420932687430658
-0.6684503144151651
0.6324894500117549
-0.1548202286197068
0.9983520865321531
-0.7175352977162096
-1.2393399012855928
-0.4708194828949913
0.33577072972577515
0.8564223274799174
0.3624379440021075
-0.43283094440505643
-0.42183230414624706
1.4459204187641583
0.5599874828885827
0.3495619835854949
0.5865347812883142
0.2056943148677301
0.8798349008703961
-0.6899785645057601
0.8933229130669124
-0.9826872800189169
-0.3371842704156027
0.8337891610179149
-0.2896395654913695
0.21597433406637606
0.1389264679340141
0.12388224613616705
-2.068858449689548
-2.126875613712852
-0.4186574840010216
-0.5312560431002791
0.2688411699519121
0.3820474230641201
0.22310350018911337
0.9618249931270706
1.3459363732638607
-0.469083420786778
-0.05685597176832946
-0.541272964565908
0.10694429967945965
-0.8500198604975209
0.31790468060663396
-1.007432462671423
0.11774498045171525
0.7430855336176663
0.8971357126237691
-0.03034195518957255
0.8778107250863003
-0.16168799689298757
0.573483281310857
-0.5487590561792126
0.6482024294798674
-0.09420547485320391
-0.15376210572144727
-0.6633759759284938
0.33810262845585365
0.7355403507631123
-0.13528775942268834
-0.10695267404019274
0.45413756419483176
0.05606713431342432
-0.11866735919352377
-0.048317755078116316
-0.39462526615455373
-0.8259091692505247
-0.006910201956068783
1.236239826744651
0.4410987250455082
0.16217424409352005
0.21136759661250054
0.7421330287357188
0.3489876107884937
1.0281394421462176
-0.9791677430312415
0.0933857418278534
0.20779345503021823
-0.7039647559234521
0.3972173922873814
-0.2696637957116073
0.10181766134500829
0.6946232428516244
-0.24879909800493694
0.48323139504807333
-0.2349691750124422
-1.4244648429485023
-0.015045928872476248
-0.29984057794328933
-1.0739544136633532
-0.5849226387202684
0.646908791753104
-0.7456862814256129
-0.13700333131974335
0.25707315966510247
0.01817708383101639
-0.05696186713900301
0.01397191048780311
-1.1417289123207874
0.6528588655040364
-1.0721573036164584
0.8443462367203464
0.10283569156747856
0.7816954385955608
-0.5013854957317312
-0.7605194582714032
-0.6996760942660485
-0.4681367139435554
0.6595951606560301
0.7483213079833981
-1.1830012873927103
-0.34690920755821175
0.24136554243539035
0.6560093562807245
0.3985678814507351
-0.07486922469478871
-0.2618523192573514
0.4506214678172552
0.9671206810388051
0.10208097584207013
0.49905236243398665
-0.41176311757743433
-0.3764039919504525
-0.7376412150279077
0.09016474952329695
-0.08220122660371768
-0.9503726991423522
0.5596851709915962
-0.19128541081558603
0.2947606650581169
0.0718730831669322
-0.5666552831947265
-0.08806520536211405
-0.3625840102683333
0.6848471543861875
-0.9425391470338371
-0.32857691506290165
-0.8021211683933475
0.8584052082473077
1.0542641503559076
-0.9907774394342561
0.9341819560454815
0.1216680200685002
-0.352515322356423
0.7687225277851766
-0.026147540475207197
-0.9276852258045345
-0.014266496947635788
-0.029217144492462852
-0.04377018749665618
0.27305479456875975
-0.009242011064897557
-0.29107642260359917
-0.7711765231393798
-0.5752728384587684
-0.9179597007832648
1.0454004967942427
0.7134505038346807
0.02255377155789726
0.2871189988053733
-0.4035482425055957
-0.0644030347662917
-1.1328521658059745
0.6741065824881249
0.6323678767114143
0.15584860726166405
-0.003179582533544824
-0.6237605996392768
-0.9538220294212598
-1.005083562241003
1.2500605563390104
-0.11707541404579985
-0.7595735131939321
-1.130164353457819
-0.030727296803768074
-0.09785054880460659
0.026665644109391345
1.0675736118370271
-0.5878943998256706
0.3059855438868971
0.025658539251314068
1.1474435371485272
-0.037245920572613
0.5671836828596761
-1.3324934155235022
-1.907407152878874
0.6921329008257407
1.8504988988633557
0.20741724801842706
-0.09316143097161142
-0.5219680178305254
1.1199636590727498
1.0024344144524215
-1.176958742467749
0.6534215973547445
0.16722478233327365
1.2988425334805085
0.6077132650995323
-0.01212869095240372
0.6214954829666404
0.11084753954206109
-0.45151345664090614
0.732866015181647
1.069572474321625
1.2450483562943004
0.4720779625478254
0.07515356096010549
-0.21968955833818843
0.7928079195395443
0.3639023595506076
-0.018409108888651618
-0.25393620928441657
0.5376115508023528
0.5773421273058528
1.7833718359100845
0.3941963605492942
-0.5698536562932207
-0.818362677863629
-0.7190864031836602
0.27833820008833676
-0.825609505175125
0.5841200963454564
-0.3317074124414916
-0.08283957224559654
-0.773937434230591
-0.34377500769838765
0.5230535050943481
0.21996447977497213
0.8515573195242363
1.9630934317966946
-0.19464949616351726
0.06605109657733946
-1.0383368279394378
0.011027881070161817
0.9433499683574861
1.3937824437303696
1.080340534020843
-0.03727107206253684
-0.8651585232696255
-1.4630051669015292
-1.142807056099174
-0.33465706157190067
-0.45421917515951293
-0.3805340020252188
-0.33307445028681726
-0.14070696857212886
0.7085125687459684
0.1331900966164004
0.3498362268470873
-0.12177286328209377
-0.5109488096951516
-0.028909782706608878
-0.018434054396623194
0.8873737878503851
-0.18195022235194686
0.036925881203150115
0.04472471974494222
-1.6231730687337609
0.10015146161731778
-0.48086744795921244
1.2690494682476081
-1.1170934330929718
-0.009771517025956685
0.922577614399996
-0.22324046840830297
0.776927642234881
0.9928330383471251
0.9986692983065737
-0.9220594091385377
1.1770581455395317
-0.222553728509211
0.4348182162023646
0.2526833871815413
-0.18871864226041102
-0.015221197436374925
-0.08958034003563803
1.1678861075420335
0.7721522735036923
-0.2503232687314545
-1.3102513852952935
0.028713609343620175
0.5968100167554601
0.40835829021917147
-1.838416753499595
-0.050104644498172556
2.102900608646046
-0.2815100278303746
0.8342518190675605
1.0552778714329372
0.04941167743448804
-0.26690835915893113
0.8899646134313669
-0.4783691315248273
-0.3352705100331105
-0.4895178489505188
-0.4948800775854386
0.4046505508133257
-0.17308317116429756
1.3673910310038444
-1.050072952729256
0.3281217432823057
-0.7459662707990433
1.2250492280813265
0.43602411811896236
-0.5595519950833884
0.19937541647659973
0.07469249025074833
1.10738208285046
-0.3085066810301659
-0.22498529888955426
-0.026498721350208063
-0.5398673894721256
0.6044802758674228
0.6823239744014682
-0.5330935533412664
-1.1444820105190432
0.1453991154639037
-0.3299050180086783
-0.34352604563431477
-0.12976277257081356
-0.1690237690681423
1.2565187792913388
-0.07351019671555184
0.7458594197403849
-0.5557292953991817
-0.7222470181446176
-0.939135551915284
-0.6682337191275203
-0.06480336803545796
-0.16391639066008928
1.1127071876833479
0.4682810229204458
-0.6162284845835374
0.08386698289414014
-0.6966597438660586
-0.5003300007139547
0.2467139071748738
1.2701860585508846
0.19686733642398252
-0.25326625194116936
2.116420945217726
1.2334748337554917
-0.48539134414621254
0.5864280796552261
0.4913635142890783
0.16569110292040157
-0.491577557417046
-0.34364214559908235
-0.5623768852058544
-0.09584710514644768
-0.8416290842583234
0.7697980374462416
-1.2079055488529575
0.950404018849129
0.6286656368918365
-0.42493217772545555
0.3055390080062747
0.33960669462271514
-0.04086788835369908
0.37962201782321126
0.1723733534494937
0.3943478196313374
0.1149538827987852
-0.19170913988467392
0.5611451708642127
0.12081813614381913
-0.28907164299595
0.8461875607427801
-0.40738290013042433
-0.49406525046847516
-0.20111837828726215
-0.22552561827365042
0.15870328561458877
-0.6533102797658815
-2.18119723770224
-1.3622907847688528
0.31488799284701524
-1.6065112219090967
0.5636222764614333
0.5175279502331072
1.0736734576729892
-0.1174112639121713
0.08852295030760465
0.39757714963502344
0.28043345922356083
-0.17729154617272402
0.26869465725444924
0.2383205992804334
-2.2761048492984006
-0.05583698155311594
-1.2635956726764082
0.45396150697055637
-0.4661799793261584
0.43302793779459947
1.6404310203024366
1.0388762267498755
-0.5853281709349112
-0.3244675632827868
-1.0689864130591649
0.2859959317757049
0.36737813967051236
0.278119984817715
0.639041045189652
-0.9499383290401124
0.05928414910384837
-1.1566168018392453
0.8657761820906389
2.61093828414395
0.6943054998218093
-0.07395693287285218
0.085409397224333
-0.19124718680507136
-0.5207479060751737
-1.4923323592771556
0.4675444484774588
-0.18726989792929155
-0.14964700160745195
0.46029372285518844
0.691548041276376
-0.34444367478353777
1.2305047240202365
-1.5188161549746844
0.17483521418242204
-0.027514256649653426
0.2525061969932759
-0.020945654180815718
1.465262534272323
0.8898393290562139
-0.09797652279982771
-0.9362415533319683
0.6749639111628885
-0.23653609287379304
-1.0431317500657202
-0.21490825498707877
0.408163931804787
-0.3983732814674297
0.7550188354470471
-1.1623779836347725
0.7071320313810397
-0.8711706155433956
1.8736484605305286
-0.5844625315065854
-0.40287529722409254
0.5936242841041095
-1.2998114018761548
-0.2518618771905932
-0.6827619522920357
1.4541214933449753
0.77836633889074
0.1733877102815204
0.1189280251677084
-0.20939242620650378
1.3360401224845813
-0.7587917418838978
0.021209300017742454
0.21148207267100344
-2.398424851008257
-1.0747096039765294
0.0655999126174329
-0.7546307551951486
-0.678979730550402
-1.0059678245076855
1.1716488512364212
-1.8235544629411733
-0.053529761621816
0.20910066052311427
-0.7614742977246216
-0.47327019636791945
-1.2945055129581737
0.12191716384280897
-0.67237612995615
0.6170730850111319
-0.34659598482088994
-1.6180905762788873
0.0838029551685177
-0.4532452255037094
-0.3736567634270696
0.262090633866269
1.2040649302922053
0.8709769573143857
-0.10095758101012482
-0.09177114839018319
-0.407939943292637
0.09776912014112164
0.6085060310061676
0.1486256625966566
-1.4589393730163795
0.11609852974887916
-0.42414259669315857
-0.24813480848767455
0.8114757915969482
1.1222926825738435
1.1861946647762447
0.40978685781273017
-0.7232764173721908
-0.6138543875582751
-0.26021149072689315
-0.24234272154681535
-0.7321905617504616
0.8065989295641602
-0.4995379630363772
-0.11708306781534814
0.3545081606207982
0.32880339651011414
0.22072973506856647
0.43119446558488594
0.4771552248902824
-0.9348281092974476
-0.065462223369961
-0.21062792421268986
1.3342586562133554
1.0412949158288045
-0.43575176429247076
-0.29164508712318793
-0.3768146976804636
0.6433400289453637
-0.0773712971956292
-0.3987415977052093
0.30198112751522466
0.06167764312935044
0.7316475290084179
-0.22338170836050963
0.6826644768456696
-1.2998537406159127
0.09319050982437253
-0.30105751308961803
1.042414440839202
-1.7707483498874663
0.9976390918640028
-0.41952840864477603
-0.10280795175601079
-1.9205108862013387
-0.6072068588854204
0.10702415318240212
0.11470248759988977
0.2879797605601983
-0.4728434131797008
-0.584123755869949
-1.4619033049002512
0.1065518403237521
0.23057445686877748
1.4870212879791087
1.1432393994933334
0.1716372916286079
-0.33309344410805825
0.1107345318086817
-0.755953446645016
-0.09943296540064199
-0.034344108627762444
-1.8784545635825138
-0.27058401045094893
-1.5319207808687292
0.03669744410392023
-0.13102737096098782
0.13744481589934937
-0.8916438573183925
-0.1683571797133469
-0.9490613792538918
-1.2171058085403494
0.23405755984902116
-0.20897727633259217
0.7574528241284497
0.3378085090797076
-0.23274566511173625
0.1048395844815073
0.09266121065696856
0.3372061319498245
-1.9559953895412696
0.9690108888398027
1.0044862999335922
-0.6428531937338082
0.25316684211186746
0.01031074016943132
-0.574427456409778
-0.3375462055365701
-0.23422004886015463
0.6041142276129341
-0.02192499136422372
-1.2240822945316028
-0.5287274873974076
-0.006686696300163034
0.10686441219270923
-1.5188071295956473
-0.8911976654120757
-0.31198276821942245
0.057329595811306144
-1.2565570998137023
-0.9975932946774999
0.554644733984883
0.7696900242364757
0.10007376795984926
-0.16520499191282156
-0.034630349117988055
-0.47665427966184704
-0.1723978097972662
0.8940555161472097
0.14707021351968774
0.13981448615329362
-0.06824066392183695
1.3316895615094329
0.3829980410795716
-0.9425529929233566
-0.25800813897879704
-1.012761530754781
0.42100799226404073
-0.8274339402988605
-0.20008831173877112
0.5904111542393288
-1.1833609201097413
0.5859988034487038
0.38089464307439724
0.10030400500524864
0.2604573179346711
-0.5573868936599593
0.19227628498759258
-0.8602943798626328
0.5923266385018074
0.16916541499332222
0.4683030620899538
-1.1450652617479222
0.9614524538477904
0.1305724612834025
-0.4478453607858084
-0.1945089034363594
0.03275794871550924
0.08773236740602952
-0.31847176444212943
-0.2367970011661634
-0.07742469828894358
0.3791204038940673
-0.17732107148391463
1.3007048325534498
-0.9435355906821431
0.19918464204062458
0.5614644706771942
-0.03862055431314789
-2.2183306209403755
0.630192239297824
0.4821500608373407
-0.7562249421705793
0.9103860665150075
0.8493765584842623
0.13842093691860563
-0.8905895200983883
-1.2542575399088207
0.1689012530383738
0.6508548075308503
-1.2196383075625234
1.1731817230158876
-0.49062963864560954
-0.3753837622474765
1.5344473184642478
-1.3016924432245083
0.7225944018377198
1.4087670918474553
-0.5161279605346214
-0.4917784976382299
-0.4528172695091359
-0.8334359607299979
-1.1852404699661843
-0.030199257279945057
0.07856907947399139
0.37635648571619784
0.30779227078294263
-1.4281773102839814
-0.4282853615286606
0.82216777580538
0.9078542316060989
1.0536862802729627
0.2576950182868595
1.2448194082398094
0.2753891410266014
-1.0699241776043968
0.9173962695548106
0.217920680190683
0.12245749460157873
0.24298346844072866
-0.6028069936324888
0.022577812383687747
-0.14770938004590833
0.09497782610863292
0.5063881995608094
0.15419260719959108
-0.6756989373301455
0.5198958726471419
-0.8842175050684409
0.17845674700611155
0.5230615655065424
-0.6655214313540221
0.5840895080369745
0.2686319531556327
0.24463120249302184
0.8005702651937954
0.1962948162911739
0.5585196755121009
0.6712397570805582
1.0326223027279315
0.12227546470335536
-0.5227301816132162
-0.3648820415910493
0.4586877461243106
0.8217325609197909
1.3053979437741932
0.033427153178685616
-1.063309854753841
-0.5628204358861357
1.814182059885868
1.5668114699145022
1.3110055927594844
-0.7864671215885489
0.3966511816807431
0.9379076080742024
0.6721417849293948
0.7384121824486083
0.8361212002033576
0.5889996581546281
0.8079518759241946
0.8816243570756486
1.65254540797764
-0.3217593681558372
-0.5075038522756619
0.9055584354031828
-1.0268669095539167
0.9944451031781243
0.5486654183734718
1.0324921563616765
0.484304657425747
0.9874275673350834
0.4634749744024342
-0.07790383425974715
0.643401804454285
-0.2152418562888403
-0.013724417042256076
-0.27057773371833854
1.1027867858694989
0.46655454443979827
-0.41472489639170573
1.130399978180374
0.8301657219783823
-0.4673148854659941
0.1904877792305582
-0.9277995990064657
-0.5528485886467993
2.332085203159217
1.0193522010896996
-0.021114013464067986
-0.713133954881021
0.8789208331152552
0.13248328249322186
0.01656876341701151
1.4307270177265217
0.543728827996179
0.32304841103215187
-0.9482137790940075
-2.013310654936756
-0.320299009975439
0.42351552817021754
0.6541037295361386
-0.9218413457545821
-0.8964412863265883
0.6945021797683866
0.024600579864200584
-0.16708828863579414
0.14478473275689255
0.11654425602722265
0.9566323231131952
-0.7487251368450408
0.7361963677935661
0.570781040764732
1.4650781855364157
0.39026828292775284
0.7602434592580601
0.038664950390700316
-0.3138140418171603
-0.5167795650385312
-0.5322786351265671
-0.5555725380653984
-0.045213274686306135
-0.11978062884115728
1.5149612592892963
0.3181685718523866
-0.5258886756421524
-0.9436609866279514
-0.45306400586301426
1.2663531805948245
-0.006089549584551045
-1.3595476400734394
1.1861557844232127
0.8758023514240245
-1.4265690294506146
-0.04442370511756502
-1.4202925656582899
1.4552327874953477
-0.2772256904516561
-1.210583220538359
0.7271433572003014
0.25354646959642985
-0.13274704418665653
0.21857143534822354
0.28603322841404577
-0.1837227471557154
0.33671419927045104
0.7793009011624994
-0.7772657093599885
-0.16110797727813836
0.7237153619960504
-0.3317048584935352
-0.69015389657011
0.3743973792137008
-0.32896296688464505
-1.3824762567284825
-1.2552456009839759
0.8802844594613282
-1.7085672407606363
0.7132432482715315
-0.3138206414793431
0.6873655239303839
-0.04864362724042305
1.2564229172189778
0.5257493434841476
0.721249842831244
-1.2162242311606437
-0.12989713390400703
1.703358287937233
0.17207892353945656
-0.7274314720852961
-0.06927461146166489
0.3200019169536297
0.7636614298876162
0.3129543874704026
-0.4622540345489691
0.42021636274467666
-0.5947784932496768
0.8705456734997699
1.0454352856151976
0.18986027537504563
-0.7856337381710157
-0.14894589060246594
-0.4904699683587457
1.042037649656642
-0.13670756722746613
-0.6205934526549537
0.9246134283511664
-1.1161206788227593
0.5590726043402818
-0.6265086401345744
-0.4947351272569097
0.6463765564632552
0.304270339088087
1.1648419632563025
-0.34281243231407404
-1.0514479192117623
0.8940520583287589
-0.2605256286509613
0.594570774979794
0.28562758834695934
0.6006443045914827
-0.65498427599941
-0.7848846476564322
-1.649117652115822
-1.8460292104681921
0.8224386061987295
0.9638450562236036
-0.3217004924792422
0.33741246002045633
0.9003057478580079
1.098344183388226
0.18079606251295913
0.5121572534821414
-0.723279206779919
-1.5136559253216422
0.8288805043437959
-0.8347481978591161
1.5376032001809166
0.9613033139836673
1.3000255652921089
-1.7169676451334577
0.09188817329659658
-0.49749698163530864
-0.7532313180248962
-0.38409856664187014
0.5989306647657734
-0.053900374698875236
-0.89779004979059
-0.34138566593023
0.46010983225795166
-0.5105554854497436
1.3830752485203495
1.2658046417120232
0.7915692476340399
-0.45612468938133555
-0.03391910778663749
0.1628156367417333
-0.3124501505704309
0.46377544639849205
-0.4160924838226756
0.3248539421709998
0.5209747451831487
0.3076357889647132
1.5309099014345464
-0.3186902486204675
0.5362951656872724
0.10502486856185492
1.0572372900790352
0.18875983521611328
0.14874770768712303
0.4853792893406149
-0.6316142286162274
0.01914679532497173
-0.6332262409766313
0.24737673969550528
0.8167837055610022
0.5923689116947665
-0.1698269654736137
0.59460913207605
-1.676797088594507
0.0743161823833314
0.06283298475911633
-0.6714136602701881
0.86522773153325
0.09302355430015755
0.6227077576125818
1.2992211616347829
-0.5223662682354273
-0.531302782029214
0.29350927100941127
-0.8191023461470697
-0.6547744603294009
0.20867700037754788
-0.4882356191471564
-2.4371729543914364
1.5369071163523298
0.9027931212105609
0.6538985646183297
0.15873892296110662
-0.0011066497237103379
-0.46418354715716886
1.7470347767863847
0.017868329778821256
0.8015543442038828
0.04642857014755106
0.3262820533640328
-0.1992325373151076
0.054162245003478715
0.38446635264903695
-1.0085088775281403
0.6166477087333797
0.9586860500486667
-0.0586788637000656
-0.12409689171415081
-0.4913233985777955
0.8701650532947196
2.257734038703526
-0.5933632212774643
-0.6645311574748705
-0.9775170392799182
1.0742902967260228
1.081427546864865
-0.37413385714023595
0.34406026698816644
0.42028924501040243
0.5127853990778639
0.28188679120520765
-0.6508131930974912
-0.7184487332805014
-1.2401962544253835
0.07771476266420649
0.7562604741846253
0.7066554371799099
0.5667562937101179
-0.09098637626993111
-1.7874738183953465
1.0986445153882152
0.48988594068370667
1.0938619301448669
-0.009014050126025758
0.022291623335911642
0.07508411949963034
-0.4606627972800461
-0.10234007977062684
-0.6311635029486251
0.0137628712244659
0.2611588140382448
0.06645971321967596
0.04431981784931898
0.5545945956101106
-0.7983754706848456
-1.3166858422175274
0.8714840868246063
-0.2268893626012434
0.2787777881513699
-1.064506268817085
-1.3169464839893243
-0.444475553272677
0.7857914780711425
-0.7354295676219389
-0.029772876697065506
-0.08334585657272128
-0.8462695395124529
0.6272337283523406
0.12438165231361886
0.38019452123939657
0.5241170232801325
-0.1713762479089817
0.9624199456095269
-1.549471632132641
0.6083552024847019
0.3606892308563258
-1.0859959664554382
-0.29071667114733
-0.4408804424626138
-0.6601971685756698
0.4051534041625724
-0.6884529447711386
1.3341094676191085
-0.20050152247326763
-0.5012594760493299
-0.5912257145520792
-0.4284535052340856
-0.1103144877775691
0.7364986643843158
-0.12440899080124433
-1.0561929633205858
-0.47277093420901917
1.037904915506077
-0.5373335924932232
0.32598928023925616
0.4422964292062955
-0.11729901138523924
0.04725740352495861
-0.6893948857907736
-0.7295030153024255
0.4857314079613485
0.3218434892119736
-0.2403536225950496
0.5364122609901167
-1.7268252041422465
0.5820432890762786
0.26879003229331805
0.12397345687818338
1.0577312500882525
0.3547784262214596
-1.2900764611209021
-0.3609538484106316
0.5418575671937197
0.0371187685152848
-0.574293119458046
-2.026032498738344
1.4429863199283461
0.30530979164173483
-0.5186638008466253
-1.310902549974226
-0.7409902452425623
-0.32134711428630686
-0.5582497657763291
1.9124405234925512
-0.29377467554912357
-0.011807822826534769
0.45016055312529357
-0.6500221562337056
0.7837913783420822
-0.24873862159978422
-0.22535967549541228
0.7251514769781686
-0.16485432570323857
1.3385752367122876
-0.2348280069888135
0.6726474129259582
1.1204885005824488
0.9399894264426114
0.1997184374147396
-0.38338257035090556
-0.42291535179177164
0.6751746020561499
-1.2745879966796083
-0.525437262085225
-0.4878446121867502
0.419105071558707
0.14030263786671837
0.9512711676936445
0.2438386551530607
0.10718234580173322
0.840885317902735
-1.0159027470656354
-1.1612138688409088
1.365200162954039
-1.2880225152299822
-0.7985516594771244
0.0897877695887464
0.9157252508947507
-0.04112573613492496
-0.6268209087038167
0.5600922346944169
-1.410589348868355
0.9297703970951564
0.10837707048048503
0.011058237883608659
0.09958069163717098
-1.0569256598479917
1.0216861286216286
-0.35706408729453576
1.6016186764078697
-0.8115152085060121
-0.861228479285835
-0.22564176430140392
-0.2718901558943688
2.3491491535388964
-0.08619429522958787
2.0254914872637757
-0.5800886676977495
0.38617131584551745
-0.3167611556512899
0.24904741478493653
0.904602561595063
0.38433309498699975
0.08327416740097332
-0.5458144137574831
-0.31503900153937314
-1.746089419976331
1.3031565796986202
-0.20966969748923925
-0.8009052400327394
1.0161281821538029
0.4724719258533815
0.6229684878104307
0.41107884634752023
0.3883293975756916
0.9972595150298167
-0.9483821678975324
1.1988803560093977
1.1025900269408568
-0.4210029286162193
-0.2958644703623772
-0.3563240532225552
-0.22590290566180216
-0.5421044275678568
-0.42784208109305416
-0.3652834173076294
0.997286721656919
0.9165857519291962
0.1506474663831171
1.326621733068809
-0.9392791327320724
0.1736043202072281
-1.4194034972331968
0.8024918172565894
0.9376867554146713
-0.5998931048413642
-0.0920699623637078
-0.33586373949157505
-0.09642147528775546
0.24078871021587134
-0.22653616461073667
-0.4867111953614711
0.31146326729684637
-1.0065426164462934
-0.24758827885796475
0.34853396823794397
-0.22857189495285682
0.24869187605798837
-0.4255669485253285
-1.6015968997060366
1.2812456010435422
0.935516777240582
0.6333936832131779
-0.9553509646074894
-0.8026136780722407
-0.3211472558834255
-1.7761282942682386
-0.05959718889695166
-0.2598418902886853
0.07263891687930425
-1.0274786080756138
1.0318374884234478
1.4057978977089753
-0.04268571502650105
0.512787824530972
-1.0964048492663683
-2.403365976102004
-0.43294409178602744
-0.23191004417918842
-0.897374981117631
0.48967748547530454
0.38388242750995516
0.63285005021452
0.411232511717579
0.7793143510095535
-0.7299870762307343
0.7336026501418573
0.8508813354074537
-1.1194920590337467
0.010933882144863979
0.6132766314579199
-0.9468420470719103
-0.1481379238480688
0.8518378802377982
0.44596401017712384
-0.5734372468762539
0.45152558755567934
0.9278404534358485
-0.15944548903230465
0.2881623642031367
-1.5035244073957164
-0.4723534821607748
1.2390777606424477
-2.0089287204116184
-0.3107761827247135
-1.3948432824690142
-0.11528506516883602
0.4101242110578074
-1.0412915491294377
0.8819627608325635
-0.6925010521111391
0.06077683312554388
0.33729804204873326
0.2920480093802442
-0.49505722354115583
-1.009192197507318
-1.1933345269963758
-0.4268129229500349
-0.10791761101484217
-0.12565322896646466
1.6750235370865556
-0.3964030762567118
0.24963829601874965
-0.22365651895528738
-0.06166336658279949
-0.10629503800291207
0.6782474088438077
0.37362891882387156
1.0744329524747294
0.337527126788494
0.2942803492732751
-0.5502748807910216
0.19278611844246069
0.08798482559759373
-0.7434928586855939
0.3031352206797809
0.3812356494297014
0.5134634100947701
-1.0304859118784744
1.0230878778073547
-0.4143368616184826
-0.9186946055565698
-0.03546700407755507
0.047625600870982804
1.2660603911112307
-0.45960773444915765
0.26410869058396375
0.3186185639295743
0.14696723482389382
0.3619789332010847
-0.21117880188018762
-0.11205209732905694
-0.10230565024900186
0.2150616001584662
1.08991878069881
0.9124781456708707
1.307636873625622
0.6126036937194939
0.17606807696919718
1.116278623449304
-0.4220903304034478
-0.10669817152167435
0.6914167804928444
0.9815740732954402
-0.3480932173900714
-0.08791514710906125
0.47500810090438716
0.07093569509648104
0.2851643110893429
0.6487561397562125
0.3635496323731356
0.6987189041971028
-0.4862864324786986
-1.0316761438886595
0.68264445383677
0.8545167601491507
0.4691176436358668
1.202554695481814
1.0245327834994966
-0.6192061525054984
-0.03264840375315711
-0.14667137249997866
-0.28201044731695424
-1.4386261690479498
-0.16644379563439582
1.2070318180246267
0.4419622552175082
0.9765637785942773
-0.7212404149920744
-0.6881870826519594
0.44693391453997194
-0.398082025091243
0.6795322428031407
-0.7147996689790076
0.16745160869045345
0.958983337282267
-0.3467937438464708
0.7617815306092797
-0.6448725695749562
-1.085833310008408
0.28737102151478794
-0.5338883433161322
1.1502570223603374
0.9206539264465154
0.03971442615525614
-1.2747581339881746
1.5850390038224877
-0.48463790643388555
1.3185674692783038
-0.22157822798130394
-1.0823029518901515
-0.6386124033689794
0.2632213934751453
-0.8272193198194044
0.3490702818575749
0.6637965003472814
-1.5751597962721202
0.8696801248100834
-0.9540715731410314
-0.5401543824244052
-0.9225898031321493
0.37209732541539603
0.14275671145714242
-0.01512869597603474
1.32752164731966
-0.06698853171919673
0.4249162581594691
-0.5477317384717995
0.1648091050506494
0.5167457779436623
-0.40071359864376205
-0.6903881777045456
0.20222133417815075
0.5871664445562724
0.5508155472536979
-0.386515769522939
0.5449607840764361
-0.9731760244551979
1.0783814537919332
0.00759031747003968
1.844530962690356
-0.39468857151561215
0.39060038577528877
-0.8218373194387965
0.2719455497014881
-0.461427509531363
-1.3789697466446647
0.17963498290418148
-1.2800030129545612
-1.129443395342018
-0.29719509919892345
-0.35683763010153247
-0.8174792462124205
-0.8323868282978655
0.8526424728170061
0.1802146674610779
-1.2222103896274235
0.4852328690160183
1.5120354708566341
1.400040200177524
0.9736458027508738
-0.387197491577818
-0.08169243305556789
0.6373917446473047
-0.12759588715461082
-0.19903351497494925
0.6378845578669213
-0.06524098516125307
-0.7937035313615017
-0.35013445150472516
-0.683224850953358
-2.0782958244516005
-0.19755150915044825
-0.10577306966602099
1.4269617093035867
1.2146258100401042
-0.507784681219895
0.6122310905950625
-0.22077928324399937
-0.9941039408209418
0.4320880124562301
0.16493949967773536
1.23924753140472
0.6720713141219874
-0.4037269039448468
-1.0942731200220315
-0.336465877933145
-0.4027492800438824
-0.24840063953859662
0.08026082027246591
0.25579277463320543
-1.1358554176328766
0.7501041639908763
1.0205703477447312
0.35563435620774086
-0.44312277098551256
-0.3652012462520626
0.9950648366556019
-0.575669463090599
0.9629300315770499
0.6629895694641086
-1.6957675490666442
0.4690777218399564
-0.9621890326845737
-0.5332574306994591
0.13191287086024261
0.13478360146288518
0.9028976420883256
1.2771723325258257
0.2221934447356328
-0.5502652044384964
1.2298248332743644
-1.2696809870306787
0.10152379115877673
0.5053832972409948
-0.2975685105596313
0.2821704343961695
0.2050041461433985
0.3669832694738442
0.46936503190595036
0.5783259467322148
-0.42565409556955425
0.28906191991678426
-0.39667776518539893
0.67369776904437
0.8275986019504753
-1.3842636062717983
-0.2961622845337968
-0.8806771865937975
-0.5536634283463235
0.2371454068341855
-0.8418256319596331
0.6268249965390361
-1.075653209210306
0.8354948309801608
-0.12297822385138
0.8687420389147271
-0.5243027523518458
-0.3066134734889129
-0.16789183316988915
-0.09141329924358635
-1.2079180922747133
-1.3761251122622955
-0.253938334660202
-0.15685508183461871
0.33463389979041475
-1.2593606738742382
1.202221653266096
0.2551164262930975
-0.8912430513259043
0.12070399336170365
-0.6606769250753247
0.45989522345292666
0.9412503266197916
-0.6446031803325074
0.6665912276172887
-1.921152832327588
-0.978810903418547
-0.6504425746055359
0.4257384981791512
1.0761134289045646
-0.8135523338865751
0.9764945552518056
0.07239243947161712
-1.1787127186524304
-0.3492088567506653
0.09950593503045209
-1.0562672607274788
0.7025792056956393
-0.2814850293822325
0.5382830160663782
-1.6274044554446294
-1.1093545769818127
-0.09952339356457497
-0.09845302209456025
-0.08767970087954874
-0.361248369306987
0.5185412443783765
0.8890677694576841
-0.6433879312724149
-0.3234515664604139
0.5537420845061111
0.8923977514079628
0.31029079359866174
-0.3945505843748336
-0.5776955045910587
-0.6680806873491467
-0.1736270320765696
0.6511442794063077
1.6926971072590482
0.09869689254422713
0.26696434086853127
-0.7267727686350947
-0.9381389057884333
-0.2407799761366372
-0.8814450780193225
-0.37582972508345824
0.059001555015410226
-0.362628832169042
0.7637845256839366
-0.15147583877743637
-0.7998454230026919
-0.4991864226223275
-0.28810240827649763
0.007584382167395863
0.5393414554926241
0.31289715020709274
-0.5085648808900313
-0.38708630308953285
-1.5626032820700684
-0.2555127147588505
-1.5291700840728941
0.23425125688368476
-0.6218685902723902
0.10927351985794
0.79561141158871
-1.5051386309123445
-0.24029369395417188
0.41378056734501173
1.274375685739605
-0.13355052761170996
-0.4928253081033925
-1.3620539654934005
0.33560340926174226
1.5447195749624516
-0.746707501728232
-0.04830015243720244
-0.43291136113085793
1.6972647749101992
-1.4600808687569147
0.8246636869558757
1.04798639000695
-0.18905990852813906
1.008626485949422
-1.0064878997073488
-0.3593679310532667
1.0484325886325105
0.6674816414553072
0.1976619471599615
0.33130502344702106
0.8045148508048552
-1.6064392714175821
-0.09858582757712195
0.17795492534891977
0.1080898590539964
-0.6171564662503943
-0.19958463553496336
-1.18230742578458
-0.7833276221214003
-0.08924305090340631
-0.37733300583721296
0.8186145625698971
-0.5487167320510381
-0.7858676522177772
1.0538007162520817
-0.010165963518329676
0.2650728586161689
-0.1853950988657843
1.051406395045145
0.9191808202161627
0.4609626259111373
-1.2439143049945343
0.09575084315408786
-0.29742061053329594
-1.4776170751882054
0.031748338936478826
0.031021651802192438
0.386352501068163
0.315231493731151
-0.10407309090958132
-1.086075790180209
0.44755588629208254
1.2448247209674768
-0.31009971648793944
-0.8652109957918979
-0.16246674817612294
-0.0009965965040744612
-0.8139160222307474
-1.0099238913741895
0.642849360865894
0.38447803842708206
-0.09733539894023308
-0.6228612726383967
0.016687959332637763
-0.42119467887647777
-0.4704317643442239
0.7227290656306814
0.7069593853545254
-0.6197616581657471
-0.09558529633136777
-1.8875683535661405
-0.24228987117479406
-0.6336671797152263
0.1887903525238853
0.0985098210097726
0.12948563903257887
-1.1583392502698882
-0.46155171304104015
0.20700307674517782
2.0020324817268267
-0.201400251809448
-0.2554645882437136
0.8203618797839807
-0.3894736162406017
0.38865650528744045
0.48674867809242117
0.5157617262048633
0.6143378291310765
0.8716572049921656
0.6159974342197644
-1.1196971523945036
-1.8719087034167756
-0.3286480246701614
0.35242918884771524
0.25579351980049253
-0.4756423957702204
-0.6367077188302319
0.024041978079143655
0.13805473019912437
-0.04282972009449413
0.30820874556958455
1.049493850059104
0.41229728499755414
-0.7243046430878779
-0.863292379813926
-1.9026283976683105
0.6278899426118746
0.3281540097783023
-0.13698570937327348
-0.011363381721715506
1.1789899847864944
-0.6405980444718208
0.7812987671235985
0.38523905152160587
0.8820794451819423
0.10062324918129978
-0.08040201720712639
-0.8646356859760707
0.35324930287704714
-0.6404281937990746
0.4601423997087578
0.5352315631587515
-0.2489072554104001
0.46795600050125596
-0.2257307572165166
-0.12690267521524753
0.8465929472351056
0.8766965287256884
-0.5950012643298184
1.112532673755662
-0.5346026840320557
-0.49583667632717815
0.539403929223718
-0.6530086505286536
0.416102790844167
0.3823576547573905
-1.5662690963209929
-0.8990572316054439
-0.8381791270297391
0.33020571038593943
1.220476999774954
1.075333297813693
-0.30420025925342437
-0.10679562664976386
-0.5076144443270616
-1.0553932386760163
-0.35412524478137214
0.17835123956859894
0.15651863440976138
-0.8356622894206943
0.9871430457334298
0.8526746064557044
0.5291942391282519
0.019248132746486075
-0.30806158497798203
-0.06520959302636961
-0.4649635023689588
1.041328236775819
1.0043461330103602
-0.48579779736649603
0.7459476416824251
-0.11034157905580669
-0.4498244390622904
-0.10915256585507646
0.22762025227014793
-0.358216160987384
0.7161229529276212
-0.19948899937012704
-0.2514833951439084
-0.39350393152190083
-1.336781029627812
0.3776084286271304
0.8918076454740512
0.3840771212333946
0.17367812895462936
0.47891766814261033
0.43531622047429497
0.23017803382903695
0.33131788738581985
-0.5427503098525734
0.35662371726468867
-1.0368212970649353
0.24658199022983904
0.2989835382159202
0.8167440046542122
-0.8028485536837734
-0.15829606808319777
-0.7872598576859701
0.09610711559819182
-0.3307447069106187
0.9294919783138178
-0.6936051934539671
0.26940844309511647
-0.2621633451999532
-0.8477026731157706
-0.20841240419951718
-0.337795340976702
1.046562998473431
0.8989781283342334
0.10275364698374317
-0.5953839116507227
0.2775444190379124
-0.3506452388900175
-0.6250601580294688
0.14800369253299545
-0.2764914933574144
0.565220083921039
1.6467421346233482
-0.4176592278004533
0.930345916466604
-0.49951876114177096
-0.2654051576183235
0.3140382792790997
-0.14590850182599857
-1.2414452792801782
-0.34898784690992846
-0.03999619109214519
-0.5999405080075755
-0.41399630109402974
-0.6271618358313998
-0.18973963095664198
-0.5536334825172176
0.7477817041679827
-0.05818541423325993
0.4583449290992041
-1.049224484457991
-1.1718951695660642
0.5617526811272595
0.8684182333362248
0.6370988876379102
0.30261756055456485
0.41010365672119165
-1.1028411324333385
0.3427408466490518
-0.21024645963334776
-0.060251757414904863
-0.5189461960907796
0.08653964957670052
-1.1879582776159512
-1.554230202440419
0.436150897853266
-0.02543932371049077
-0.6372048288603493
0.1320129870478905
-0.3039825642538294
0.6677104144454814
-0.8829276109967813
0.14303223692876404
-0.6260456026135984
0.2424596089912857
-0.5538180115864795
0.023598380950502876
0.41520122399212056
1.2150108435864833
-0.19996713631473373
-0.054213904174702454
2.0095727252726117
0.48067000605476135
-0.12661078955494154
0.25271247049861045
0.7170945350739824
-0.18572926695579497
0.739232239199064
-0.605153217421956
0.525087660343841
-1.1472393268493635
0.46538157096963784
1.234737111593966
0.06486849149277624
0.20684455217990066
0.5212178282985118
0.6518361205599769
1.5822090827921138
0.7515801131393394
1.1496496735170325
-0.7028544692619569
-0.10412545157006925
-0.48346981676767936
-0.3474014518554811
-1.1689686274442377
-0.5311534143368097
-0.9808487484185344
0.0013634676954209415
-0.06957902026383489
-0.9457594591165397
0.3724570871808246
-1.6745573553630484
-0.12418792435851411
0.6004225241030511
-0.5412081696902679
-1.5977828559057268
0.9693933300055422
1.6128154236080654
0.20419847750184705
1.0750921424762478
0.01623834257572573
-0.3933312866192743
0.8804670005040838
-1.2161784454714117
-1.311437036252565
-0.96439423308549
-0.19664686506898982
-1.0356405138766083
0.3865786044425049
1.6097396860099809
-0.24604187010201647
1.5009067677853802
0.9904262507201209
0.9990422165484073
0.9454418445076502
0.44315098587440177
0.20789780065026367
-0.06292630973138119
-0.820354861512129
0.06160545974234126
-0.6489052247032049
-0.05492548211456461
0.8041003183766438
-0.574208160940294
0.9539468590659999
0.03231607012147733
0.7194534870276417
-0.10319754917542648
-0.734400142517162
-0.06840653967901723
0.5952410751116639
0.8068687880063115
0.5410648379387086
1.448962862538493
-0.6903311976716427
0.1293799438359455
0.6059020771827026
-0.7868590809164295
-0.0987351079185727
1.389746767094628
-0.36741664864041185
-1.3889087393101498
0.02112039290780052
-0.3322612900380648
0.4052624487994472
0.027669658798238433
0.5367016999772061
-0.04424268607547689
-0.07074009749178196
-0.43294221751706374
-1.2937139619405054
-0.22070117867940453
0.5781963898830552
0.21649057042950642
0.4231335428901609
0.09883811349689169
-0.34724393027629585
-1.298863250986666
0.13202195632532598
-0.12031331277047655
0.263689513245995
-0.38269370360755295
-1.2374218882404426
0.23928626852892948
0.9820781799876863
1.4299934908789533
1.756219195362608
0.607555969287755
0.8077553404684964
0.3845674706212957
-0.8258317008852134
0.2359582145102664
0.08179465384441637
0.7830158493191577
-0.5505196726179358
1.2980119773026728
-0.6979230177760771
-1.2554896444995376
-0.0840544583164453
-0.19918545329422369
1.6146524872903378
0.8173285261131555
-0.17087320523203067
-1.3439224165099954
1.4262270814102647
0.3649293381575817
-0.815758406858565
-0.8839082684525349
0.39625185552130177
-0.08078248828054199
-0.22401275138861607
0.4711502910708192
1.1676258178804908
-0.27852663024134583
-1.9094733734341705
-0.41768474576816345
-0.5741018233972788
-0.05390550675662055
-0.19261310892321704
-0.06331567727191668
-0.026776766979748432
-0.08251306217993983
0.3164183655546677
0.20748359178050596
-0.4803008077951261
0.4665443437753701
0.8964812478242332
-0.20328844585226824
0.4110341489940281
0.9096333995334683
0.12761977842292163
0.2705552787877164
-1.5013265402571703
0.6371374722585595
-0.034951369960849216
-1.0796702747562108
0.08766183407005505
-0.8426137182829865
-1.134480459129054
-0.34275723260040736
-1.1494515398977103
-0.27135664481466126
-1.5423266910329794
-1.2946131865631925
0.5260154124423557
0.9032494868015495
-0.7787059133678005
-0.9089452881888562
0.6182556876023177
0.3437599439191783
0.08743723020598435
-0.33869193425065014
0.2276947007084003
-0.3198305506486478
-0.5440724159217742
-0.524115444871944
-0.45284736639236556
-0.35112835265698283
0.31978536839686045
0.07835931481780485
0.49066847288129767
0.5904186965788366
0.1970710281388727
-0.37968063772271887
0.43121890651416506
0.1149296032711574
0.4898004587919073
0.029502191063163267
0.4461048076004843
-0.7229303192879183
0.34116943409994505
0.9451610235764012
0.8947308258034865
-0.6335797998672927
-0.2043067791374366
-1.1458779273361355
1.429911663306032
1.0014440632569122
-0.4883773334964955
-0.21313732874098446
-1.4757794517282035
0.11697894835150488
-0.4219451266191655
0.6800236091424036
-1.2300523816424487
0.27567339636001814
0.9922941810363215
-1.1659879569157425
0.8906698180916002
-0.6251046351093984
0.5835641128699215
0.4527684776257489
0.021131845976629624
-0.06650617055871386
0.2754785802760812
0.5441587789446052
-0.07491419930568627
0.5893591639357203
0.57401285532041
0.5355889955691873
-0.5057925492753561
-0.11986585189212468
0.04141459617084845
-1.4596740175188563
0.1762223609387605
-0.2761027089665038
-0.776375031100877
0.7428597555932045
-1.058291745780707
1.4292128366998065
-0.845815318169417
-0.519873618175313
0.9544127388115508
0.5471154729393095
0.33885747819696843
-0.9162454523321866
-0.004208072416282585
1.5738044587657538
-0.9815602241772701
0.04132035027922486
0.1860777208954435
-0.1725158754916463
0.0619755057325294
-0.28830974843410206
-0.1662726120683092
-0.3061243379128504
-0.39008532664294215
0.8054694297882277
0.005231753063672398
-0.594912123847283
0.31699935138757507
-0.37055994569470213
0.6836237513207846
-0.6971046287334147
-0.14756937732607786
-0.1780018139739947
0.08087548305647167
-0.015188455000623735
-0.4404923476973198
1.3882154981440693
0.04669306381786635
-0.913618995315048
1.3499119328306972
1.2919541018416005
0.06095530331889812
-2.304304401615733
-0.00018121160537423975
-0.057523402288380446
-1.0865793786691205
0.35245347591530757
-1.6052849371722862
-0.16716926154751402
1.1966981615401164
-0.5846723437185675
0.07311312868512546
0.3605146312327564
0.7878250310979126
-0.2271946349875694
-0.18137873644690503
0.46644914148593325
0.9868930747872715
-0.04122892348127583
0.2171371257116308
0.5658758085612772
0.5148508866880188
1.0453958012181284
-0.21500971755550918
-0.13528131215443479
0.6665585077794163
-0.31957900538662487
-0.4189508926039381
0.21109476471667304
0.29426405223571994
0.5316872987464835
-1.1687519446209251
0.3034201881273525
1.2553922801554647
0.1953712483306213
-0.10405396155927224
-0.5245298542079502
-0.2854043679041906
0.7777532602436079
0.9640323534678745
0.3654246432269886
0.4980198679390344
0.3215052022799166
-0.4833961339382192
0.7412550783754004
0.24839764018009625
0.786640760107004
0.5057651695080949
1.0474541815335756
1.1670801868674172
-0.22088030868517194
-0.8636373629217018
0.046931035684500536
0.2513466673393825
-0.06163276682260129
0.162344854470312
-0.7590602710218282
-0.7900341198663559
0.01433135325456826
-0.258567931722846
0.53603359875015
-0.3148206146636956
0.6610278041133746
-0.6084556260437344
1.047633483402138
0.3366770455701281
-0.8326213082567153
-0.8082692097090369
-1.1894522592335313
-0.993032700778937
1.9613614131403996
1.2378073896182964
0.8869491775332083
-1.3115563877453018
-0.5476215151177773
0.544590713457755
-0.3535972370377001
-0.23167079932858747
-0.6574639237605486
-0.331048807760462
-0.2186781684679963
0.944483516585267
0.11289718774795435
-1.9593603228923904
0.32510709018103173
-0.1349238553074711
0.22609471368840006
-0.7210893650725269
-0.9412653606637752
0.6079704840284146
-0.4710402367205574
0.8173109904152649
-0.5237649421819845
-0.3404214728365093
1.1391705521009434
0.21278945189031867
1.0131044990724247
-1.5684849920371113
-0.3162780878593887
-0.003651972722256666
-0.9837344964553434
0.03603793358725726
0.44909188527143795
0.5962237995027435
0.5520931462854048
0.22977985145957947
0.8602287490690289
-0.682880994306283
-0.4696908578974227
0.5063710176362948
-0.6640927670970065
1.0892535877198195
-0.20215321630655353
-0.47291022210093336
-0.08018671508280359
-1.0720664107931275
0.29281389219495085
-0.0870603075751768
-0.1906502152818827
-0.06681072425040113
-0.3333523713623201
-2.2165113458083416
0.2585561928291794
-0.22259677692949648
0.21618685574043617
0.2207835873017331
-1.4029883654525461
1.3967451892983018
-1.386719146349168
0.31314730097024
0.28187819182574775
0.04600910772648895
1.6430531295368587
0.36858913107358976
-0.8897316017929561
0.3018320472331935
0.07988968808611768
0.501388989508308
1.2006578326289579
-1.4033862520866889
-0.7736092617871937
-0.37948710390867124
0.445763879681925
0.22593687852355498
-0.2794761452326915
-0.4307621905465673
-0.5069940626182323
1.0253659572720162
-0.8826598060669457
-0.46058741612296233
-1.2067031499368288
1.3190195998935756
0.030420641781487484
-0.6645190267688418
0.2861486860439095
-1.0054424069543904
0.7703664658276594
-0.10621491133418441
1.2952031189913127
0.8900775778149443
0.42240010041399245
-0.11407155989532802
-0.2563265162346181
1.099690178976811
-1.0031267894899663
0.40392557355820574
0.34130663975419495
-0.6987221270726924
-0.0665497250283184
-0.3070684666155767
-0.2702910299044278
0.13649167699807133
-0.13468362875869266
-1.08352612277679
1.367905813839475
1.2665456314051822
-0.15514880879039467
0.7893340063666932
1.1582241156640345
-0.3080267551843871
0.12420704256567111
-0.209295525144976
0.007321864167514638
0.11964787603777396
-0.5705929863705583
-0.2117738392245399
-0.1858767893335409
-1.2135901303357122
-0.16023027659973815
-0.31063780033216004
-0.3240370652911301
0.06035606932720064
-0.8897088577626728
-0.9109210954358486
1.3229455986561
-0.5596595272134557
-0.2824879142708345
-0.37158693622866146
0.472594881444478
0.49213220378465583
0.16609740367130102
-1.0008797001910104
-1.3503298022485677
1.1434865898665083
-0.9939741121694149
-0.3830015477727773
-0.22937237404006613
0.8742907819174607
0.29821273996904873
0.266745646655722
0.33311523278078603
0.33328201802445057
-0.47109283000893076
-0.46612376932425864
0.6413256351891544
-0.6936008073406184
0.28172235457666445
-0.5177610728628489
-1.0585197989198385
-0.35044518035540945
0.31365828219189823
-0.3397243124293494
0.6869418610512367
-0.5383981173676697
-0.3350307279146509
-0.36296714383919515
-1.1580720435173493
-0.6662680574800367
0.16989670797655304
-0.4906189556443751
0.14025855073482618
-0.1952646920132371
1.164282141415731
0.4636069459963925
0.5021224501673989
2.163072227689372
-0.3329352544533697
-0.16771943644159815
-0.011712770847116805
0.7897008940524015
0.8437780287235916
-0.5365559272800879
1.2119852008256669
0.6079482399686102
0.1572034278698423
-0.810534674651866
0.11146530031573097
0.1276448732165126
-0.33044999019022403
0.7002234353583576
0.7661145171328809
1.3041968542037439
0.09304718743625887
-1.0369360096665738
-1.0991711235141661
-0.4814914770260733
-0.22358090035109973
0.36301224549441724
0.20126210274618006
0.47879457089854
-0.6649782807467743
-2.060829649737051
-1.0010910790707916
0.0967960658903674
-0.5287941686326969
0.00027053635475606343
-2.1020275187344057
-0.8557333195251662
-0.7752227047800617
0.07251212042032829
-0.3625490906486919
0.40644274223308263
-1.2177008967506675
0.3500332341775406
1.4977725324137778
-1.1227064877430846
-1.0769171420098191
-0.398412182768422
-0.27387007208868736
0.189911111680855
-1.575277659923144
0.16210177995036398
0.797758474232086
-0.0963280744856071
0.4815138027535832
-0.49219410080186954
-0.43744485373946385
-0.2236046738104655
-0.18250670527874985
-0.26392008866782257
0.4336888008239943
0.6655854934402046
0.27360985830208295
1.2343704228373897
-0.49174660240414897
-0.9851607674952269
0.7603711904255452
0.046095593643755026
-1.1239663944014144
-1.0971286463076404
-0.1794973091483165
0.08723840266983487
0.8725816359986746
0.21816895907449535
0.5980628971346
1.5635700299352728
-0.018270570764945378
0.21720172098862794
-1.0682227662056676
0.9682386933573958
-1.1266321172279221
0.014833012571241134
-0.5317434022808571
0.8036206219900007
1.16222541748258
0.17015522737542566
-0.5918279008064833
0.3933232070760117
-0.1902191979526841
-0.1316559177624422
0.9944804274205319
-0.18377318899324568
1.614776134549627
0.3017128872435696
0.2360990726162283
-0.3857058593600365
-0.7573942835930958
0.41781223094102593
-0.5973925822869888
0.20776255122390022
0.5210316104434863
-0.25143854849902675
0.04716096757888723
0.40796302886192504
0.2704226880041762
0.287373695211809
0.12271842529577762
0.30260229942811184
-0.8049938245767988
2.354715019012465
0.1415786386121574
1.2550925857731594
-0.8522222605033312
-0.8706257126308681
0.05863412173503936
0.7350523660523195
-1.118234763726456
1.507212107896857
0.15999954172873754
-0.3210726670506636
0.15666617688457246
-0.3991660364088424
-0.13969927618697603
0.6421477703841758
-0.7256753503472935
-0.6919042350060006
-0.9089979877725793
0.37658938428618005
0.2751634681106287
-0.2865049566902193
0.8255872695048379
-0.5984727701037595
-0.836001711672757
-0.18890256439040937
-0.23670198424159067
-0.8071505859510546
0.34588154332303117
-0.0648388376092556
-0.06511791808773906
1.4716614725992145
0.6182390914983988
-0.8932183132555165
0.2771835518596205
0.05342092595634191
1.2315681992810137
-0.31668048009689526
0.46628452674603965
-1.3671550454336518
0.43556801086439356
-0.48037833882617365
0.5267064059405537
0.25815708074623794
0.536372382451159
0.769766421728267
0.0966975021391843
-0.8961044291649577
1.3892635148346322
-0.8351488841364629
-0.21631222635817776
0.18971501795269743
-0.03155106995847165
-0.22751901580473002
0.7582724034307635
0.2810517773713582
-0.0543984789030825
-0.4738131510614926
-0.6036627722880135
-1.1650106000871836
0.09001436681973635
-0.49374865588384836
0.34116035715509674
-0.9572871252201173
-0.6324135498721435
0.9881574645342506
1.3010712442696195
0.9361037106909331
-0.870371064440999
-0.77706383127424
-0.4646311917339847
1.1287418458392695
0.6873380545423043
-0.6469983820820919
-0.7752063287623717
0.3407128054617745
-0.037579371175715096
-0.9813268030038025
1.1116634337762075
-0.011045057941679395
-1.7283646322215163
-0.5950011805605715
0.8758562800483756
0.7072147706556748
0.018160197022087085
0.764256185548281
0.7560103122048124
-0.11393990364401593
-0.11528915434369863
-0.15303913644615058
1.1898419541002163
0.45013300985037774
0.04683769440453804
0.8517128048142122
-0.25381635563657823
0.898647225503136
-0.38268505540034736
-1.3981822676864941
-0.22155255075653996
-0.6092071331984248
0.8669069939912626
0.2377710436083724
1.1729810210100995
0.6319647198983782
-0.3094338146683815
0.2787267740931364
0.015566227512503507
0.8131088256652853
0.53216714528822
-0.3523175499782151
0.4243719657730607
-0.0797022391717134
-0.9261860902709651
-0.10276700994995853
-1.307298612730309
-1.1711426078673013
1.9101772681661373
0.3548172704068453
-2.1115227103975287
-0.8955278610531057
-0.12279433703930945
-0.2387812324297026
-0.49002889022249274
-0.0552097511041238
-0.43483254637325475
-0.4241553547445709
1.013228708225701
-0.6136140955762341
-0.15078522432664232
-0.14284106152544612
-0.9090618699415461
-0.8011793385803581
-0.7827629143700985
-0.5686489693309573
-1.606177105957034
0.9135641189137187
-0.06964239513193185
-0.53556014819947
-0.7721653139632148
0.17326565392415796
-1.3393467969940078
-0.8977454245391635
0.9660120572010105
-0.8530242408786208
-0.11912698214522313
-0.1390553074836905
0.3938519224160225
0.37333750419928724
0.390936012865009
-0.05504803563726776
-1.1078256300695823
0.01105724204981456
0.9286078065988481
-0.793335945391754
0.2948914435934566
-0.04432556164008419
0.001615222776210843
-0.2920593459407585
0.06168301807122027
-0.9744451838739272
0.1183288543708868
1.560317700509429
-0.2967691489274532
-0.5310259205818499
0.3414833348222631
-0.1460347309695331
-0.5378028807344633
0.19446696556017462
-1.2921006096810443
1.3767264539107384
0.12927700767734307
-0.04347137562635539
0.6378012637184258
0.31028627276551857
1.289685270191357
1.4805536114250428
-0.45954867787633624
-0.3960255287730309
0.7945068684413881
0.1253280002418898
0.06073598247065023
-0.21460414492919183
0.28458684883364327
0.11939412106791689
-0.5493869417267802
-1.2575994831276374
-0.36882459528933365
0.5494181544220831
-0.5545275640809907
-0.005863311171792514
-0.0525157557406694
-1.2501400723686302
-0.09025820409059856
-1.0957369280404126
-2.259048641930288
-1.1053055756280796
-0.005989256918262623
-0.9874493306022547
-0.23974001692127583
0.8051018993365823
-0.004597318749137077
-0.5243556258056221
0.4152346152968226
-1.0318106455233231
-0.37647019001451365
-0.6599223889318104
0.019076747169273767
0.44712194118735554
1.2890611873250268
0.2578888342085875
-0.09578676470875368
-0.349501866282077
0.12218291561501143
-0.2489874937814101
0.28555538112818746
1.1615917348163416
-1.0258733098235027
-0.4325771997140136
-0.1235829793050761
0.4598316380237463
-0.15781422963788266
0.5163823446764497
0.5054027845716718
0.5239375113235442
0.16045380411729318
-1.3344293070376554
1.0735321434070533
1.4742893787437505
-0.3250237311851776
-1.2607218357743926
1.023231089230465
-0.24505385389320916
0.5943158053742756
-0.43860758054383614
0.2400615440022465
-1.0076955505263905
0.1282452192092045
0.17300727916816389
0.7173870207120616
-0.210175952611659
1.1783951793965488
1.2555880238610408
-1.0060586111961671
0.25408972243970673
-0.20232648765414352
0.09981393008260112
-0.7507910847423527
-1.0219392858894174
-0.5632515445084219
0.2299742051213315
0.6260497131615153
0.22123474663210974
1.941628741026614
-0.33385961177626194
-1.7877097424746506
0.3436945548893573
0.43544806808007114
0.2910009383004339
0.5982630556388147
-0.16466501503965528
-1.0103309512887895
-1.3903745729069639
0.822870600272859
1.3124896455821582
-0.5830427947213566
1.2478903081725137
-1.012362969293393
-0.7495585944798151
0.049152637641736635
0.2428283270220765
-0.4991623707743477
-0.8051636885075307
-0.04695728147832595
0.16625482963264787
-0.06343291600196369
0.44101668374216574
-0.3242311038314046
0.29947387458687913
-1.0670945914200818
-1.0319095366465092
0.7503753084106478
-0.6952565819345469
-0.6113167772965251
-1.0382686651524187
0.9458267558354863
-0.22295193751140446
1.2621984035287688
0.7429689946062513
0.29306008295577396
-0.38680850126270916
-0.5886217364951263
0.9532800204271343
-0.3450648855003265
0.42865884732495363
-0.035083269556444446
0.7142088466654513
-1.3860193695685394
-0.7081515704374428
-0.13785026641379144
-0.10371766478043279
-0.026141567337379466
1.292675227398454
-0.5248099967228874
1.8194280450690492
0.40550066806996976
0.9222100659117085
0.7212688463146433
1.082614200340754
-0.4715952101290144
0.4810737187957596
0.03301461388104575
-0.5167240813913805
1.1339184811063485
-0.8764367707895502
0.09493178115081413
-0.18753853362285677
-0.7404678984044233
-0.3556470426107844
0.49866969273981143
-0.11793034555985663
1.332970563447052
0.19500417659159763
0.895439580028945
-0.6188503071290523
0.2704453892681312
-0.021440460718737366
-0.8547935431577426
-0.11720077032952478
-1.7947699256384884
0.43710540838217204
-0.6568907172868704
0.8086767272497869
-0.24977074598066792
-0.43313694350028736
1.4129815380283213
0.4435163981633462
1.5976702736294708
0.23135682678915825
0.6425625998189743
-0.6177178653861513
1.1225374706306184
0.9329005832275737
-0.6830667321220434
0.9482651321396045
-0.43940191651582716
1.5326038529855917
-0.7615732689429127
0.19620105084249082
1.5551538016478643
0.7120659762148479
0.5776908170180017
0.6236244766938865
0.684099279828771
0.2646886909001922
-0.8413494729506885
-0.0816785623386859
-0.6128604146808301
0.7876231130025184
-0.02473298561790285
1.9881163219284124
-0.34938318356774545
-0.2611827593780645
-0.21222458744290185
0.04886663863745771
1.0521601647964993
1.0311926996959124
0.9532093747106164
-0.8287701966287108
-0.323446526803604
-0.2792813857886907
1.154964187424771
1.1001229135966386
1.2743802914898228
-1.121442340888468
0.41753456172651887
-0.7008226204685263
0.04435962200531039
-0.48967411427100815
1.4569658613514909
-0.4297634667403275
0.532191267589051
-0.7035160697695564
0.7094470937576152
-0.9494861701145043
-0.6428569866735158
-0.16468221896003518
0.3602695943724278
0.7797500388433359
1.2199065920658485
0.8575155199443342
-0.1280427986088174
-0.4329648662651273
0.7591420265259505
-0.36228355195050344
1.5128399986660293
-1.9999289943744702
-0.4873818571133788
0.6286019670825014
-0.35990828994544793
-1.0503286244839103
-0.6188004249893168
-0.8651800540594298
0.8706727577972395
-0.8143090686060113
0.8292685056279219
1.2228979758251786
0.5809974563539135
0.21500614033201354
0.2105944252048068
-0.6887925735820548
-1.1369128952735759
-0.3848177755263743
-0.39260292319377066
0.006063710366527961
0.6650875043183331
0.7036464738261263
-0.6168021071611461
-0.5205110185112238
-1.6095316229464212
-0.35942605868531785
0.2673476167820614
-0.6080689908803313
0.7945312092129064
0.6589868336491854
-0.1274796702933611
0.11340910383740288
0.8262203160786294
-0.2140970563520456
1.1379579256589354
-0.3543641548646405
0.6389721779694761
0.6626776742614429
-0.7731106114879516
0.30366283407604916
0.07944548680960772
-0.5896345675365486
0.30036700738325944
0.25715352575749895
-0.0274229369923729
0.425256542701387
-0.07396473276865563
0.03681429522895266
0.3421253641155229
0.16778463493167797
-0.472320541749212
-0.08203981527868515
0.4035875594611393
-0.6708649996837278
-0.37510366007305485
-0.39896027186522287
-0.5967557936755861
0.7989279336987194
-0.7990536559880983
-1.1194834881210813
0.9290444192020313
-0.9162849120376245
-1.821965603976353
-2.0636220662952147
0.8585534336862146
-0.34146036882340935
-1.2225943609692809
0.5626918056881792
-0.7205837387050117
-0.9072611012849172
-0.9887183885547789
-0.24689960885875628
-0.5169533964159136
0.5065250433124158
-0.2334431005313221
0.0373043364162974
0.22972746268632413
1.7102492279688182
-0.27798085440662856
0.17966669959658685
1.4617919970002566
-0.7142437275569079
0.11767909041218469
1.0239050856438574
-0.5509700106855633
0.4313730529558492
-0.00987163271458176
-0.2378279863856394
0.10648263213891318
-0.7529602722614678
-0.800525857319595
0.4746817539520285
-0.18437284940449963
0.8757498285772669
0.5131453812269393
-0.17785930554949209
0.2151704005891975
0.21334566119274395
0.3146292476900276
0.06124335832939932
-1.0664719673054237
0.8156067993026384
0.7661136440024311
-0.9063123326959632
-0.9760331488877929
0.5064500847903519
0.25459477944289416
-0.412592716656166
0.5515571072960668
-0.12570580448522173
0.07144750843325973
-1.0420528013917587
-0.5524578259200219
0.37842499334888063
-0.4792639911655225
-0.5173970780310806
-0.4852014772351608
0.7676405623648179
-0.4559988824610725
1.0023057430755462
0.7049950106105277
-0.2121064267327515
-0.9809514274856882
0.09786493602078235
-0.4747841056829881
-0.13790958105858142
0.15688173393913624
-0.48288836964018206
0.3127259957854203
0.5751728701409138
0.45565953847682794
-0.6192143171252552
0.2352087573447112
2.07441372515426
0.15834773386342552
1.8791916501881119
-0.0317370432993509
0.8848744232734218
0.6966680209419654
0.3046400308560986
-0.044335233037586505
0.7540515902542277
0.16760083513073015
-0.7539778227305824
-0.12334614156524125
-0.4159312001713298
-0.9823458612423581
0.44224518111902733
-0.6662887087999396
1.049411119483155
-1.6917271785192831
-0.46099047469054844
-0.3208463746515857
0.3245470592399457
0.0005677582503258946
0.7880005963573726
-0.14761813146262248
-0.102420864869596
0.9871616527305738
-0.3208422487721999
-0.6765811469466518
1.2619510820805742
-0.03994444045547621
0.8343577543087352
0.8158297322200416
0.02624937141144928
0.3502576564375304
-0.7225447396657994
1.5032698886182503
0.5593080138239083
-0.41814032546370405
-0.42257796766323524
-0.12202481259563523
-0.5004897562386306
-0.48144321587373173
1.4171495394963658
0.035718800163077415
-0.3296542066801088
-0.8140389734213589
-0.06129355353059847
-0.07057136454091148
0.6412172307209327
-0.19742413278666002
-0.6645740485274672
-2.003183047301354
-0.24959736915453345
0.1656650061770124
0.2134615557332013
0.321582035335133
0.7143657558115729
0.31568515833214233
-0.7846448448835173
0.763086018175984
1.1240809844650017
1.887477214447708
-0.8759976017286377
1.23824169684803
-0.7055349036925561
-0.18427526752934867
0.30917585436536865
0.8807255356930513
-0.5254780628390069
1.0590954581462197
1.652119618570226
0.39978214193825223
-0.5721262990488232
-0.7956077242245433
-1.033754052768229
-0.6041219177606463
1.279009823465655
0.46474844169767493
-0.5727956418753728
0.3399632813503891
0.025402955468789568
1.288450235942736
-1.4905960444976745
-0.32198350575306356
0.2303954781526505
-0.6774073786744473
-0.08503904233739959
2.327713861557691
-0.2249809993677525
-0.6916444776198022
0.4257275476067309
-0.8780191995717532
-0.793029537940455
0.45513817613216634
0.637198777936487
-0.3922346869113912
-1.0925679619249842
-0.52409501664156
-0.2880899498122651
-0.6001405887507407
-0.6671165801671713
0.18183816456972257
-0.2140678486393993
-1.043607215586507
0.24533379145505557
0.15280671963116904
-0.7752379966848167
0.5292521471786407
-0.1802918290485634
0.6237929361083752
1.3610826670405567
-0.7075031044440602
-0.07929216547397763
1.9509929487496103
-0.10633949137595042
-0.44195187631552624
-0.38611108776055814
-0.462934289238505
1.213052712910185
0.631137915030282
-1.1245310369937793
0.2859500753315327
-0.5837307442902042
0.5131653550195855
0.4777571530717545
-0.2281529802567363
-0.6796362202663564
1.3252445464512252
-0.6000668737128886
1.6961842824606355
1.0557366513127902
-1.0476477616326503
-1.0410639408690725
0.6620741773854374
1.587255344994389
0.5934631995781471
-0.2134704010436338
1.5795334156246672
0.42075541723302645
-0.865297390264768
0.3191385929291088
-0.5505408476722451
0.26357514646709723
-0.35004700252162835
-0.46045532569319014
-0.16674373340782941
-0.22555865303977796
-0.3863344576364528
-1.6361362981972079
-1.5653944898818648
-0.0488687542364695
0.9083971835743065
0.8383067846932806
0.8086763852874705
-0.501549853323774
-0.07086228822920643
-0.3822028073947453
1.1581742136217457
-0.09207851779393193
0.3658238926549541
-1.084390102575653
0.1542552597104681
1.4341232526566843
0.4444014507692414
0.9308563024904746
0.42387904624780176
0.6226538822326072
-0.09849011868184884
-1.2535103582442173
1.7913449019924563
0.44148822434900326
0.5714635501029944
0.2772246014813746
-0.7810515179978545
0.35990825382178226
0.15730936656476674
1.3254770661253248
-0.4602221379675466
0.4352692249958771
-1.4719144231218853
-0.21808869887164417
0.710674206660465
-0.2806239339786122
0.9835220540378732
-0.36359380074186354
-1.5517524237679607
0.9830942181885791
-0.025312723832967815
0.033923829186681756
-1.0894613787289433
0.10731650020439212
-0.7267691614659681
-0.7100803269865549
0.31820226569530896
-0.9597911359154969
-0.5034682658959685
0.8797232918565607
0.7858237366585688
1.2905405664410905
0.3670257376859884
0.44364378669185756
0.23074402219481
0.12071710452421902
0.05227423495897646
-0.2850329648718901
-0.19430689247484156
0.7677259364874742
0.26624273166941437
0.915515229061919
0.07210820201453538
0.18516844590519357
-0.2749078304659064
-0.257642329006472
2.4562356809441637
0.3340949847037561
1.6909315926187414
0.5283430627469226
-0.19711542530391307
-0.1555266601137192
-1.3114306748563607
-0.3447355418875331
0.1604281004996855
0.06384452865860912
-0.4917939058061068
-0.46964878961909506
0.1074825056611722
1.5414133375702004
-0.33398183531115594
0.4115919936859228
-1.5000317678208719
-0.6306029449316408
0.38919563305515403
0.4591571443947873
0.5214012237719146
0.022722948517155936
-1.3353486635785976
0.18774899863032685
0.3457636516810849
-0.679827870734996
0.47041627838561506
0.9600931849676702
0.8696073440634702
0.20160697718399734
-0.5605323408722241
-0.2749920464530002
0.3391887188957459
0.9453720611707279
-1.4864833974227176
0.5917015183147358
1.16256728572984
0.37792324708255715
0.5140517076422098
1.2542067967551982
0.019327741040267934
-0.87798931740201
0.6973994539262388
0.03794760306824342
-1.35158409999549
0.6844221779372693
0.8475281400391952
0.6517133061234214
0.9693962287051411
0.07422140843766932
-1.036472169976506
0.5591550235420406
-0.9612517181978834
-0.2123390306195771
-0.058449119823741805
0.665013550337915
1.2230247937560699
0.6298605747046704
-0.07773408659708922
0.9938969831977646
1.5211887588271913
0.3257843967448496
-0.6551854734334334
-0.2774654529182533
-0.4129123671741517
0.02387560582834678
-0.01978215167118428
0.3054913976928953
1.6369007170523018
0.35442263346369796
-0.7050231885684626
-0.329497595389736
0.6030845008520888
0.5573818717975103
1.0434344835667209
0.7463431327369026
-0.8711230601931648
-0.31249896902144647
-0.7914351707317341
0.8604960009700402
-0.08425404174379299
1.2884410456365238
0.5598627344619792
0.4398787599862214
-0.5734357275784708
0.026433946266551447
1.524147822529979
0.2242275936291656
-0.5030792345430908
0.5332378191312132
0.8205718038328442
0.5579057769971434
-0.4325134005117634
-0.6090123290634137
-1.4099700536490034
-0.5335076492669553
0.8962011535406713
-0.3013355495437163
-0.3279995699076039
0.9560706977979707
0.14742179324573607
-1.3460804298574933
1.0120656303156366
1.0587459030192454
0.3509125469264168
0.9603309267544355
-0.8415829598240838
-0.41277978869198495
-0.7006833334628848
1.686558473972851
1.0409114479742847
-0.5615151066789502
-0.41434867881820214
0.05961242088133101
-0.13711232177299815
-0.14108929745210874
-0.7915469131341818
0.29967033218298944
0.2900628650806233
0.4400229012899447
0.3147149589637629
0.2975218441645375
-0.02135821934566218
0.6372559954259804
-0.37362424324096977
0.44638932388512464
-1.8199274530729403
-0.9514697631125726
1.0117396033917918
0.7701001726045533
1.8403799886947343
0.40715729520913774
0.43692102981890063
0.5931860409820204
-0.5145922352307072
1.8834036652425263
-0.36067209541050693
0.17159689307526466
-0.6521252466436287
-0.7479916817387998
0.5430156144561286
0.17892354621703402
0.18989800411228588
0.27798861771714806
-0.3856065033043359
-0.36129784591553515
0.539554771684286
1.1908378608043015
0.3116398838918889
-0.736307344182378
0.6411428649151716
-0.9621540909712287
0.3022829385936951
0.6125826901866133
1.004382012992613
-0.9034092026310067
0.12255308638673455
-0.9779823837068435
0.9807953790644282
0.17391813652714855
-0.024866820600316836
0.1339855676275554
0.5817931781494415
-0.014344194272337192
0.3890446294827004
0.4647037823866067
0.5106556898611575
0.5000895566682806
0.26138919462846816
-0.37874975864510035
1.1970075736929568
0.6198398243832435
-0.1790346671214192
-0.5645168826872791
-0.07617955343191476
-0.4476011289420374
0.6457097026866566
0.41596066400729825
-0.06815644024782139
-0.9898071702132436
-0.2429225192906731
-0.11030325473790148
0.32384303721679625
0.2228950852700834
-0.6262803473353801
0.5889934250917226
0.2858619399410859
-0.29610505096803774
-0.156030878964017
-0.4691663683097266
0.1443396931255181
-1.1427701610735275
-0.3468996447641051
-0.06746888978451573
-1.595478819038151
0.6254318509114307
-0.17287020314770943
0.6173108908546412
-0.6047400443149917
-0.09726221397449812
0.04305233693682099
-0.5179434890280389
-1.7071654197244321
0.8360376045588577
-0.3629978256595422
0.3494154423047957
-0.2592070817237714
-0.525474583585973
0.4722765172612715
-0.1689303632165553
0.5655825669822265
-0.004414022464578004
0.3159622905788182
-0.02292748983500921
2.698185346058948
0.0836390713602292
-0.35247939722255195
0.8788781509778449
0.2673376527201877
0.288491445846865
-0.4640358193682287
-0.6335748390144273
-1.6244735523097087
-0.6265958038589556
0.9334342378282217
-1.1883606220220533
-0.7386530827637251
-0.6777952012237665
1.6148142720226224
1.6788688038995017
0.3617747263002559
0.168294596622184
0.1591281932778927
-0.4659479926060385
-1.2129363701022455
-0.697762612318602
-0.3251421352134912
0.12349051290014892
1.0931743092732624
0.01564307049699163
-1.6871356075018347
-0.5914694594423822
-0.4672422661445905
-0.8487208625573728
0.09991250152374143
-0.16955513380559842
-1.5056523176658607
1.0463679958900267
-0.14828996054125315
-0.36474648117551445
0.22528644319201557
0.6313570082584707
0.17844235185119803
0.5423469414881836
0.8996111888966216
-0.3816516880730574
0.6342555333282712
-0.22967647236684557
0.44957020177378115
-0.40227818151230027
-1.2997463186995961
-0.1380912969923502
-0.22402977767802978
0.01294806954535331
1.1584622077408797
0.43299553065526897
-0.023564142753701528
-0.11190439779965547
0.18312784267717674
-0.23730434567982076
-0.13995524346595734
-0.5678907632222252
0.01766928613938661
1.6982521200125311
-0.4218968464456351
-0.03738706131603069
0.49090486341651657
0.01479438360644951
-0.17529228849404133
-1.3919990463049075
0.7432171517925463
0.025680667938085364
0.16160684842042874
-1.0636807849868124
-1.1868651178247132
0.6723263793374947
-1.3843725823941813
0.7026008340428916
1.0148424598622352
0.15780158714992662
-1.3613249533818812
-1.3511868443341486
1.1395858721856242
-0.07840791114583637
0.928201305831898
-0.09826881260196516
0.2600042798547558
0.1259680665982889
-0.24712543509002388
-0.08789740699518196
1.039214158164234
1.6724169017839636
0.7074656629788572
-0.20607770314350965
-0.12438896851453934
-1.1846780834295767
0.21673892151064114
1.065878130074341
-1.1659573606213718
-0.03658540125427344
1.081516972248032
0.6049905859927841
1.4435124225801317
-0.6178967330007228
-0.3386479481235424
0.4741218462981667
-0.7846101376387591
-0.6465113505945832
-0.14663980871017962
0.610480305889871
0.7100515344139503
-0.5257370780876829
-0.5383509945356659
-0.2743644886936503
0.4702505514551602
0.08374908021230718
-1.0445211290170298
1.6357023155091182
1.4164739786163678
-0.01723557238840912
-0.5209967762879891
-0.24360184865053786
0.6165542633576643
0.33275519075532184
-0.20557226826827285
0.37261916020373437
-0.04717370175907215
-0.8829815321702705
0.5173677663013296
1.003355447972416
0.45913546682925754
-0.5389234092711714
-0.23381135828227745
0.9801971572674619
-0.1945709571590859
-0.2784079252113995
0.4988205386954962
-0.912095512228913
-0.14092642331025343
-0.31564148298782313
0.19901802717443678
0.9458004972527624
-0.9699034575273479
-1.1431854947916364
0.2815541158682488
-0.4290858965366282
0.7588315387348092
-1.0665565504745569
0.2583756494143017
-0.5922020209397977
-0.008975068520573485
-0.07349732437304024
-0.44427511572814726
0.1342305681161705
-0.9446265502914271
-1.4105576057098514
-0.6581042741179802
0.8062852693753673
0.003345203388505166
0.5243196205030053
0.17507511697958777
0.13315808932021922
-0.22839128674707643
-0.9672457677097595
0.3013459556037395
-0.9276494015491838
0.9629963411450211
0.04002659627737967
-0.47553413154305835
-1.2434739874722083
-0.34520102806748004
0.3978182862453346
1.407254400335119
0.3082612388025032
-0.8003137225897473
0.6358746270640044
-0.18439238243779357
-0.002770808409638227
0.6002182368010782
-0.7359955200153304
0.43959852272854727
-0.4172138722014207
0.8257072761252682
-0.3424765177183417
0.3516863415009725
-0.31671186306176224
-0.9918886657771364
-0.2968686486997746
1.0460671552919338
0.18052867293125197
0.2937296335130436
-0.36614646388566374
0.702485674226859
0.6532845749254828
1.4080027400698498
0.2519057924153384
-0.45540460870619337
-0.48945922159507177
0.5236775292229207
-0.13010708378377117
0.4620154924778801
0.14051853477530582
-0.3790551949411433
1.0187905547275058
-1.0755011734523905
1.2904829607207982
-0.5148418194538374
2.6791047127543033
-0.2072202765020976
-0.18601370769144926
1.3260650188576453
0.8094921968179352
-1.5088329107066825
-0.4876850366177682
-0.14399466230889557
0.854981333863281
0.728204482251013
-0.5136366281455429
0.8253932809883475
1.4990646163464174
0.05664811116065359
0.3270853554605604
-0.7519276174936975
-0.27637408082159953
-0.3369267280834336
-0.12151602516725082
-0.2658882347085888
-0.12242746994247028
-1.7639572427283055
-0.005359090468348831
0.42597829892216077
-0.9392197108297933
0.7164439335310677
-0.2823334843825226
-0.0969428628732325
-0.13703638031795012
-0.6466746364602918
-0.24027726958352041
0.9867996544726405
0.569734298780723
-0.5071423019507346
1.5172468981409628
0.6710562146282877
-0.5201405381924874
0.14112147582043139
-0.09147481678696145
1.3564058926345814
-0.28473513493126257
-0.7064324823534117
-0.3901781748326931
0.06571965401432758
0.05422639212422198
0.6257913722895704
0.07776671946747286
0.9229801462750366
0.6129879841198298
0.12326188119290102
-0.06896318692818602
-0.4577440173099251
0.07333060276544613
-0.7260521269389624
0.716912167985459
0.15452180209934424
-0.05721756552555985
-1.3310991290556426
0.47105974726002764
-0.5960668790004474
-0.8386171543939884
0.11666496625182157
0.4180726837291118
0.11837982745330528
-0.057594653583663065
-0.08335324699935844
-0.36771820519092857
-0.4737110341923274
-0.1363549222441649
-0.10905089723758409
-0.3320205440606437
0.08389429112644986
-0.578235123571963
0.24810701155448622
-0.654874937087276
0.3341985629769072
-0.6888575491418235
-0.21259758415381108
1.3128116854825926
0.15973914940830436
0.15622842557791985
0.3031172070268829
-0.6972953847191956
0.5353271594538751
-0.39449287151645474
0.5496947112859631
0.2653266402762683
0.18657494488280754
-0.48614896648410544
1.3869257635650427
0.4380714204126398
-0.10755864459845804
0.5953224363306021
-0.6681625877560586
-0.2854065600226898
-0.3697283155354949
-1.7184512886465502
0.0561369758411543
0.9886091118494238
-0.18467639898488686
-0.6551542816295264
-0.37528603279522904
-0.2643465408384844
-0.2194850591508702
-0.5019941749251959
0.8714680927755034
1.0567503865674648
-0.37964700194901646
2.6292214980707507
0.7777270075201828
0.9815753261128155
0.7780086623584281
0.3028090278859573
-0.7725880413852222
-0.26249477623951634
-0.4120097180623501
1.334709296876936
0.15341275265829485
-0.4324935223472214
0.7054047184188366
-0.8465428097028616
1.1459309347560145
-0.644770184469109
2.096577184107117
-0.4043628854906001
0.9114239107754498
0.1485252342992056
-0.43930491988281517
0.023028002789551708
0.027603203051798267
0.212791144668856
0.061043677563808504
-0.38224028908868163
0.4652639864076853
0.37016020925371673
0.17666442851956662
0.279086471796188
0.1921817529861954
0.9391559769682934
1.323684060782839
0.63574065356402
0.5705311210297757
0.10794642317268907
-0.2877379420324362
-0.8655157508662602
0.1368155516855017
-0.04204279747463552
0.5224678553764597
1.0180908660195391
-1.1439855839720643
0.03414861945618973
0.4994628850786515
0.880769711142728
-1.6641630541855128
1.0097941559800687
0.3180328192395015
-0.6777757699187478
0.4728775043587188
0.6872934387080221
-0.6722025431622246
-0.6585396796917375
-0.22818343690735285
1.7652086252833494
0.6337836393907512
0.4065312296032182
0.2328249587121407
0.19168817427657114
-1.675762227261329
-0.961402472997622
-0.18684529653095266
-0.2647247170360605
-0.4760136440609435
0.25167320416626565
-0.32520079923518513
0.24073848526815753
0.3186083730890422
-1.2637696564910659
0.02889566834850684
0.7734907130815203
0.02979393378941763
0.4771704823901258
-1.2676455210692514
-0.90919610307052
-0.5381126575718769
-1.3766684827796396
0.7574230564826356
-0.18304243549774812
-0.6061406454606331
0.23613156914470956
0.5549633336428316
2.5817415822981835
0.738324954004449
0.6917540328286815
0.028637409338342964
0.6023785336266276
0.7369411556152101
0.9898683211487076
-0.12032608386078407
0.106713855913939
0.24900774105055645
0.2634697918638396
-0.21087918556546148
-0.12488608239873156
-0.20766532078871253
-0.05138275911058929
0.604299575811287
-0.08044140121804216
-1.0640263748885874
0.5415687491461841
-0.5719534461595845
1.0887499909964915
0.673275516178482
-0.1740705514210705
-0.5819416425272301
0.4225681999530675
-0.4071831225100566
0.6153780840016014
0.28048231161391196
-0.2429525717040222
-0.7688493424439313
0.3333756570088209
-0.07667661958387421
0.8348459997271214
0.2261137626326844
1.1696217707012617
0.36706448465619806
-0.6032249225218639
-0.862879744946592
1.08157329337264
1.2887635358599234
-1.0567502693479471
0.8282362331948814
0.3759881623958016
0.6493828163960171
0.09909364307543045
-0.7848256905592101
1.8519217691060357
-0.20319100806025148
1.9257207578248448
0.14544369534383025
-0.3922449665509034
-0.779428634142427
-0.0251665673803049
0.44575588134522914
0.4140174804263903
1.0901972248980156
0.7893064974997928
-0.7860324885137127
-0.155185062234488
-0.3941283766711513
-0.8479004717548367
0.06906167543508712
-0.014187619655675967
0.2804706259036666
-1.1504439824849066
0.9793017745845642
-0.18335240321216228
-1.3876335559932005
-0.9906011092863932
0.5635316612764731
-0.20389705319206844
-0.3643937529888177
0.7511863102191889
1.3446232142088543
-0.3085879000759263
1.122261897651486
-0.3114495577791316
-0.10732215778401714
-0.38879312408584066
0.01695044310502643
-0.9155176860075606
0.1434082764580856
0.6611456729334036
1.034793594418897
-1.0327634115221134
-0.37178730436377794
-0.8034486679066455
-1.0917493235030191
-0.8640907733986938
1.6312095552090622
-0.029874618637313916
0.09483862784298486
-0.9004949286843871
-0.4569075036553955
0.8120632123661623
-1.138721377299024
-0.741285229594442
-0.958718828374219
-0.5165131289866165
0.3888401686000418
-0.8476595578391654
-0.5791952297697216
0.8998450847498852
-0.6889554054165324
0.15807101567065174
0.8707755983073993
0.4520546777087525
0.4731350233314745
-0.14263331770594168
-1.4199406123394995
1.2642685056846625
-0.7865674298124152
-0.8651872785611328
1.1838316249933007
0.4370655283351824
-0.3867121762159268
0.45646126308222673
-0.01877061520365278
0.16700810773506086
-0.6729928931778724
-0.6154934286913887
-0.6054820553650636
0.3786398522098955
-0.3612062324488196
-0.007967142791149262
-0.18663321996576798
0.310116388136502
-0.03652419104501183
1.1036556956155636
-0.09911966871184558
-0.48067105388490294
-0.372234380898039
0.16433275217661789
-0.5043036782337348
0.26336184141005015
0.011471914413578772
-0.38390397910351504
0.32220769468582766
-0.2868558266162008
-0.30985000003681595
0.6814696921235348
0.3145810097952853
0.03636537966238594
0.1371093983939202
0.548981365044668
-0.06277148493349774
-0.045299571954756535
0.45511358576310823
-0.7590827133645559
0.5737835216159031
0.5149832922410543
0.310540608109571
0.08562626413754683
-1.0112345018020512
-0.8115835400760903
-1.053172804032159
-0.7277808316592657
0.5777951329433847
-1.0008857162703912
-0.35155614445533384
0.4601052263909027
-0.7482645660099299
0.09269978656135178
-0.9774747877205092
0.5225961187411658
-0.330481405496726
-1.2838159538709073
-0.861528862804972
0.5146785543017947
-0.08212235952240989
1.0347903998244936
1.7350789779578872
-1.004199190692991
1.6832918158590522
1.0481662204486561
-1.1389604605992727
-0.18695581807443817
0.4649452627603221
1.299125421383025
0.14360623750920598
-0.19285918114827943
-0.6367150482807298
-0.23498249885268052
-0.7400594576442594
0.11153871891877176
0.7422464038725058
-1.3124972518004157
0.24951236401021157
-0.5417044767878049
0.02275699938443082
-0.0409576349061907
1.0810855894303222
-0.48965265556641063
-0.43218386138718
0.7302470340365682
-0.6245389205153069
-0.7031501724218931
-0.771942563333035
-0.18317719904111135
-0.8230636878448663
-0.3876012214437977
-0.47674712023797416
-0.31253138907278366
-0.9524930481776461
0.7786436342182252
0.35680718362299213
-0.12222334934681975
-0.1702683520644654
-0.443919944110564
1.213189467438625
1.0434256640277795
0.6508804730058564
-0.3463970725833598
-0.05275190350681812
-0.8630552357890124
1.0058895391064138
-1.2568115976128351
-0.3406446950927004
0.40665096957808233
0.02926692368224664
-0.31146289212193773
0.3826785656494089
-0.3026015654916471
0.4786296689101859
0.4482874281702655
-0.15536233642487202
-1.2939276691875048
0.7633188414630738
-0.42107046913241775
-0.5696429324189984
0.4187543832573457
0.4738379772062964
-0.07553421020530982
-0.26830946261271565
-0.0871138021869296
0.3285166389363701
0.41148528126553824
-1.0411246847147766
-0.7221089963933547
0.8324603351786765
0.1308164426095538
0.01838111362908352
0.10725938488156414
-0.5517766162692699
-1.6359183250884595
0.5432338096182341
0.30551560996051175
-0.13840029321398623
0.4342957624509981
-0.24249961474495246
1.2942544307023025
-1.953173564220196
0.05723349126956706
1.0578152501920777
0.977001546986217
-0.2018604481034569
-0.1423616934215401
0.3536619504639003
0.3609291017265273
0.1878720988726617
0.912909614330604
0.016526018563249534
0.5222115538796244
-0.28506966278051965
1.1179886295993342
-0.31591345743699206
-0.5812717786171839
-0.9697477252911917
0.08891885494547727
0.5249532756993041
0.38593814906183943
0.899037906765944
2.0756153639698485
0.4621745223881889
0.5501481363506269
0.29764137237405924
0.3449136321541281
-0.3582098580584975
-2.2642746008707855
-0.8053381334950331
0.4556817336144851
0.618070389889289
-0.7311159095605478
1.0755850955366584
0.8492917423974384
-1.2705013636571643
-0.8725681237260754
0.0761581328007006
0.18724134298788922
0.11233951452911714
0.18398096391192276
0.2653925837199694
0.6069929837699881
-0.0022691464335964015
1.3010797274715167
0.5992368647474068
-0.8859694353906167
-0.26485329500029076
-0.9326599759518478
-0.0490644749610744
1.3381561766266308
0.406741243530639
-0.28323536751350187
-0.3560855684079253
1.164972896209572
-0.8956593571442033
-0.6356889532819645
-0.4157591332364565
0.431231316453904
-0.9254532952535321
-0.5190125394837982
-0.7362884254637816
-0.7257914655628807
0.22478355928467258
1.283792008602315
-0.6668379845149824
-0.2707716363473836
0.7631913665111637
-0.19116493233475984
-1.4937603412532603
0.4202458609654588
0.7182423254373629
0.5698185290974318
1.382196948942897
-0.41344890965078834
0.10953032481113732
0.34447571406435273
0.205569647504402
0.24365395409035234
0.18920069380157195
-0.34894985188136224
1.0616089790142542
0.034536191962353135
0.11523384452970471
-0.9937197306476075
0.3927971253601289
-0.82593307466811
0.3184472001195846
-0.8525996332737726
-1.35496330914625
-0.5710497841197741
-0.14682049054527202
0.9600892455143298
0.2748450909704268
-1.0648313342226317
0.30073116315328197
-0.41846279485348126
-0.7138563315279294
0.09002537137610991
-0.4584918130488089
-0.3696834189856745
-0.4892450461555053
-1.1557642590128878
0.1047577272791438
0.5246812431585943
0.33138603726033944
0.15059248099467168
-1.7821673343153477
0.8516327466007128
-0.46529883530348637
0.34861200876363807
-0.5201724431686201
0.13119563953630742
-1.1495564116761559
0.7960893364071857
0.10034429246180825
-0.5004996199732632
1.00759238806736
-0.03230629058060004
-0.40996039422453057
-0.8693329604907774
-0.32484286545820584
-0.938636975745124
-0.47724643141809825
-0.0639327914610634
0.7107002624983443
-0.17979834113435517
0.7571403486822855
0.6302603439907913
-0.13451111224882836
0.8589258251001308
0.06220909565410772
-0.1598258772727647
-0.7888890193188157
-0.29857859678456106
-0.0099754084089026
-0.014858097291807005
-1.3440502402772463
-1.244286419142576
-0.8056095998542757
-0.3481439321123174
-0.739744050072524
-0.06152247842841337
0.7397063272176451
1.4605325975039074
0.8419883649379103
-0.4605897045669893
-0.3988205999798209
-0.44247208039820907
-0.43721250391849886
0.3523925945354947
-0.45399880012890637
-0.49742364101593317
0.5574943357448136
0.24781252012573976
0.026686697589006034
-0.14089324855410232
0.6109213944686294
0.5262459878785929
-1.2733954525407083
-0.3693827149616446
1.3572113118777054
0.5554458384643738
-1.1774646362428012
0.8905499068004701
-1.3732640009208619
0.5941444402573044
-0.6093725051003377
-0.6739526354688441
0.6735261902909633
0.24806808974590647
0.24325741164532494
0.6513356419875574
-0.012654427006656963
-2.0906513025912083
0.43253570649636386
0.1993411341385215
0.7347003172330848
-0.5578759368464448
0.5485942930256625
0.6854850531360162
1.346734820554961
-0.4471184382068263
-2.7171140233083007
0.5440126422229409
-1.4226434263845098
0.5795232334524397
-0.6292464243163542
-0.8120770870258658
0.9522642669274405
-0.04027506479771614
-1.9792681134811452
0.06780268293830714
-0.3525066653962542
-0.6779460674619004
0.35232048094250124
0.4382068401805878
0.6834934817879014
0.6803447257998312
-0.49822028688122044
-0.9483592720704528
-0.26771572471097194
-0.4312789955085775
1.50090381959933
-0.8459890077124049
-0.7544865351088385
0.5640793949812075
1.7327183741836438
-0.19942889670028802
-0.7527959870064078
0.2996817736586276
0.8914930233248178
-0.020285687559574297
-0.16565402243017313
-0.3417726587554666
1.0966483170715187
0.4194201660065719
1.4715896671294837
-0.539062906083639
0.39474133889298846
-0.2415108291585234
0.2530929401319002
-1.2792710027223735
0.8758821126492952
-0.4105846233118731
0.040772119103650986
-0.36301828583224555
1.0643792999424138
0.20493055485397232
1.1741087259666712
-0.5368789312618821
-0.42462786899892124
-0.2619228355311481
1.793735819490693
-1.1654203641424088
0.6029655791270804
0.4942574421759768
-1.364998126544423
-0.5728230441723208
-0.633112055905703
0.4176918862493251
-0.5242083641521393
0.12235939070676351
0.6524300717670104
-0.6040039688585137
-0.4653766623902683
0.7060252177660512
0.39532384465105164
-0.1403180371864296
-0.5340644510726402
-0.7646946828772985
-0.24319359833539084
0.493757654259831
0.5849931626857937
-1.281690525703743
0.29447546113772416
-1.0520815541766333
-0.24255627042105574
0.5798618008114971
0.05862832301434798
0.34890266647609836
0.6163862796315087
-0.647714044670705
0.6748098523379054
0.13236903437770167
-0.9077426538646549
0.2897027063612138
0.5919466915277454
-0.13316509094309864
0.5966695729965356
0.6331715189984201
0.21286912379386358
0.26568667093662224
1.298317878892514
-1.168413462400391
-1.8430858769172336
0.28797808690581495
0.8408043587726002
-0.20255147198520157
-0.4039216508826048
1.0054256006965163
-0.15837812342096047
-0.4877308633572003
-0.5434552417058692
0.5477924723955387
-0.6093241575987784
-1.4049203320332797
-0.12922714889946038
0.24713807563570986
0.5930218973895667
-1.809985348382296
-0.1488804999684708
-0.7993046401974062
-0.027526404828225413
-0.6178254415264894
0.7074132314358588
-0.6200060406533618
0.26839243869943985
-0.10884438436230194
0.12302678446201555
0.7265020022519769
0.7698410332065854
0.08671728384453825
0.7090283870985498
-0.19337652391130922
0.6174005200929432
-0.15053760866964855
-0.954480866527049
-0.25178181164122315
-0.33856787544739564
-2.120411616286492
-0.7152267996865445
1.658039305408749
0.45289080820629213
-0.6020349876559411
0.5659126969250599
-0.12261587216660214
0.5937060722439118
-1.094933597610689
-1.798083913991304
-0.8880912668216727
1.0203849524976052
0.22332154439586077
0.6374755988132078
1.1339068572808102
-0.804149491872058
-0.19389800270479457
-0.9491419731240676
0.001987026442811432
-1.1280444429045238
0.20476781965517366
-0.20063788290569484
-1.4056538826851697
1.3225609707264052
-0.6665523278654449
-0.1301671641610754
0.7205330596768439
-0.5758748055318654
-0.43453736229016804
0.5696618088739027
-0.3303316922180488
-0.25978934389092756
0.4143440856752932
-0.606678852317166
0.1407045766732072
-0.38157698946451624
1.0945776815822712
1.0314874346707152
0.2159361361797057
-0.9851125536229399
0.029449364295905507
-0.49129354665344216
0.07785959631402023
-0.6211816172611415
0.44682590292119917
-0.5563004061742689
-0.0689128188695328
0.7495138203917439
-0.18711360910072414
-1.186106298483375
0.03350375102932332
0.26151865079524117
-0.09048168326082728
-0.34936804360659646
0.18733953871365294
-1.1442332780119266
1.461625384930797
-2.217273164295622
-0.33142642360375096
-0.6615080297265697
-1.2755611726323401
-0.5739493064097434
0.29872377237545805
-0.2255188768491219
1.413985873272398
-0.1730085132128338
-0.23330049325671887
-0.8881365753626604
-0.5606679225963807
-1.0693350540040727
0.5893462061713253
-1.0681402207020907
-0.8756550842561404
-0.7695730812853615
0.7180657479731066
0.6394086111689402
-0.14055637858139836
1.2590279224516085
-0.6578994096416718
-0.7811105754422811
-0.6757646837636041
-0.2104098503785439
-0.46847088819263705
-0.0748396098576471
0.10620519607250489
1.1755019510039557
-1.1571752676226543
0.9838084287215683
0.6743803789132053
-0.6774529323351021
0.15452889082186463
-1.005370638780814
-0.7725341033158285
0.6031425861680615
-0.355292046089529
-0.27657490188009487
-0.03075525533994998
0.14641556940604955
1.2599572153603504
-0.4842697251573994
-0.9437710275660707
-0.13151132004530872
0.14245887783082317
-2.1237036284522586
0.4827278739394559
-0.5130076729838835
-0.1981423556333245
-0.37701871199068826
-0.6036859389199517
1.2704098870140768
1.5810493355830455
0.47610913702098656
-0.17779722813178267
-0.38455207263645375
-1.1902140824552292
-0.5626784519476828
-0.29169215923307357
0.2156433251277285
0.5390372334107314
0.38776261707412274
-0.11175163899907656
-0.9153233645911846
1.2988340279006851
-0.44444736794217266
0.0002887720955784442
0.23674073642606352
0.17088812814295845
-1.089286403101409
0.553716009417791
0.14326342881385468
0.07187831060807211
0.3423618265374148
0.2163531193998508
-0.21666148934586038
-0.7526802627401592
1.2242400973936243
-0.5322667363446397
-0.7524983705850923
0.09032804639287006
-0.1558672174682969
0.022702621336467457
-0.22188785449309076
-0.30048627351599244
0.7051236454726846
-1.059838892667921
-1.0579135844939607
1.3262873465903315
-0.9009101570437851
1.2293066821208334
0.39337310382490004
-1.808056350406165
0.5764876425513193
0.8030652830846932
0.045726450519911616
0.6196020009523997
-0.13257239082983407
0.6579611896063258
0.033164143374591865
-0.659945813116447
0.6712435486941863
-0.10755269127355133
-0.2396632419111382
-0.5685480141677349
-1.4278915283743085
-0.2626135661669471
1.206688967800132
-0.9072232209597068
-0.9484149284671928
-0.4648977296260134
-0.6889752450847582
-0.7398542940904549
0.7207965012025456
0.5513789113985932
0.5670918202661162
-1.1102719663048195
0.16569965480222465
0.4957173164833085
-0.8503091083006666
0.5438101395992535
0.7535285298582417
-0.7180383408724593
-0.9822317519970654
0.1826421474275948
-0.602518186060679
-0.6862940763412138
1.2415049184533657
-0.4329956966736488
-1.071995759371878
-0.3064486113166841
0.3251297526863429
0.8386861430657298
-0.31299306935817606
-0.20072991111695607
-0.0914339384841803
-0.3336428564293317
0.08664958119352359
1.2994355934161435
0.2599810596717308
1.157163760100718
-0.07106370268163242
1.4930640348768558
-0.4726875630139407
-0.69129679248321
0.5456759130855215
-1.0809921373875913
-0.3660117780336648
-1.421896939983299
-1.1256436826485283
-0.4909736856706016
0.951436552059526
0.9051711565724009
1.2554383424660591
1.4186502771731384
-1.2082993578187924
0.42027485446319146
0.39290581976898264
-0.932012864240618
-0.9908153407193853
-0.16417754621945513
0.6027661236856509
0.2460491673500701
-0.24850065927846618
0.8690262598766383
0.38473929000783735
-0.7157539597437845
-1.1132645315956777
0.8935790922769913
-0.23850532150978843
-0.794710395366892
0.09614956711499087
-0.8818414661837215
-0.2263444033657077
0.2206013754918113
-1.3550666744976123
0.3611294096042912
0.24249052403100269
0.3323092969361632
-1.0273252183046826
0.8155070542692919
1.1426160607207851
-1.0149868739984709
-0.44870511552137826
-0.05454555362068843
-0.005686945902979952
-0.5409289645491391
-0.32206128948571633
-0.45548827797293734
-1.0033095433166033
-0.022693117757831012
0.7740428972883191
0.0584280993147503
-0.9913231318259759
-0.19996599475533716
-0.4093550790941956
-1.1453200871658034
0.2160812741729205
-0.07034865089019256
-0.4620271489533274
-1.6704704490241364
0.47522755753054
-0.662438865881029
-1.5085595299555075
-0.05161116141204687
0.956202837247899
-0.8565182300179766
-0.5622788572192037
0.43714045162456294
1.5036249654309115
-1.0553125288452165
0.5264825616058051
0.04111861726526013
0.1080588036839576
1.127519439291579
-0.5457867352493724
0.9192964654480722
-0.7147426953207427
0.3803262568592206
-0.012382526338336818
0.4619475542923415
-0.16629862662076877
0.6891767452076171
0.48023496337549365
-0.5444176871518084
0.005371807419337341
0.1822830728991073
-1.2168047803092643
0.4438999480481628
0.2773951854755887
0.05761058194551269
-1.2959953891308664
0.3584207021354943
0.021519576411065774
-0.4318418986947421
0.8610511982205415
-0.8295744035510015
0.11323610780724652
0.1930114497250433
0.34810710983378806
2.17786493325399
-1.3083867814554169
-1.742900035470806
-0.07079164870679064
1.271599997838599
0.6829839309630292
-0.7173224957955029
1.3369884112799495
-0.11916375447123986
0.2339287768578481
0.10130985589840977
0.599279248458314
-0.31124175832617645
0.3042619594305899
-0.8177031551711612
0.8574651257556087
-0.006862584028665221
1.1120646169327637
0.49727918863111664
-0.5206103450216981
-0.36626711560682557
1.0922161055569548
-0.04409244969865349
0.04129590308199131
0.4221265956017808
0.8378063608883535
-1.4234644533817884
0.44140396937819837
-0.4094447428564616
1.965253716076607
-1.415422046461686
-0.09041433494794685
-0.20953981183286774
-0.6603752601767964
0.5400778893871693
0.15053744928124527
-1.1000924650905057
0.9150816245100837
-1.167187455944835
0.5703368431579224
1.3153243922095257
0.12600258602283843
0.6720411853042734
1.3605541585547034
1.0798284099070472
-0.32879387491124346
-0.38233388122831047
0.6727381875261838
1.9074053656905878
0.5147588405563305
0.027118743550220165
-0.38294935837017136
0.6708682530782074
0.369564488079845
0.1824157167973501
0.4351273289625915
0.5644074882252539
-0.8177069005263924
0.5856387390283954
0.6711108008135886
0.6352356630344739
1.1930423629789104
0.9597685298108366
-0.17329132128396676
0.9284519726160405
0.1919920103829606
1.2715784245005088
0.48134990683375023
-0.043691754906742965
0.9780128034174468
0.002801074671334263
0.6223159022933632
0.48147468548672456
0.11301766958987926
-0.0903217373868064
-0.6720756395664922
-0.7454376358146968
-0.7596547684950072
0.23915998328866783
-0.19233675702461475
0.6302232840758835
-1.6090436386229654
-0.7835590472767571
0.6473262221133267
-0.5895409247684124
-1.2388383264107456
-0.3646904321081216
-0.12794795835771886
1.3823551706195754
2.156742761260039
0.20680244669081654
-0.25127011703635543
-0.04163143122835778
-0.173419305822695
0.9717079178225608
-0.740433102134189
0.39823337925728675
0.21953047443239726
0.31486607022646973
0.6547163672344303
-0.25135509394312716
0.6069730908296045
-0.05656572223122548
0.7277025976013953
0.4977799992130332
-0.7477871859877068
0.8266352571542652
-0.46124771170676526
-1.099453440907996
0.0739430953120899
-1.8703548825269523
0.5714456214461866
0.4818286550845516
0.3699503391934412
0.9789660790513324
0.44589242211969393
0.4509020960889032
-0.5416577134322358
0.5789195138661916
0.1792963172558838
0.15972109934407558
-0.7910450367467987
-0.26101606602955385
0.9241667121347629
0.2264585835906166
-0.4999540361608706
-0.4876095809890777
1.1776959502591677
0.5373127370486037
0.8860611324585801
0.21745277247608366
-1.3368654322341604
-0.4593492793857793
1.275266047025843
0.7602304204441036
-0.5626989523645384
-0.5971701701420593
-0.2778733355696558
0.28721460360540074
-0.7734395943954101
0.3364454449551078
0.682266788706895
-0.6396093925896138
-0.9354048300026856
0.16015919728613992
-0.6387560643641903
0.700690339144469
-1.0462333756484148
-0.19757076004102989
0.2426763543827712
-0.06136327319519413
0.18014437079458642
0.3014939590320957
0.5502107886923852
0.8808908565854957
-0.05821533999453407
0.46675345205554686
0.6758883025470854
-0.007245260930012532
0.9008946172590513
0.4251907456986733
-0.2931815551223571
0.5814036607367793
-0.7276486419281543
0.3846728150495212
-1.2438155817168182
0.039916136984490744
-0.3532219588209854
0.3238782279721449
-0.665661738701063
-2.602580969118983
-0.24972461467573373
-1.3713446388811439
0.2853188684318624
-0.40579446828992977
0.737848910947258
-1.015369204576547
-1.1568350414166937
0.5443384006385394
0.3011854343932635
1.1142856914518648
-0.17863273247463704
-0.7989325253073041
0.23886888168949852
-0.10126532298851466
-0.6639747832419853
-0.5783229111581232
1.4250894661159088
0.463580813150369
0.3699244184236264
-0.10219424053514424
-0.5634412196241729
0.33676740046864123
-0.2760798652966411
0.14981144887026646
0.21378393529735162
0.24864633304726969
-0.07761733147260846
-0.537468510882223
0.5289793498661937
0.5074574635179704
0.3011665450594202
0.2816798975890109
-0.1265631986920352
0.568719582367424
0.013112374191234195
-0.37969325377630797
1.2511763219149035
0.2873718235753191
-0.5995661173165561
-0.11875736546011545
-0.019000463476744934
-0.30786142942312056
0.17411580802276294
-0.12243561613742798
-0.02346911604661669
-1.0085996549067247
-0.6447339038172275
-1.2387270608908096
0.13898981533837051
0.4152447116707216
-0.1445719182799417
0.6298701514125287
0.13639777910514106
0.462258045678562
-0.03263226937161466
0.1513012532202725
-0.15592188200362958
0.27808362765623523
-0.24643364224497932
0.2784251149024393
-1.5459013321987944
1.8670221837773124
-0.20654267271285462
0.6210648184007954
-0.10904587303567542
-0.9312932562463221
-0.3562439654427303
-0.33055345737314046
-0.19445225971553215
-0.23643821349939184
0.9035717428959176
-0.060095491246034596
0.10951527880379491
-0.3020158086038054
-1.0075777215303894
-0.32714711489620907
-1.0036943798571945
0.6678169172097359
-0.146104885014355
0.2773928649553955
0.06404759342638061
1.0680251030117127
-0.5980080441401012
0.7244822657079538
0.5223819824590807
-0.49642494180284136
1.0718409981059325
-0.5856281368383206
-0.03348587771770847
-0.7245301750257084
1.2126067666685405
0.49789481482822384
-0.22936212677126033
-1.2418997879843419
0.3340379371719329
-0.41881018668796177
-0.5611804682089665
-0.252479163418004
-1.160101057846134
-0.04120270659238193
-0.4210559362485978
-1.4372424576909877
0.726589214140819
-0.2544152036703046
-1.1343105778200446
-0.7549960700623658
-1.162095312805883
-0.6338018802942174
-0.34585594338545117
1.5779972050433737
0.590195618073118
1.385707393745856
0.5144463523821244
0.11918897255433183
-0.7532280313429933
0.26586338911546026
-0.468237082939734
1.085041197228724
0.8609625702684662
0.10046178867632094
0.5167975584912889
0.44417580606525287
0.29724830704962324
-0.11989899071740423
0.3397203609278392
0.7841364620563718
0.2800906283589094
1.2302690040903772
0.5150632403557601
-0.7406749478430752
0.37214699002106927
1.599143674038015
0.503694735897134
-0.16700271911667802
0.28975287338795086
0.7945292200723277
-0.03984595613815503
-0.132981723472336
0.720426331422123
1.1806425794086715
0.8283016129471366
0.9435692750896157
1.3373099696136468
-0.5988034901301527
-0.12128634212204051
0.9501113944414447
1.091498136769541
0.6884252022334297
1.1530258238122006
1.1003184165239461
-1.5564528889170233
-0.20715188907180893
-1.2096167645840021
0.2035420055833778
0.7577351645777765
-0.5065837667598339
0.7739982031629652
-1.169795494625074
-0.25393140025205607
0.0888825913601944
0.7024852471797517
-0.9498033525308156
-1.163020523481667
-0.37220905190133563
0.8038820969969923
1.7338647816412183
0.3579353721867826
0.20133537088065948
0.09916222506715522
0.03243731867934551
-1.4406592689754132
0.9830040764591919
0.07413377477364601
0.185636404950628
0.23916032786110772
-0.33898824148339235
-0.25984806593934356
-0.6796916345292505
0.3895305763417469
-0.25180386126287424
-0.32469951685996845
-0.20144988155791474
0.7634912520047359
-1.497475736748313
0.10510671222300572
-0.4116066636174143
0.6160528725770078
-0.5593492724978921
-0.27558124479186397
0.7818596570798609
-0.2798094126884334
1.0119604872229773
0.5987490177181879
-0.7280295752325752
1.4459559122645709
-0.7181097960142769
0.16923998866755874
1.1297595742637139
1.5901699936516713
0.5479989530827402
-0.03644143714148291
1.2072643628610857
-0.4971831654858161
-0.9294961745627703
0.693215249629928
-0.7484682677420738
0.28085912591876383
-1.3031977321191635
-0.2379604778042546
-0.7381544908804936
-0.2503968263808128
-0.16005778384239427
-0.818330693531782
-0.66050580808224
0.17190938930068314
0.37986926846788593
-0.02995830609250516
-1.1672775332340901
1.4159860603330228
0.9168941655732006
0.08095904486188596
0.4950759584215352
-1.2019426146487124
0.27079178268568804
0.8922328123176024
1.2251803368838428
-0.8400087825913366
-0.03311662204884152
-1.4969258742574079
-1.3869782653449991
0.36195911617619536
-0.23086201368821557
-1.6540930515144683
-0.17471959046593458
-0.20751128091249632
-0.2836318211878286
-0.06101415892551396
-0.4466944164213419
1.118399320393809
-0.34896177958072766
-0.23788566656611548
-1.6325887281920513
-0.8423914979292206
0.15709858255612863
0.32899921038607
-0.9373966325464317
0.14073959950987106
-0.36714157617237714
1.2754132185197695
0.6868627141089134
-0.467817958665111
-1.193036363273136
-0.40317574177826343
-0.9273967584023837
-1.1095549377330918
-0.43184012473866457
-0.6504726549984607
-0.2976344242548197
-0.4155901332639415
-0.5759667234449571
0.2017499625848661
0.7610908839605538
0.15434285457726987
0.4135310024483914
-1.7235529837840968
0.031485418546066374
-0.6170928961449675
-0.10440769906310746
-0.15801005177804192
-0.34391093129607697
0.11922693726991285
0.2966367690699706
0.08312021946088106
0.3244010178248551
-0.5281662110192704
-0.20262617893485468
1.6124420752568054
-1.3446087984831676
0.6779430909805347
-1.1333814393302415
1.4595407870421253
0.18904186272398726
-0.15735797243883903
0.07788052030448923
-0.7307835999002614
0.1326795173267768
-0.2683257968363529
-0.27701078906101867
1.3037302016911005
-0.4859011166443684
-0.45480829739848816
-1.065313033482377
0.5738652595759516
-0.24903957905873764
-0.5127728972653837
0.7745755290574801
0.9186253487181989
-0.7825602332590765
0.4817020714635051
-0.4847222982192058
1.8496554189962566
-0.3923549332388684
-0.2397881526522292
-1.4156783292168869
0.49827309265982533
-0.316017065649477
0.35894840871025024
-0.9024165843784174
1.2690993022645438
-0.20364598310394239
-0.5862915441385688
0.5532262568205802
-0.5691694405360597
-0.4035198691717974
-0.5683560528425758
0.1331874744253198
0.4736846176638368
-0.828327912839433
0.7657054607007102
-0.5493572807821001
0.08446883626528778
-0.18556266804060287
-1.2106913811807511
0.4812866997760554
-1.269004718824783
0.7956894531983434
-0.9196410761854303
0.07359410500502522
-1.4134516136788726
-0.7611931649760164
-1.208699513797772
-0.04463721864578325
-0.551213047309904
-0.313037225134503
-0.6343023251194305
0.8428372039523122
-0.8054359752788813
1.015296753139263
-0.5250454090037412
-0.4450151013891248
0.8703413322468162
0.12851666290250102
-0.3175991012563298
1.3124181219754485
0.9843463965535744
-0.03366758916411764
-0.011718313240887774
0.8828310841268974
-0.27663651993630184
-0.06968327045114608
1.1079970635651102
-0.2592703237695564
-0.42689205233100835
-0.18144465023373987
0.7495154372177912
0.45877523614902604
0.8476044042260058
-0.2532670991174595
0.19102337666106825
2.5458345628853625
-0.3958120178278862
0.15808068260820476
0.3199604855711465
-0.22066113808017268
-0.8900709590308714
0.0042140168412121435
-0.9271951738418763
-0.05539856406589496
0.37447574381812576
0.13431288312811146
0.17879767531281643
-0.20553987306286872
0.1047529793313159
0.7282037540517318
-0.2795180481738833
0.898923248563585
0.39098781685874884
-1.1607893152452393
1.241294073608206
0.9669441433887274
0.923436491367906
0.04529036182496965
1.2599617462420039
-1.1792351826986758
-0.5913459465693351
-0.912144508864825
-0.47038699213410623
-0.40910726098279915
-0.22875104259768286
-0.927282186827581
0.032318227851599275
0.29694383829337345
-0.22870813467468426
-1.2041490063175386
0.7981058029975149
0.4635760175325526
1.158260190493205
0.5854236170970732
0.8590677055808216
-0.35131300578508373
0.4044457809465938
-0.1095557682884086
-0.8933280381196291
1.0665984689863257
-1.8458241070903627
0.2432411905846078
0.564545384553865
-0.25831037144162494
-0.08305949577918295
0.4471429054164459
0.4812507146185073
1.4803551115004498
-0.8129982478469069
0.41865721336946404
-0.18789874722456096
0.4164494201708665
0.24555885348377848
-1.6943642680842324
0.011506117314250235
0.7440097714597659
1.6829855563377958
-0.09596006599731344
-0.36067265118719843
-0.07808309144730266
-0.7080676227055034
1.3003328244343928
-0.12145327960416968
0.18669557186240204
0.4480030286442376
0.07609510078801388
1.6798203083557297
0.2481407632663145
0.666577735530431
-0.7046953690876053
-0.2298186792213569
-0.15867994398796947
0.5278685906187675
0.27987777376569956
-0.8574341212501871
0.9273568712787081
-0.4600109115456738
-1.4326873204828066
0.13511895130651386
0.031964262500950524
-0.3970903337825401
-0.35740720495822664
0.1953742385887659
0.15220552428661313
-0.6367133206522987
0.11099183966287854
0.5229025867182076
0.1590670138705696
-0.8728734287996948
-0.3170323970563885
0.40752076610100285
0.13324084975909953
-0.6043918512448525
-0.7539899441459198
-0.22968174444997677
0.11342206927786855
-0.5170523542381539
0.2879168795406325
1.4743745225088212
-0.1497494110371304
0.5422039071660345
-0.47815107006182167
-1.0146100888566252
-0.2517772938350858
0.3955813990177904
1.0919278388979738
-0.11868027130481419
-0.9354628364433148
0.20478355467174786
-0.303610847982637
-0.18417802473328088
1.0622863889410001
0.2353017093923155
0.7716024565469841
0.9212439612851777
0.5915383596201175
-0.03468684084665383
-0.1437625718015155
-0.2048777631166465
-0.7457734993009362
0.6958625796181284
0.25951497899101916
-1.3919235609803184
0.9802961516887498
0.38538797991276574
-1.0258724077979138
-0.9432305449878847
0.47636142521639563
-0.037792421758037584
0.03315395610258638
0.28646511758586074
0.235431881383083
0.7059813790204965
-0.5367877433637847
-0.012848565527786533
-2.059535692490779
-0.9042667893761451
0.5758527805090528
-1.2829241372699605
-0.5894225584208352
-0.8723409889305699
1.6853216665281785
-0.6832007561984295
1.454369631081251
-0.5937061527140065
1.5929581861258568
0.21026371397058524
0.22883322622171653
0.20092644872143656
1.075631638518819
-0.4489401395186601
0.3912910714047609
0.3377193023477645
-0.7545367145334789
-2.094367947254241
-0.19516103493104348
0.11982737775201721
-0.01974369642477663
-0.3157678128421491
0.42778236317397034
-0.5601871940565822
0.8746719358846784
-0.9759991874311991
0.959166328916397
0.04003435032877739
0.84343387752667
0.29171897712152245
-0.11848866076878956
-0.09552578262478498
-0.43598831808511285
-0.8849840318885467
-1.1416827136168197
-0.010349677746632091
1.038159434378882
0.05165521725263941
0.14031159499796267
-1.0600431808471815
0.6010059979930062
0.7557552306198726
-0.2162181298952397
-0.14915389250009442
0.014637836372889644
-0.5922342661870441
-1.2786407178514207
-0.11323442407374662
-0.3250232840818129
-0.4239479427152505
-0.7768577209595913
0.39124313423275514
-0.6051175126614665
0.05482251722903887
1.1016239099770104
0.31082611326264853
0.2582973417492389
0.0026730381785950406
-0.30270604563854814
0.012015198225544156
8.142199588195861e-05
-0.5713997022741855
-1.5174053356104231
-0.6001156304177553
0.11845428864953508
-0.11450642946864029
-0.06919108840469748
-0.33539470342626265
-0.15842768007792957
-0.7875315837593067
0.7479291249148645
0.11738732724982469
0.6671336328127224
0.22822223183909585
0.5302750535164905
-0.9040323901631648
0.242568308878928
-0.44348339753186206
0.04834715683101728
0.9596980628446917
-0.29362310428790606
-0.8239085577476295
0.25994946839206146
1.5332583469417553
0.24022277953245907
-0.34588109137046497
-0.15845280384992771
0.7787024169826879
1.022703796251303
-0.6513644662496509
-1.3838582870600162
-0.20121390294103708
0.6986713131891156
0.4195771118455782
0.13822622324916484
1.1367488283998557
0.5141559786368521
0.789855939503666
0.6734977578151399
0.6154003997656339
0.3595813065201584
1.3475281298620574
-0.34569740165928275
0.5961729120356606
0.832013141518311
0.34947571301933833
-0.8981490601850035
0.08245806658905834
-0.05863234629222361
-0.8166325942549857
-0.1893360337451715
0.45761809447560176
0.015805948702846073
-0.6185120703441088
-0.07407437275648443
-0.0765229671992522
-0.24652729276667143
0.15744370418852788
0.7726920347278206
-0.8293506640904802
0.6159091461730308
-0.9929717491982211
-0.22183634109979472
-0.6055118435945912
1.4571199721786654
0.4305062366468718
1.1498591680348713
0.31223069740801274
0.834985116914654
1.5383486798257542
0.5320271422509899
0.028455733165957352
-0.5688503268828282
-0.9125899241874158
0.4322880315344103
-0.3766779037084774
-0.12912057159374296
0.05116740418658122
0.4897427783253008
-0.44180013007867497
0.20680509615629292
1.4076888955188451
0.4178172603713806
1.37017793584332
0.9123123735980232
-0.44407441109759355
-0.3723300604129331
0.7432070954920352
-1.3733424055463341
-0.3766335347675718
0.1688137654479059
-0.21765986991753195
0.11905886881397179
-0.9303276729571862
-0.25034476283776363
-0.5892448073826467
-0.5815847982827846
-0.606849169130826
0.05782121519318248
1.2111806884939775
-0.1401177116950879
-1.5654634437404575
0.49693822971303664
0.7937969821157285
0.48289215859594553
-0.8106107352053167
-0.47203801656358013
0.8075962129800798
-1.234912654265694
0.45230319131337293
-0.03231531577843999
-0.2859695429687193
0.8769546998860802
-1.3984181846737251
-0.42617209272477086
-1.0850645203548028
-0.7074033306432523
-0.1025605747393242
0.8290590200569083
-0.042627756827242624
-0.09425729772480554
1.173127883029503
-0.39410557227475784
0.36412743542684045
-0.2881949697050634
0.5615405838538063
-0.04124841883911174
0.31801439951249705
-0.7679149214307044
0.815767907853151
0.5828444407262559
1.6153447399360141
0.9923985600818422
-0.1366226687982211
0.9497614165950772
-0.03863222834078811
1.2284460306060827
0.36709391330161417
-0.8344341223055984
0.3895992045500625
-0.6019471922044334
0.7055458410136295
1.071997865352233
0.22974555886770284
0.25634793499873665
-0.7240547494306491
1.3720467122675064
0.5530711823131923
1.0775415445351841
-0.4259933826875374
0.18817987595508628
0.3508047122463319
-0.1937830371107238
0.7456542149170023
-1.1932579471777278
0.3020431433434304
-0.2237700183660435
-0.6690829440165185
0.2688763992523783
-0.2669149295395691
-1.1633520323764084
0.5353048755754499
-0.3132946714245701
-0.9066508672453424
-0.3439967833198552
-0.7292235489559038
0.0545203393434715
-0.47233820895797396
-0.9688922315298405
-0.19306461464274077
0.8512400254813065
0.5937674141282425
-1.3026024744144542
-0.5905787877772835
0.6163964625053057
-0.5184478831156922
0.5034022044769784
-1.34946093212546
0.3974933818188374
1.1348567152614686
0.020776772350199174
0.003498681148595287
-0.40094115520372964
0.2311545040242371
1.6221951492466777
0.3789171455085891
-0.08559512873215011
1.0999344610369035
0.30011083537551697
0.8044194669226745
0.3006553945790216
-0.35895548433884206
0.6881379735634188
-0.9042819557957359
1.6112475279526186
-0.7810029851750451
-0.5672108104248809
0.43337414605281727
-0.9819145969167957
0.15019153742197894
0.2250399036345524
0.30106993173407226
-0.3248760976655429
0.9133400209763516
1.5894901012517901
0.5175891504484238
-0.8350286671891627
1.4162929456181592
0.6687064014166328
-0.1071085534252067
0.3491895456759982
0.250879790346526
-0.9372174175609473
-0.6994516024181778
0.7032707883424891
0.16319683945723834
-0.7253470065072185
0.05768404536377125
0.19009792848830748
0.1659419724556031
-0.7073638761224652
0.21859932903320894
-0.30132496845218615
1.531963269448141
1.2015323336696748
0.12293670207035554
0.6138733472882358
-0.8673702978866769
-0.7151280988757607
0.11751019202767402
-1.05410532973968
0.03297377101097556
-0.11925837670895514
-0.44548516803049915
1.1510477794264933
0.6052759958038305
-0.389703292161016
0.2238252474509095
-0.5942765888157387
-0.3053645887689017
0.05992733581112386
-1.773448612464892
0.9302857032931406
1.1444052765041621
-0.5113673872442439
0.32146015957610186
-0.5624139097340783
-0.29289899780632556
1.2916468448517704
0.9580453340893031
-0.9824874123950723
0.8296052323102976
0.3636968552676787
1.0261679815443694
-1.2302604242215236
-0.2730359148788033
0.8751963430337547
0.07645160556885584
0.4233370274054741
-1.2936407563987902
1.5728181641736025
-0.25107398400504394
0.4686035777528166
-0.8759973382552219
-0.6799650794549258
0.22052072408892082
-0.320166284700869
-0.36985437074300564
0.0005932709432826975
0.23613905880117514
-0.748431110234284
-1.6720222275161518
-0.4312883217389478
1.0579392853443976
0.7914121742420033
-0.12590404616645795
-0.44669852862250276
0.04488480676270229
-0.17796543904242146
-0.07884434519674278
0.4312352274693276
-0.22785603117647485
0.8133447328889949
-0.47939754820494107
0.17188148145747192
-0.0336890590844534
-0.3887779689324906
-0.034056159804988016
0.5517422209813653
-0.9309303857368505
0.2689440651779679
-0.31451559201655677
-0.04520154351588174
0.3323350460111974
-0.662476932792122
-0.19377410193474842
0.35243921237181686
0.5148758836189817
-0.97044510893607
0.2336529760984316
-0.5768313436796186
-0.06068959279358446
-0.46517755247542436
-0.450051065254387
-1.410590901493369
-0.9031887950280026
-0.510681607257998
0.5287199540201818
0.3883572556910968
-0.6274187080333582
-0.6443800268249238
-0.2038268465328794
-0.1647186819829152
1.1827046055398103
-0.2473800889565535
0.09293769942498341
-0.8355208072543984
-0.1692242296670911
-0.8037448626738846
0.5765267999185499
-0.3979520444813558
-0.7388144614375494
1.6286558572912386
-0.20906548949464865
-0.9378356612339185
-0.20214994052211221
-1.2034697408230317
-0.1668247814043685
0.043414041537121154
-1.1964217788854694
0.28701422184458025
-0.41344686371763206
-0.23355912477559482
-1.1433469520435233
1.924047590229085
0.1406466841516895
-0.12996058346673978
-0.09419417560978778
0.3750956705397951
-1.0321368243128486
-0.3165255333020054
-0.4999001052527862
-0.5299984286842199
-0.6811202284521801
0.10536725938699851
0.5396347765041735
0.12584023498920247
0.664206046948886
0.08519246371027989
-0.19177013439696672
0.3486636328730709
-0.9773987737408657
-0.7840074760134229
-1.6741475898709064
-0.07452886901433875
-0.7588461045093267
1.2595866061461216
-0.21817980243725837
0.32793576681994085
-0.42925919913239435
-1.6757845436362577
1.6993761614735292
1.1565765498909077
0.3790669317847689
-0.4377075740072668
-0.3341332900515193
0.7105458901302137
2.4026107817153544
0.32284446694039326
1.0780682905136767
1.2224795360113274
-1.1497181562798489
0.2963853074009347
-0.39179549783250933
-0.007283896091085586
-0.6767753829947302
0.7333999851355163
-0.16409345769106062
0.49978495156649877
0.3411999462772388
0.04701611603262344
-0.37019701323713855
-1.3091675570421106
-0.09896351074096862
0.6153498895752936
0.31069397063254334
0.7847443004585082
1.6905085862695517
0.5260284082285736
-0.9282521347298944
0.06501622274929755
-0.04783827865346633
-0.42653612310547867
0.8329830851094
-1.2526514253627643
-0.2771343565065068
-1.8147193188615818
0.938363912733742
0.3606070361593255
0.05925643106758392
-0.29856580936239424
-0.21453238817790654
-1.2113367293677952
-0.3605367156996235
0.4240605545554037
1.073144270093393
1.147344482461679
0.5884661708150595
-1.162703125391095
-0.030171339939942508
-0.8224147143358018
0.6088902385455119
-0.141552652415594
0.6340640765603687
-0.2785646229070646
0.6275265918838475
1.4836455758472331
0.6470791897952161
1.1211223085478643
0.5355835697164507
-0.06782164572393663
1.2113495325027661
0.3140067004817684
0.4943188855227276
-0.26161121318658
-0.50334401781729
-0.44091736520354896
2.2622295306133484
0.8009473321827966
1.1843609533524813
0.061967625674260424
-0.6429710359181632
0.10559677248543378
0.6205917860968531
0.8934638340763452
0.002423438535911943
0.296013211358807
-1.3519709039718495
0.5597408601884879
0.39857395842182736
0.6359108944928764
-0.25336852192590686
0.89775387152518
1.5644072701165637
0.6182877747520948
-1.241479606958535
-1.3194173136780345
0.6597575521717289
0.7162150174815934
0.7410201210972649
-0.2351889537144452
-0.13951965705922925
-0.5715471050902604
0.8725341327169963
0.8058042952405222
0.06390300811262031
-0.7282553495765176
-0.43880387964159207
-0.1926571019646675
-0.872291724032348
-0.4370241774815411
-0.6513281952042344
0.49254977486044027
-0.010234447317628617
-2.0804034825508926
0.2442250213738566
-1.1641227555260791
-0.9308555957912518
-0.4340332835103662
0.08282017475461913
0.8879327231195402
-0.6529899929902622
1.851452740717694
0.23387860998845922
0.20528589467237868
0.3241723810510113
1.420307483518006
0.5584010383103819
-0.03006102857909258
0.2863319502105241
0.11351478762395138
-1.9159642826515717
0.627852652825986
-0.83603558576195
0.3796679844470755
-0.609511487326625
-0.589610168058399
-0.4679920034359134
-0.16177456431740603
0.5167608106161627
-0.7783654294546831
0.5865356681782355
1.345920174836203
0.15346241350264114
0.6673557218325902
0.460151842037296
-0.31219971526390833
0.678948872910095
-0.0966759859085322
0.550305264638375
-0.7957926602199243
0.4409954920354031
-1.0081242951649214
-0.4999231753491292
0.24843138030398804
-0.6362436878650077
-2.0497909715449323
0.5533867325486619
0.8375671871234581
-0.7234011838345739
-0.40088999525216784
-0.3059304091618036
0.08394601969385196
0.7651106224902644
-0.7222889817530217
-1.4536247365142336
0.7328554855457026
-1.002032884408852
-0.4829362342320657
0.041157318534938585
-0.262971683669802
0.10656939673526492
-0.4150378589790868
0.828976370202622
-0.35313622440880676
-0.181419007055019
0.9488248130393273
-1.598269340225807
0.6693498331593172
0.17065630904478743
0.7377951948000124
0.18930825690242467
-0.0756880630576961
-0.15583102037398788
0.853202283407121
-0.15162170586635154
0.8742194357913904
-0.3791144992983597
-0.07702531286371511
0.944037486711372
-0.7329122859786927
-0.891757507412484
1.4285072699893773
0.37310903969803433
0.6537665249561921
-0.04436183030075282
-0.49116346429323243
-0.5711182059925249
-0.3399768300420788
-0.848209429611092
-0.6352870940573107
-0.5702137423740578
0.31403489623344116
0.06302555654999817
-0.33766468682487794
-0.06197406887380624
-0.03074958787780995
-1.5703095878446085
0.03870661369007612
0.41238714115760017
-1.1841011537090236
0.3923623055544047
-0.8247952405861014
-0.07747608663276745
1.0274461755410662
-0.23106095828662104
-1.3509903157499823
-0.9798569719136916
0.5802209287566638
0.41421937095970685
0.6736428251008256
-0.6224489391263486
0.9769809464807057
-0.5767316791045685
0.9442036316770939
0.4478835782997835
0.40998705755985504
-0.2627545533714843
0.30985307770516496
0.09644048804704836
0.1779158228146204
-0.6241228162252047
-1.7451711483848769
-1.549462208822865
-0.8862461665947143
-0.5439685687187014
0.3642395690089763
1.4511650992052736
-0.590627944004309
1.4726263810357885
-0.4138434134225654
0.22951911440374728
0.14764059949523303
0.7540467675314282
0.6259672544390781
-0.9235127887422825
-1.2666218112372631
0.6479470128284366
-0.7753496991772811
0.3886094555357975
0.015589504087629208
0.30465775271235285
-0.6444479920651837
0.12099476505756937
-0.9056292510865168
0.8838118941897593
-0.3767671795772226
-0.3736755437926466
-0.44309169341464605
-0.5645890666487222
-0.448433730300449
-0.16031685790560954
0.005443020590959916
0.13105419278326658
-0.496676004667408
-0.5624986709616244
-0.8473661863973521
0.49344065122204783
0.7084341056174815
0.7300088530469304
-0.9932378383496128
-0.8720422839208108
0.18412613804407454
0.462191257328298
0.36513991966902726
-0.2728118984282496
0.062359421408277035
-0.0753548210075266
0.6974865671321993
1.7546797330115016
0.006224278295224131
0.6244176218522559
-0.8334378701782381
1.9331262426768099
0.5750128895475475
0.20701267942032192
-1.0813975330353074
0.15946572489999666
-0.1161230212625287
-0.03870169583368127
-1.132900669967777
0.8872654979369765
-0.6980403694053656
-0.5909023752921356
0.22500276710223627
-0.2031386709042943
-1.2888010521903366
-1.0875882870950706
-0.5390444957790066
-0.12045027688786758
0.30525905895454936
1.085271152765779
-0.0412167843202792
0.08638934172057579
-0.08697288630243818
-0.8230114005206453
-0.9863287274511374
0.6780323378126414
-0.6618049545974413
0.3871969917294421
0.13817308870386563
1.2462540327615401
-0.39544460289753625
-1.2541594038814226
-0.5342699402993762
-0.07297097842074274
-0.07922145049766169
-0.6221517471522444
0.2861571264727539
0.3788465308504031
-0.9156922272527965
0.19709246969561622
0.9180202261985545
1.0012994391449606
0.2993654829428975
-1.3086534400977792
0.3490030085886323
0.35900967895128966
-0.18398016001928608
1.2211754693932326
0.18700983464828008
1.424596485296228
-0.42769776944066545
-1.1965531784400267
-0.407960111863516
0.18208912003231215
0.544787329288714
0.6025187381412402
0.5563445250794049
0.22582379430183738
-0.3165407720893849
-0.014924232817539098
-0.13728031998747248
-0.6170687304302809
-0.8837426307266585
0.10394560443244721
-1.0219978213852696
-1.0535409554072104
-0.8700017291372693
-0.6149319403503419
0.2723874140679477
0.49210385602941176
-0.3231341472940651
0.3449282512584481
-0.3905105183791268
0.4424820987349395
0.14761137377662908
2.202155051454949
1.1749302575746376
0.9256591222030548
-0.545993007123571
0.46717551936464585
-0.0686456469392637
-0.07082504067518419
-0.28775710404846705
0.6143369086725896
0.49950366759042986
-0.6994198399793661
-2.722837195225278
0.8923739356450303
0.3152885478870586
0.46243467797529547
1.0341768135077893
1.4552146978402187
-1.6119803104818975
-0.3634134257599743
-0.8891929107560439
0.8568239167140017
0.5940773819461067
-0.42032680422798296
0.0592036701009121
-0.2308432392018286
-0.5422506346872911
0.44753261604824957
-0.03813890437056023
-1.3545883459011843
0.19927541216117256
0.5648200883329606
0.38330803726261586
0.7340733628417303
0.7884073162956289
-1.0245429027261066
0.21793599810124514
1.2093941875714882
0.020687229006445092
0.8608476875626685
1.8097465518013536
-1.0615146983719348
0.5412328121125626
-0.37335148529072487
-0.36067307072010246
0.3034085319461317
1.344433770118041
0.16524978389400857
0.2549278801300523
-0.0830244068655498
-0.9779887459132
1.0266758276661054
-1.8143636444478999
0.01890506222728349
0.4786426564624697
0.3566789193581569
0.8826572730966409
0.23775854990502526
1.70506028583072
-0.6664229520177959
1.03730284899104
-0.2223455949446836
0.4792020506523499
0.948304628420714
0.5153887922074509
-0.9964755759011498
0.0026676580196948185
0.10252810124588294
1.1959584458942683
-0.3834977222838122
0.25404933369003924
1.0501926595080775
-0.3862613831433961
1.0114748094632
-0.14331455012736857
-0.779753670735381
0.03251851139733514
-0.6365254118318031
-1.105864722360086
0.7416089905677441
-0.43460696576592966
-0.43957581353964825
0.050371857002860454
0.0743295069686359
0.5676967729669299
-0.225014445756446
-1.914153664417257
1.261923252873134
-0.5841126635637944
-0.6880804236613414
0.7416079577776317
-0.28377306344673286
0.9708404123280705
0.7514928159015766
-0.39391039356950946
0.32305477784495845
1.012513408303776
-0.2201131145434153
1.0497101071588348
-0.008035000399012927
1.271427712623803
1.6270315516487388
-0.2107932997040471
-0.5189634744967425
-0.8553398788419109
-0.5714143206999238
-0.7825531466159894
-0.4501971924541191
0.0421067162729102
-0.9272289234531081
0.49731054394559365
1.000556806576808
-0.964594362493608
-0.7523151518795657
-0.4346479836778816
-0.3143475486300485
-0.5310314359134847
0.6323093001190343
-1.4231907022817012
0.7367335521260534
0.24815907867733
-0.38940782734782386
0.34777332504178604
-1.1112339769917838
0.696907501899034
-0.9324063390604533
-0.6595214987322475
-0.8483739124218863
-1.195406222291783
0.247677272072601
0.7642117666312436
1.5011297856864965
0.17382410760681172
-0.5991392902435847
-0.24382591243142154
0.4860276019060017
0.4354128559953767
1.0785823384690567
0.21400806691267088
-0.5549559546158883
-0.8079792905998552
-0.512416010384044
1.9000805773456109
-0.3209124623658961
1.235682685400137
-0.4732557107197626
0.8316077223744338
0.23341911435574803
-0.07299493179641028
-0.054093612857604556
-0.0556972021690284
0.3509666659871431
-0.5855956264199025
-0.49514749162177607
0.021887244034022448
-0.1555661543063643
-1.0351610085246685
0.520419849617815
-0.17075308913182022
-1.1935312657294275
-0.5689794279041189
-0.20591891196971146
-0.3206549988088623
-0.5572074492340839
-0.02117195164288129
-0.5029836025552695
-0.6556958611551519
0.06588568140938231
-0.03952895014066981
0.4829604322873854
-0.5782292956092627
-0.25479036306202074
-1.082239358176282
0.7847871359471302
-0.12208305498830177
0.6840377381638242
-0.5729720099970788
-0.46506376733410326
0.21684469305696816
0.8424662404152238
0.20181973784371354
-0.9988861100088113
-0.33097634058449954
-1.3032582142082558
-0.6222454534429958
0.2369198109385115
0.693252855323033
1.721369694460837
-0.2502479857811689
0.40901476839322937
0.35614943054476855
0.3436332222801612
-0.8785490254931079
-0.49430849497630447
-0.928796965081195
-0.16216545544950745
0.48653267170575737
-0.9770294979199876
0.3318953231361468
-0.22615587863190117
-0.4164315152686794
-0.23893185586234544
0.8380276084895525
-0.6590522441779045
-0.7463876389699952
0.4642737464968695
-0.03453635354156691
-0.24313676330958056
0.06168498250444287
-0.04729727434946712
0.7810226228552637
0.19875686758770011
-1.1906213458949844
0.7719034539197988
0.7227308241999778
-0.8941896700207431
0.48928282368709686
-0.41715988884495037
-0.5523330286429142
-0.8317337453475869
0.717958031831867
-0.7087425826378773
-0.9082265473741014
-0.619422051999641
0.5861840737413092
-1.0567844498291041
-0.5575233797334
-0.5934164259415263
-0.6040067274213945
-0.4877831993481484
0.5449622498955851
1.4210935256050257
1.196728552880551
-0.6535957769469944
0.4641398231855345
-0.7056438374787254
0.28691120153992766
0.8252941111191624
-0.03643308385081613
-0.4408190381073362
1.5117413183829491
0.18953576835998873
1.1770491442356465
-0.8175207863992182
0.2141780597493636
0.002432556756566193
1.0646572032742116
0.15492758627890804
-0.016440502438741414
-0.577181213187612
-0.1429939373892862
-0.5528765928704508
-0.40646756248001115
-2.0313079308218156
-0.08409189877510684
0.8464719427973988
-1.100362852758106
-0.4172349872457061
0.6934467291248025
-0.9082958152245881
1.5174367283548933
-1.100038405761445
0.9643113645031476
-0.03767352889308836
0.7976805055064637
0.5482570989601715
0.4319311803513317
-0.08647683967107975
0.3284998881921698
-0.08019609717714267
0.15012970416229562
-0.27280370172127744
-0.07191014077771983
0.44541916558064965
-0.4466218770168492
-1.0553430204282483
0.2539443784952074
0.002840272415631409
-0.9247846247531828
-0.37652090553560535
-0.07690833064207823
0.3790505100450839
0.9422529892887688
-0.6903125361370527
0.3529351389239199
0.8297206660357168
0.5631697031831803
-0.6994867029751338
-1.0478016891181208
1.1335377670202962
-0.4687571821058619
0.21148993525486875
-0.17444504421442256
-0.2987721309678517
-0.0345519906784537
0.12163282626793827
-0.5586068316493508
0.7839398169887433
0.08687845590690205
0.42128790010608075
0.9314567496772168
-0.0005145819010060634
0.15801138551281368
-0.5156894089330644
-0.5507648439949786
-0.3860143436998077
0.5847727337306621
0.364543632498188
-1.1850746299756205
-0.18247158605394656
0.8981361383857114
0.1099118964982369
0.572886170178099
-0.900941988821119
-0.33354404455656594
-0.022177001026869866
1.1575834414566124
0.3359132783485478
-1.1812407220437302
-0.7197723939365639
1.0578378171002294
-1.3508984297573285
-0.21808432413801349
0.7938638457787144
1.1006063712255654
-0.676398851199876
-1.1025100233970884
-0.2939047106078049
1.0633616085502897
0.040896265409034106
0.5993308294826936
0.05655083970247638
1.7024804152861917
0.27212735349425
-0.002271541898458601
0.0516916604240064
0.0736826646830947
-1.6357082417315982
-0.16451597705151225
-0.9034035562656575
-0.9035766746054532
-0.21921468829147706
-0.735001841936423
0.821359950108439
0.9694906656700006
0.07628374856285461
0.3743527390480429
-0.4601161845216307
0.23175779648253514
0.8727195830014618
0.09829489228555731
-0.708186779258404
-0.9023593548289573
-0.21963052503780445
-1.272168004398471
0.621363921195923
0.5374954522345817
0.32397682916448
-0.04478331166801819
0.34143662186403234
0.806858421085701
-1.2526608733418714
0.21021405269885363
-0.29203184174493146
-1.4701409555331468
0.31486255171157995
0.8432407021281103
0.637279115615689
1.1208374636956842
-0.6173255228457104
-1.0170639887274366
-0.39245785576114317
-0.5348467832605771
1.8680265971488714
0.3703535037166279
1.810343253396168
-1.2226897155547407
1.2266396103927706
-0.7909744350184482
-1.223364318391738
0.6181736099055708
0.021238779683636733
0.3646228247576078
-0.1164308829796219
1.1735827000006411
0.03516146693907218
-0.606570525074043
-0.8733150701838396
-0.3255169901272442
1.229507688886212
-0.14288108942580463
-0.44828576356107264
-0.3332497708293309
-0.6217909554528279
0.26789086187763483
0.5482880838023577
0.36299718959172006
-0.4346964136556152
-1.8975526466102837
-0.11937179328726595
-0.4875611632876854
0.6885133643472795
0.7510704056370343
0.8177308426435133
0.08371750464598386
0.9919596045206711
1.5171728987336563
-0.17944013836121286
-0.5495391771250173
0.5139668430828671
-0.8488161901788507
0.14952777915094095
-0.18577512285950273
1.6111962457927573
-0.024643743758539966
0.4657034490825644
-0.08945205354347362
1.2558546662414942
0.30800534816924774
0.4383508489718182
-1.4944669092093745
-0.21619071091671532
-0.02644232809407631
1.0330260756557623
-0.1064767555246817
0.09353811865835457
-0.7989649297476122
0.2166883153568388
-1.4239981188041821
0.06845125823842568
-0.07647002201002046
-0.10523119499415078
0.37431637333885337
0.28350434633501226
0.19814726105650898
-0.7942074388676713
0.3877184648768567
-0.3352147607546005
0.25494863167932064
-0.24835099007880135
1.2439375884881865
0.9090519803704524
0.7489402539833856
0.6649083593602267
-0.5649721778915637
1.03107879591025
-0.23964620926151814
-1.4885858685895892
-0.7714410215470229
-0.5275732481922115
-1.0909345402582895
-1.0366576688718947
-0.8662801293927114
1.3136113164931686
-0.43956095745398827
-0.03901134539377368
0.24087558138739873
0.7796486266532521
-1.266989213042831
-0.3049793299864152
-0.3354581022562969
0.8802037745356466
0.4125610015498125
-0.31049012834176215
-0.45824869646979854
-0.10887245936374298
0.040325842667174566
0.15628542395541656
-0.14567546195444075
-0.1942959860054046
-0.42413743922399183
0.016724178742611943
-0.112777533643689
-1.191113482152405
0.9726084706145632
0.025328261107583256
-0.1556002346744604
0.29347967791775587
0.5291666432595625
-0.20862647614990903
-0.6830607070034724
-0.41725653680556835
0.14400529406446155
0.9304730697965559
0.9333911640603398
-0.30195190749471396
0.9631283694451249
-0.15635403120561836
-0.36083097404953196
1.0401642734800731
0.5022825565099064
-0.34850076852224754
0.6440573560801962
0.08484265413984267
0.9913209617238898
0.21921379436779592
1.9564365255178657
0.9672149333446799
0.2834164906757862
1.2920488448744063
0.438322605292089
0.8801857590480144
0.6956139320603498
0.0686907726483167
-0.16116819990859818
0.530415782923656
-1.3013698073442672
0.1498291094664349
-0.8258651185056314
0.1381806229643132
0.6994424006341526
0.7761969436328388
0.16075421211587285
-0.3164683645572797
0.23459989298395584
0.17188376254455992
0.8680483135785249
-0.37772560998730803
0.741316522729205
-0.2831510688431427
0.18880323948630182
-0.08657602848943005
0.0653450706760271
0.5719720913563433
1.0827057771878381
0.3959252038779627
0.1563807499840469
-0.792626757807083
0.0628215791820379
0.08684164190970765
0.2223304561204797
-0.46776125241617844
0.6664071901549584
0.4141099093987237
0.8820955550032483
0.5625793820710647
0.6581155509935529
0.28513836953626126
0.5850880947155976
0.4655338095071967
0.9416220214195152
-0.22086876178489934
0.1703183844195032
-0.5814772630573207
-0.46648302422290866
2.0773470718672935
0.006836906020226005
-0.008115598350878491
1.2855478548143862
-1.0360026837459684
0.2578234415843133
-0.5488566701239208
0.8975968870793063
0.9191153043848248
0.2844354344584427
-0.523862899930033
0.23331212513224864
0.11967326543544987
0.1753851103583255
0.41255439532481764
-1.5723652181515053
-0.3383984614093798
-0.13127173711550674
-1.7337773307856112
0.4761796490142624
1.2155604142464642
-0.8184348670254656
-0.7924645092927787
0.3898481684849729
0.9122964038158153
-0.3223072145575071
0.3871612571201357
0.710344941190298
0.2224369857200773
0.11051832516420795
-0.7657306607265781
-0.963081459994463
-0.727502931597694
1.0559050487625878
-0.44338120288772825
-0.9997520067437309
-0.3337389468855039
0.3569206866524735
0.42346834494867336
0.26001508860553507
-1.1763276118688832
-1.3008142754014862
0.22748298601511469
0.012140400585185264
0.6651566537073126
0.10573861062583237
-1.031866696350635
0.15954081013258273
-0.3242229054479598
-0.8386943147910195
-0.49902793265399165
-0.6942739140198229
0.6680863158347926
0.3106920394908044
0.22215462393078156
0.9102841944986084
1.059828520981057
-0.34363136952340273
-0.2691308746625869
-0.8753574533320481
-0.34898314987243756
-0.0509977143664497
-1.0971379506616654
-0.25361160234670327
0.25961153804812365
0.0835482268723505
-0.42010815703803484
-0.4422876921338479
-0.19421882254160655
0.09871712580553013
0.4834421853032983
-0.33573982148034887
1.2031139283092136
0.5207205947792393
1.2867010280195608
1.3849161261444431
0.4731131507238524
0.015011162137343236
-0.9196907976133233
0.22761955676586224
-0.7466382660123836
-0.4670030660560531
0.48014242931259826
-0.7624638376555234
-0.21089807294061627
0.6888605353232712
-0.12991833122253388
0.04848428123617045
-1.1731844551293251
0.1163216257311468
0.754984279147868
-0.1173707084120143
0.7288598240817172
1.0466270299770883
-0.8270288361345555
0.3277343112192642
0.4079340925344912
-0.3403441992109977
0.8110903879252335
-0.4678878014219927
0.20747036380753886
-1.365175968502605
0.9452444667602333
-0.25934350644159365
-0.9854496416160987
1.0588611661448089
-1.1428844273876695
0.5125488637192589
0.47468476460206754
-0.20114262809090394
0.21365642174133015
-0.3157189099943408
1.347795916488867
-1.1029912829172117
0.49712424027707436
0.41754722991928794
-0.5615026442143287
-0.39257585624168834
0.6749201055634286
-0.06082776975009705
-0.6661609295550077
-0.9509661766437963
0.6278651982066412
-0.45652522567056425
0.8945226095199503
-0.8782589673678288
0.5082840763845834
-0.3797216420271643
-0.23829939401193873
-1.4527048071063091
0.9121979009742638
-0.4626187331665878
0.21376236981753313
-0.010788673504205277
1.3004788031725887
0.619216865425725
-1.1398630560622962
-0.21281167204298718
-0.744220887755636
-0.5817318343124712
-1.87310827668985
-1.3989982780358106
0.45855457905910557
-0.6828975093939188
-1.950818709354833
-0.7871871979663978
0.2625281777571095
-0.9132257563879794
0.1348048145464937
-0.41420435410099576
0.3020975908294299
0.43549882758787717
0.08416054535605404
-0.6000374919052011
1.1527401541322155
1.052341853372671
0.46480691422088116
0.13795296019872091
0.44158704933000975
-0.15506477358571757
0.9332326360226697
0.5920290327572947
0.9413670945851682
-1.512066510004304
-1.3692577721729524
0.07941031638571847
-0.9270967788220035
0.2435545169143383
0.47823229915410126
-0.5307031964311391
-0.027031333862373275
0.5342006352409665
1.3309841966707636
0.04708991072127685
1.47377312934176
-1.241062303075082
1.683700554760344
0.6939838980184976
-0.291713053797628
0.3505845194347111
1.052680967209263
0.4450028414909841
-0.4479979161388775
0.18630549275221395
0.808939847138055
-0.007087433043048878
-0.7079758237067975
0.9092082492199253
-0.0851698844421327
-0.34177253552970505
0.211701229718813
-1.1318690591426483
0.5629803157566173
0.3281772955875709
0.5200062795500365
-0.4734438061358509
-0.231905245768203
-1.0128391885133463
0.013386825034428267
-0.154010315721883
-1.0640056305769874
0.26330607093541014
0.47784584817850057
-0.1991720036573129
-0.8036617609419427
0.9102234132525774
0.18629959785665817
-1.228332798820524
0.06092518597739793
0.156998602240044
-0.5717100109912218
0.4341872511667534
0.39375062279755346
-0.8188108863862327
0.8597300144292309
0.33241897217082383
-0.5690629747170982
0.5421460732633409
1.0609101199693671
0.7049014647071743
0.33921744237201873
0.9043895147340925
-1.3887485110117228
-1.1377981205212866
1.329776505398858
-1.2414241844580944
0.9749175420443373
-0.5291075098809994
0.15071363467453103
0.8278929913184956
-0.5096049211225652
0.13950771755492697
0.7474210125187195
0.17085611291376546
-0.4111533684666042
0.0705690210108961
0.3729371683860645
0.4166583055308563
-0.9463661033581983
-0.6651639263197734
0.30717719165133023
0.2016685743699369
-0.5404250147627276
0.2626708127939774
-0.6695274614612357
-0.4674435938654168
0.45906090213584483
0.4091880863528899
0.7059261848057561
-0.32013819466666693
0.2856650438034347
0.17281701245247585
0.19086777497701196
-0.9416249196662063
-2.1901844965113435
-0.4440734366382568
1.4415174539361946
-0.21419239785422906
0.909303654394404
-0.21325985895467942
-0.008967465799411961
-0.8416024609697177
-0.9737570520031594
-0.7339049009113725
0.7648571321161787
-0.34539747316730257
-0.45533289542260685
0.016012827458996317
-0.35343352031494746
-0.6761700176230953
0.6140960212222046
0.0266407315513602
-0.18331282236709334
-0.7222537413614194
0.3091157968333734
0.21149588025337776
0.08505257922451767
-0.5479194828890059
-0.564791789047486
-1.3576679057631293
0.3375359040306
-0.13641848344944157
1.1954283556170453
-0.09630666741579563
0.08877781155379205
-0.01683568640567661
-0.20429784412445912
0.691097617561752
0.09331118515456249
0.512153829613488
0.7396351941581505
1.5571864345498314
0.3570910100581742
-0.002426171716654928
-0.247190966912039
0.2142519502487343
0.7748680901912917
0.22696298253916877
-0.851902301016988
0.3651698444922336
0.03464494518159228
-0.5015880974872923
0.9483099864797011
0.4491495693545904
0.34397203132512794
1.206967575706428
0.31492059892535984
0.2316352497778809
-0.005984259727566558
0.5871372317281468
-0.22323519464821562
0.05125120862759459
0.03515278543240003
0.853107534996181
0.10537297486461483
-0.19051148594661357
-0.4757502937295671
0.2877063474217384
0.14238674081477665
0.25530187480878086
-0.7486948627715081
0.9542822635917425
0.6578430983315673
0.5627550722131031
-0.4517284632941745
1.425619264431945
-1.1106954808705987
-0.27933580038721656
0.5068837612422156
-1.8979548853518216
-0.4152452509292176
-1.2113108965083694
-0.5293123949723776
-0.55998137269643
0.20548440962095035
-0.20197121724387912
1.0490353910844645
-0.7645373522017543
-1.396635209690737
0.705748670277497
0.024919161387847635
0.2235323861608023
-0.3696996938380842
-0.15445077324752274
-0.23864224508702067
-0.2656821776934033
-0.7423765994107804
-0.3012615291148049
-0.49091514769381267
-0.15508386682121253
0.7155036111877684
-0.7638117115981173
0.5268789593750531
-0.0854972662910777
-1.4227730287640536
0.001148993222762012
0.11721028740434859
-0.03058484901889117
-0.3263891208517239
0.031229992323286587
1.2547959089150704
0.16159079789761147
0.870021466659731
0.4087438763457629
-0.8358752719459345
-0.0713488420471941
-0.015601233288910294
-0.18882606503309196
0.12643535953542295
0.09760295562212437
-0.26570902898841664
-0.39085342510121446
0.5671836646758174
-0.7616494040128716
-0.29107387140087604
-0.6202542660311974
-0.6870591928404444
-2.0344847059958076
-0.5011575345590901
-0.29550755948717133
0.45165297374099855
-0.39981218256461115
-1.604600019866433
0.463177486586262
0.8453655232204402
0.21768358149446876
-0.9319302268309484
-0.9211006418993459
-0.024147729328198128
-0.6311351279680133
-0.7692300240528243
-0.13790753978947626
-0.9095242566496597
-0.3588655995189535
0.49891633430264215
-0.20708539679087945
0.1989333702550205
-0.42386288527264865
0.6314948770435949
0.18833047623189586
0.008863731958723404
0.16159175339289414
-0.0981544869894289
0.851714767556554
1.012599464162415
-0.2406205419899058
0.1893684704973797
0.5531658478500918
0.003585507462131057
-0.5848006011289235
-0.5248148744596788
0.6245645239552127
-0.9215498724176171
-0.30423377128256246
0.6415774762970846
-0.002291105864104507
-0.15814832538985762
0.3974313331496834
0.9474905952651531
-0.12979460945805393
-0.37298984911315863
-0.16634872067506007
0.5020334275487619
0.611507128373751
0.9570613925299913
-0.602607843163733
0.020684187690365764
-0.4860958114111469
-0.04575745760439805
-1.1081127189618034
-0.3419665552804388
-0.11452047651374625
0.17991460019585281
0.3834148813386169
1.6494376614709134
-0.027706838611828155
-0.9584112359307645
-0.31761284874223444
1.35649233171666
-0.00965130502156221
-0.5009978205068389
0.6284917442561659
-1.1282110942686123
0.9531701321680728
-0.917802109897984
0.22739789153857326
0.04762076873459818
1.181516748027288
0.7515199660466875
0.6096642435287332
0.22030613580655398
-0.2078184844769832
-0.3793619564788057
-0.4520647911192668
-0.2748588905135874
-2.7537135281238707
-0.1449697352994297
-0.09246020852652469
1.1133521134901645
-0.2971308236719209
-0.3431998287174532
-1.264332862955609
-0.15771768860294583
-1.6362480463160312
-0.2697177936972689
0.969469749134201
-0.7813800547022722
0.3488164031995192
0.8490133147910015
0.31832005593798984
-0.5881160731544464
0.23115546150358235
0.3774551560520846
-0.9687875561314586
0.4617865583029458
-0.3153390676851351
-0.7543828124526285
0.256238656215358
-0.5241410658313073
-0.25616284598172623
-0.049840468653850126
-0.05184589547356756
0.5414121896679636
-0.055381223276017785
0.06404469100974364
-1.8795291477498606
0.42726172597966805
-0.07103744984500199
-0.3580825378910279
0.7946000645459707
-0.14527718651020813
-0.39040759603567243
-0.4292216560083444
0.23201091068581883
1.7487931509272363
-0.38858863720369397
-0.523758602204026
0.2318123281153478
-0.1868958478670761
-0.003919772271439373
1.1051298654496529
0.3110827903024306
-0.5803170524861068
-1.3699121301387132
-0.9644841338691852
-1.2123813971095396
-0.8837553485126627
0.14868443921623106
1.060691174990569
0.9578240671769684
-0.1600094734489835
-0.3831010132354451
0.9328195259344805
0.9263789205881587
0.6272274629740442
0.5010553806201471
0.9042152413628954
-0.02523806045301541
1.0033706899480404
0.21699875585016298
0.19915692048350037
0.2566862261969302
0.5537110874897215
-1.3149200269658552
-0.6193928004519214
0.5918157375403579
0.9228688962688533
0.4734274302618824
0.9602116857006524
-0.48706730352147676
0.9213426593800251
-0.3824794469670072
-1.0442859966845701
1.3381237194177966
0.6005243241675137
-0.8293055626839549
-0.27876986862937214
0.5368434221219223
-0.5011321855769586
1.2476053123253346
-0.013796034826199047
-0.31421944991405654
0.4964515792295486
-0.11876513228252272
-0.001191325177623636
1.1141682125925627
-1.338487590085275
-0.28619961622632084
0.4272568638139935
0.3241464590167887
0.37874267753714586
0.8903646685980654
-0.12508382530236317
0.6746858211718446
1.434214822937445
-0.7094981614839442
-0.3056730073776195
-0.3108213695187712
1.7443715361185306
0.8006115453324189
-0.842567981499426
0.06874207790831491
-0.34651174302013116
0.055174689845014266
-0.9235075846434173
-0.3698519479087124
-0.39040250880187255
0.02272517422822206
-0.7081633333472894
-0.9712045056316125
0.04177809723056628
0.8288784129961572
0.1417555959889071
0.5984079949180947
-0.3461659828388665
1.2008379120307695
1.2105935401969294
-0.7574746638398326
-1.016660690139365
-0.8311780287440629
0.0016989793678240936
-0.4366801875974115
-0.12615339794067348
-0.23550671646461493
-1.3842921694738146
-1.1073036029696879
0.6997585914249412
-0.7778498700720216
-2.8326856150535176
-0.4505209774306065
-1.3504660972326763
0.8338088850391911
-1.2869599972253654
-0.2631399592250433
0.10686242845906117
-0.7899927763990191
-0.6175349771452445
-0.2571891861675196
1.113746077647524
-0.021560585871074206
-0.17163976672852177
-0.29228468528953133
0.48871013019306264
1.0534459432895344
-0.6698051133374395
0.5128799100750229
0.04163326485935037
1.726074675595981
-1.131421334500359
0.16891600886896996
0.0034203901676977287
0.21598402403764222
-1.1022948201240175
-0.4906998544816906
0.6433053753640373
0.5893658741520816
0.47103720561308293
0.6240192486757506
-1.325892348423934
-0.0021760929504024045
0.021408049610976924
-0.2937765836818049
-0.6487648827364698
1.5360000158254232
-0.10562813061498325
-0.020823863164118786
-0.9425684926899154
0.37814843280066335
0.045262568868163794
0.022734974750997176
0.9052529642812788
0.41180218515416805
0.7935551458854264
0.9202147434652752
0.5043864622784927
0.6627925964815484
0.8023223483378619
-0.283173380285279
-1.045554529664209
-1.6906012342823122
-0.5878606465648437
0.19698311896591728
-0.8025614344034817
-0.7143990721313762
-0.20209801608488512
0.10074947060976022
1.0240825083038276
-0.6682932280694605
0.08755680218343512
0.5076414035779073
0.12660184990935552
-0.47351829069193185
-0.7016390811813057
-1.2760476983957028
-0.672545807542329
0.8859241215580702
-0.5933206660152219
-0.09862366098680939
0.940968869007939
0.22442015040350563
-1.2406709064867876
0.36564141502253256
-0.027916276704539472
0.5174993547094252
-0.47959123546442617
0.31168390172263705
0.20005694543706654
0.05978094270758883
-0.0680905238318053
-0.6441217709475975
0.7135828139311402
-0.6459120676592638
-0.9891295100611412
1.3615945889029375
1.1155677003505897
1.3603189329472143
1.258743397325981
-1.0155027700206158
-1.8376048352995085
0.10589673138360524
-1.7455697309215206
-0.8649469509670018
-0.20474067089127534
-1.2710117074846112
0.695120422064257
0.26961995644668196
-0.8883041431000515
-0.3910249937435444
0.11721892070038399
1.2222702018028992
-0.23463922104194657
-0.4316831001050364
0.9506537760717951
0.23208292073548076
-0.3880003627158327
-0.05204429753922629
-0.26177875314155463
-0.18396238102880452
1.4236795502907666
-0.10082590679676032
1.0074861367855368
0.5528841800134907
-1.0563714906313317
-0.5444605799199843
-0.010703334281804824
0.1344142720511157
0.4404137033061728
-0.32481631199420635
-0.18457750389054145
0.5227355659844637
-0.2618235938002158
0.8345260876442031
-0.8495109540170287
1.0028386031718077
0.15825314245366248
0.8098511723964177
-1.7948295071402085
1.313990272964097
0.30202569007177377
-0.9390302824616811
-0.3406762184666931
0.8730673641636457
0.5491261178949816
-1.854386317616799
1.5452330972448256
1.1629593528977642
0.7083373619224962
-0.330477119119304
-1.1329972637297252
0.11935679806562027
1.079636650423214
-0.7101440314719406
-0.6914575432346377
0.6372826653573974
-0.6479073164760232
0.5110494795146335
-0.8290146123306159
-0.588624645289318
0.3833160502971456
-0.1862958286739851
0.5218678665366736
-0.9787302571291161
1.2616583090497162
-0.4596040403505027
0.5385859811991136
-0.18584507682955753
-0.2758012538039446
-0.14865369030302067
-1.032816907465796
-1.1181218172416685
0.5453362777806214
-0.47873821251647114
-0.6553369351940296
-1.5372571539749922
0.035708301011792294
0.49060907916880714
0.5002617079588659
-1.6257471929865042
2.540210956530362
-1.3957191599355003
1.422502470381294
0.3429133828329778
-1.3187465466940105
0.11582174281476473
-0.781317932455851
-0.14729461116485335
1.615257957731131
0.44367726455505296
-1.1718095307864298
1.2288619187604404
-0.49161182437297735
1.3761939903195353
-0.7113925239841243
-0.25522072956410685
0.6239917993670524
-0.2292596244076953
-1.026284250626106
0.09376512879948376
0.5693188574052196
0.934390719100631
1.274196982790101
-0.39892781503226926
1.2164518086948524
-0.6099091711572174
0.10510189001638934
-1.4327543794592084
0.3486802002585997
0.16643697358060353
0.673751913858003
-0.23237813066800844
-0.24208569942671432
-0.03616973331605432
0.11879409290048243
1.0334442686880219
0.14639052924823032
0.7358172838630673
0.8920953433296339
0.32298981149473377
-0.2947961746348749
-0.37474212985292504
0.4190308659661689
0.032375133077895954
0.16474183701029022
-0.3194268043200294
-0.42427332684259733
-0.9496118617989213
0.9264906123979371
0.40309078122463926
-1.4527220291671559
0.20919830376962267
-0.22674129535481677
-0.1724101240256678
-0.1984432495957411
-0.2235971176980913
0.3325083139745129
-0.41371372473058066
2.25291361345848
0.2958159763570892
-0.30474013405935074
-0.04473223512597621
0.5546562391523742
0.26707274537108494
0.7938239721141851
1.0409996949503801
-1.4150149493186173
-1.1145072914474392
-0.4053642134070763
-0.381388299102842
0.6488634025712184
1.2560575856958167
-0.37612915206269715
-1.6658992939211594
-0.5051580546298835
0.5496201008838423
-0.80430650864706
0.7116940280334337
0.21257127437687456
1.0895097968279093
-0.062082160200775324
-0.733931179541341
0.19572643539398227
0.1872274929139882
0.9648651115564398
0.7920881706567728
0.15024778744592557
-0.2075014166832163
0.8008138391578619
0.23149932235267762
1.0658921358491522
-0.09821290887233883
-0.8380536529455817
-0.00769576137596933
-1.2133247861910668
-1.1227227959449835
0.6992464645660372
0.0008802065089952593
0.37521880595035206
0.3522507601960364
-0.3853133227692357
-0.06503196309067173
-0.09777910951025942
-0.7343780335362097
-0.01300459226768599
-0.5077373053456161
-0.859482635379841
0.11144136967000279
1.1378035429146052
-0.17635969624291928
0.315074160917038
1.0378688583186009
-0.7826331579349943
0.5352714476044002
1.8874972557557577
-1.1732879903408104
0.03208398478079489
1.290217307443533
0.9311542319153618
-0.06590719624786118
0.8282472549562814
0.9467412861161111
-0.8079952344320165
0.08765659749581999
0.1187949772421763
-0.6961362423807782
-0.7252570547034943
0.6395651647376674
-0.7388039359379867
0.5247841102057712
0.34479700828650817
0.800225871657857
0.019830364409712142
-1.8925764327431034
0.9663510961703894
0.4423564600030229
-0.9615324499311744
0.9858235292108382
0.025514902818132686
-0.6031454826947897
0.31337889854270884
-1.0849333619601325
0.3929231740767998
-1.3231866012338016
-0.06446657464249209
-0.7263284379989131
-0.22916411796931194
0.6030361042176033
0.4112931004925844
-0.3266171253629898
0.5409700690575407
-0.416927317726662
0.32317073169235966
0.2212438743331384
-0.3218507110433886
-0.2799354804495409
-0.5471208400852497
-0.9399834571602899
-0.3764623432559472
0.007862728265882243
0.17153823494748713
0.26302578903145013
-0.10349615709714895
0.7037259596175655
-1.1250191818702986
0.1559636262899164
0.5191684543011904
-0.44421103386471245
0.726194489947173
-0.5606795039179022
0.3969984937240361
-1.102922942245045
0.7880442035199938
0.1274306763167061
-0.7120366973904024
-0.15254863532432872
0.07661909301605421
0.33124886817971905
0.5485708378298236
-0.13797103678366188
-0.20423131954723467
0.005007511128072999
-1.0565448478480135
0.6693190811829348
0.4092100317195412
-0.04963155136538375
-0.018001916751115215
-0.45008863170980085
-0.17994062719249876
1.4011041637565
0.508377477100037
2.252815077970329
0.5104498381708897
-1.3620611940058662
-0.5376646783823789
0.41278507818428295
1.284956910335757
-1.4608760816382267
0.6806352618371925
-0.3084428199743207
-0.27152821541115835
-0.006882643765454884
-0.9506620191080204
0.4971055312911803
-1.3396382569844263
1.26538605177426
0.2819465916393249
0.14383418123454705
0.7288569899981565
0.20424593360848448
0.4477138339282341
-1.5933417584840324
0.18118152356442313
-0.20839186488697165
-0.4600505176682871
-0.7070171835637418
-0.01773512116183514
0.8330382810832393
-0.5695361518732307
0.6668579767391982
0.9572323598081007
1.1369854311661056
-0.7500271581318956
-0.5019717354781721
-0.5126107231148135
-0.7518087328236471
0.1889581130208695
0.08832445958616639
-1.5183209856365578
0.05725272491474796
-0.2338630977968707
0.10740026841088597
-0.48390934092371074
-0.37779043838103227
0.35604570245559786
0.18926796866690632
-0.458087760214935
-0.26512409883568155
0.1811976338966548
-0.4908828122524941
-1.2880335940362486
0.6587474669057614
-0.44327667728598624
-1.6643644381188705
-0.10635521118359792
-0.36929045435956476
-0.461628083980948
-1.1005838219762305
-0.45096270178433306
-0.13227826921820912
0.02283279010848916
0.9978435502299934
2.111230739228068
-0.3687249223932184
-0.22372615962352696
0.36990752010953687
-0.9115329538054893
-1.0671103809574403
-0.5599014796375239
0.5733919109706879
0.1008363248831636
-0.6201479837038482
0.41077740569482457
0.41907290972306127
0.25909377456832794
-0.22677443947038506
0.849055848756441
0.04327198063696931
0.8652287527469846
-0.2196617737292016
-0.7648019491225198
-1.4658749183960376
0.08194138958968407
0.2002400722731341
-0.08263401405205438
0.47030216408103304
-0.9453358699797128
0.6974156805911687
-1.0864653446250077
0.8407936079030758
0.30157572317304215
0.878765091656796
-0.44425279872124945
0.87569179243101
0.166271735367435
-0.8369361244618008
0.24291179343786173
-1.091278403590242
0.41632242956417354
-0.8494659474396492
-0.08629553110449008
-0.05924026643655267
-1.3669920005071152
-0.7559380594355447
0.1811510213623942
0.11836559007378218
-0.3002232957404014
0.5769283954828972
0.18212644774401646
0.20996799438153108
0.4957167488506969
-0.36636981224427967
-0.1260726525654996
-0.2176912169405442
-0.12560319369013703
-0.22156347281102828
1.0548663233146611
1.2847586313969264
0.34794402163598814
-0.19439907942582169
-1.0715432746667402
0.6576153691784659
0.6829849050360661
0.8103306480293787
0.2183775554454418
-0.391086912295342
0.21230545637862963
-0.7134583922563094
-0.9630920599690627
-1.4879645942691613
-0.36012672708403093
0.7537227569295281
0.13016783384545316
0.15217064586238704
-0.4945872932652589
-0.04429699360380936
0.3930409033886708
-0.0025427004200774678
0.423163515071341
0.05044670882763448
-0.8009215510018824
-0.5343910827371364
-0.08698839161054221
-0.10203968068928844
0.2198583369617899
0.036149974046270524
1.2127569534009726
0.5361519517878293
0.3914421187511459
0.6873905388981657
-1.506446500812392
0.6479707288055554
0.2011910282065098
0.9479872471985823
0.009608883783365453
0.39252171049367773
0.2761018907726819
-1.096933201781365
0.737167518348214
1.00285415373923
0.25420262319531484
-0.2235905172775614
-0.6835751956933499
0.42156810448996856
-1.392489642981593
0.5223345652650204
0.07759973146604618
-1.1470885575723013
-1.0708554327808524
-0.6441571154789711
-1.2364621989200983
-1.105611786829403
-0.48406642626897217
-0.9696455056721056
-0.031010338865386577
-0.5812105659709823
0.3581576773904508
0.613662689906311
-0.8846278938456381
0.39203451792180355
-0.033521786366051784
1.5671752382658468
0.2844354039318778
1.2840281107406515
0.7091528921072479
-0.5644678498266164
-0.4313282256638389
0.7366430951817381
0.2334602630524072
1.848912567963088
0.7048938653362884
-1.2928098252309328
0.28677570394104157
-0.38268941152623726
-0.006308386800594345
-0.6837081486028336
1.2262492097351967
0.7885003966791617
-0.28871239439020047
0.29833296355869904
-1.063515328292788
-0.6576938560489823
-0.5656614861800632
1.0763412360221736
1.0439521833142578
-0.26168524822954037
0.08989157720337515
-0.27693543045677876
0.3665926882104265
0.8189219221061917
-0.5767787520669662
0.6048238775178837
-0.2524984634208358
-0.9107920687858719
-0.4322241667558816
-0.36411825407640086
0.06978805107917385
1.1119613224310123
0.08659170606997678
1.3109801236891057
-1.1576834866002574
-1.1755379089912794
-0.1451741344209618
0.9918613612457209
0.33132418971726385
1.1268927559499227
-1.094366864898984
-0.5399564394838146
-0.13153479059161133
-0.23020021710451483
0.13393668002165304
-1.0286773388243624
0.9304363820099592
-0.4461677876833713
-1.7473158550120853
0.6443516651994055
0.9291780423372398
1.2101707642580173
-0.0647923080911346
0.310460262882745
-0.13701661369062468
0.2384508504418314
0.12674314337040013
1.284733526543136
0.3925558603102969
0.714606624860272
-1.0569218125812119
-0.4174994525127691
1.0973792463012655
0.27068654318642815
0.8941470816311342
-1.4080127175433095
-0.5848610998318282
0.36715969624516465
-0.4468622992738165
0.06384144121986954
-0.08007677609941186
1.074743711828003
0.12874616919897022
0.20595369995786614
-0.20282610392496483
-0.4499401264310435
0.9706035208308976
-0.1867485375061274
-0.5571661757071419
0.4782444685708839
2.463125541726712
-0.028643901761924714
-0.2985186238995817
0.6692536064842606
0.8634004000911828
0.10300626882274866
0.7443139585100234
0.3153032486247873
0.009848398098307874
-1.0709331839574117
0.06003138401218448
-0.33540219715755815
-0.31665512771783855
0.14487826528347675
0.46679898094314676
0.9029338920275962
-0.20347675896047845
0.8921002567646823
-0.9872930892462922
-0.370965072262617
0.4942114900670998
-1.734131568344611
1.4930665354844923
0.20226872698269888
0.2547277998048725
0.16333289182675098
-0.9842804799629645
1.1072677146160708
0.2921989155275575
0.6861799160183022
-0.03295442377406628
-0.24262611100223996
-0.24440353989191707
0.12406097797231613
-0.8827802010263022
0.6703855715433212
0.9494262834934202
0.1501337686931154
0.2504815080861703
-0.954352543845568
0.5036925305909381
0.760069439092464
-0.16648887229408849
-1.4056336769521507
0.17304954923746943
0.8038810001234558
0.11173933348367436
0.9386006073818476
0.7262417941409179
-1.2514869023265667
0.13558728387279428
-0.11035640667941157
1.204077034931223
-0.4676022854736776
-0.529527822256535
2.567209907740196
0.5308595889464347
0.8276292590866713
0.22419106835352604
0.37285966093282846
1.9686431041960066
1.0835420276068464
0.3637424711819115
0.9248655801358592
-0.6160034907190799
-0.6757771033502289
-0.958605216684112
0.3608268255784567
1.1505096082932473
1.3513927647060582
0.7966812913154673
1.3442834751596497
0.15462918428641928
0.7916798380330943
-0.05332118697021042
0.04627768915980425
-0.08932162035120081
-0.054192312439104016
0.8294823879631973
-0.20696904034259303
0.3389802611885971
0.6232740004676018
-0.14103280863591447
-0.9388080462585995
0.2131879050304587
-1.313574672376176
-0.010978541327990015
-0.021682393451575473
-0.1396789028359836
0.731280406527907
-0.1652259753754625
-0.18789578871060164
-0.2314577868616745
0.2934010632499074
-1.2569855986677159
-0.8522766891940934
-0.061392478596486305
-0.2724933082311716
0.79053676494818
0.0912260043256964
0.7771329572518029
0.05324331520068981
0.09719845531474389
-0.3800479992451262
-0.38452928613999793
0.25032962441070206
0.02561275909582211
0.49163969063453283
2.0298107015107956
-0.29946289400444737
-0.053058368996677416
-0.39666930037601633
0.8997183980943828
0.5845579815359372
-0.07604883241903551
-0.02864946141314017
-0.2570173963811244
-0.7945479112273266
-0.6998948689705716
-0.8298082222779637
0.0037339182835131944
0.279256937410543
0.3112035674635242
0.577667047098036
1.9408035512803072
-1.2116110668712476
0.9062949694721805
-0.42368970844587417
0.270027721631665
0.39092115109013503
0.5060383340432402
1.3531188805774255
0.6324098876319014
0.450615833922392
1.4294800052158243
-0.6384602734927143
-1.7277656169738935
-0.29012331717339757
-0.3165581284707141
0.545439243723434
0.8554552447722044
0.4735229723106539
-1.1088978054260008
-0.493812399521774
0.7535845225560069
-1.1564797587553752
0.04327750009715314
-0.033261588789748414
-0.5002870221549007
-1.2913478112940735
1.0895374361843948
0.4953345282458837
-0.9262449572137413
0.22234577310097695
0.04782186405846356
-0.08374331034463356
0.5280339875605327
-1.786728399021845
0.6139562200010901
0.40256932940829926
0.2818361764959185
0.46194714962693306
0.5938387444991644
0.3634866303726257
0.7336097063351581
1.0609463462319566
-0.18295455999619276
0.02811000522956931
-0.1883685825687902
-0.4419076986830255
-0.7918974421729322
-0.19250247061193965
0.33664543729237595
1.6569660020340569
-0.9951336969164621
-1.6509591427811117
-0.8060999515013804
0.2828494916958189
0.10616159506342973
-0.6848451460310838
-0.5392829514804913
-0.16843067899531547
-0.6269484569515487
-0.05496118092112344
0.662918116686241
-0.03387771934840794
-0.4796023321123768
0.8950378053248362
-0.35356407625111025
0.27620910249500197
0.45684682292088535
0.42438232126761144
0.13227123381255068
-0.49474226503627117
1.6448104514391702
0.09380496360135104
0.055534016050920454
0.7558421246530861
0.4318510408279792
0.3077050300445652
0.004401688756510585
-0.10902952406163191
-0.6534143300458475
0.6816021139250341
-0.8849349046219555
-1.1703368059689634
0.2695094344942188
0.2341263747123981
0.30891015241441633
1.6787786261804136
1.0888876247629198
1.0731324756770628
0.6152661906865863
0.46922391321092294
-0.6678755262875183
-1.0193107545855602
-0.6926023895378977
0.2344086028186383
0.815320239698952
-1.2801528178176491
0.8603228063100388
0.4351441824060224
-0.5154855133853797
-0.577507742421434
-1.4553876768279412
-2.2037937719748646
-1.1551259582679996
0.3191438401886667
-1.9678493484453319
0.541986342279937
-0.03185477067754983
1.8017939041452624
-1.4840240370518492
0.5042451987076491
0.2719186069463064
0.15421665504185988
0.5951552598721095
-0.006871756625756644
0.25225787816566336
0.640166785683317
-0.5754646956097461
0.32985875692234023
-0.9747974206653889
-1.277175956413522
-1.060213219322511
-0.409646593666143
-0.32504952596650794
0.17933690402794053
1.7336283356244135
0.05259121307867262
0.6766032624159902
0.990905895200114
1.0669762326042633
-0.61971696706115
0.01563784560063604
2.086275291836147
0.9323443827138407
0.5391596748909804
1.2828162482917318
0.7039293289618971
-0.24541050325422506
0.7294727960587721
0.9376213738657926
0.9563530153321185
0.16938399237094592
-0.39826325131680307
0.7136538288400194
-0.24392161796535994
0.20314345978607593
0.6408985176874886
-0.4160089115681214
-0.5560824380723142
1.2447160658569827
1.067154282083019
-0.46150450929740483
-0.6876085673090107
-1.2000714224317746
0.2947176397581408
0.25453376082664014
0.8394617520735062
-0.20312372912279647
-0.14021300800112427
0.06364657069188817
1.6163713404876563
1.0390608709538287
-0.7799708648554871
-0.894887543296152
0.07936388829246543
0.863123570657597
0.5964809053236864
0.8900666655306175
-0.5940760371606411
-0.09887587112180109
-0.6663034986116283
0.3629943220888903
-1.030372995278356
0.048343894696739345
-0.39886323957094716
0.06477139662240308
0.12816715365614983
0.2952432249734518
-0.5523336008891757
0.044949464568336525
-0.004693701349615273
-0.42629315706766924
-0.6793845130053815
0.33231168732444444
0.5047167774777495
0.693602915344393
-0.10052930070209366
0.35648784580083825
-0.16120098666807225
0.03199347448715151
0.11311840817911442
0.2179127161512937
-0.03229505525290589
-0.6518567255674477
0.06704621285654216
0.41842686195094436
-0.09396370157202005
-1.4809559233350265
-0.28802043632511465
-0.9442143308289271
0.029003389650151423
-0.6600395834855552
-0.40824983419435534
0.6360780560686009
0.06481747910736482
0.04108059947643058
-0.5201808691704072
-0.11642200204590489
1.9673502331447223
-0.010814874159834254
0.3588039447988819
0.5246581027860171
0.04470936091147217
0.9491406814481725
-0.8585593212922301
-1.050328068303077
-1.0835181052501957
0.055199342316607336
-0.5205369326137229
1.3280799775705103
0.5821577902620678
-0.31724408571041196
-0.03809669821841897
1.4724075650487338
-0.6553465041796226
0.023818287078089417
-1.2125247716208594
0.10071010963513469
-0.18317833893850652
0.22292767197954905
-0.5970093740274187
-0.2984071183511851
0.6773624673408023
0.02681361370104992
-0.07571443135798105
-1.093630550354932
-1.854402158472269
-0.03281373002812843
0.05217267351723849
1.2825151390949712
0.08012639253091905
0.08437712547200422
0.14451962184160125
-0.17335385378668158
0.673349812181948
0.013685904801881508
0.4778203939050106
0.1958987517962546
-0.6272485883946846
0.21830926198163286
-1.1210865030616772
-0.22239404597022117
-0.968670299757746
-1.314986482108675
-0.6642032523747189
-0.4947442153431856
0.1719594871781315
0.4449082459288962
-0.4496270753104995
-0.8292619187207058
0.31417047975105483
0.2192159848064158
-0.036277976036619045
-1.3350162403648922
-0.40622984125634964
0.23300694569929808
0.39786393582361257
-0.6011641150791331
0.3395889211765165
1.1169603475975143
1.835115291498007
0.7961213953685655
-0.36455355751889784
-0.5348205793563677
-0.46823651693781776
-0.23134924786952682
-0.903068795008616
-0.05562225769849638
-0.7980390271870075
0.043554246969662286
-0.9567189894432657
-0.9542363927810331
0.3973938413754704
0.30080470628221156
-1.780310625611504
-1.1727738616324606
-0.2691466524155529
0.1710578160067553
0.41229625120826097
-0.6346767389584425
0.4929052612012018
-0.9412030048240005
-1.663946231607381
1.0473472463956635
1.5163675838304669
-0.5551448863945375
-0.981234278114963
0.2411496657229495
0.11251833852755269
0.9956256188711997
-0.2721085846411076
-0.1883638331150491
-0.3553187180540217
0.7404239896623489
-0.48905631032808816
-0.1697502264148093
0.9121997685663482
0.026495919378772596
0.3245725158606545
-0.27437686967317804
0.47769920171462943
-0.22565865964746132
0.473358275306539
-0.49272751088863753
0.1372208046476398
-0.7904056332113751
0.1100899829759723
0.5499836494131671
-0.46043173996645437
0.1610376455767107
0.06017618457300645
-0.546694360425428
-0.904480328793511
-0.8033602883984299
-0.31946970668439
0.09750290287157233
-1.3956660063216215
0.2738809843961481
0.27344040169802225
-0.9942990256285837
0.8074522554827448
-0.8857921291301547
-0.16829840337052093
0.9086204702108029
-0.18332147851566877
-0.6728554982616834
-0.7568116656346785
-0.447022287630511
0.5765789738918619
0.5372633126898559
-0.3482698845336437
-0.5749394336486064
0.770221466163699
1.293047347063944
0.5328529846060988
-0.30810138117280034
-0.10620013272417364
-0.10836748521506046
0.894040009246856
0.25320220401775784
-1.1458366521525327
0.10192954745389059
0.8488521491679906
0.039183002257786835
-0.6293848373465604
-1.206301434807392
-1.600453723710333
-0.47344407666911287
-0.7201030611385818
-0.06788344604790565
0.7833541204684041
0.3448915790706994
1.1897284429253876
-0.2730773052093108
-0.9091433280751992
0.30647387458992414
0.13924141932959047
-0.5481549633445765
0.48248940945709
-2.0361605977285024
0.2519578734263443
0.08265610913249717
0.31680071824595746
-0.07107124474455852
0.3325350363702938
0.3906368174434818
-1.7047868407024391
0.48661015261929697
0.5956465655126032
-1.8987451537796765
0.325287348261464
-0.7227062022299462
1.4642282012415226
-0.26082734424791154
0.8233516924488924
0.5645864093855572
-1.1447518002992496
-0.2798749134928894
-0.09321946976011358
1.3107602991149347
0.07680019885483907
0.25990078689111185
0.23110274410458304
-0.17731704144346522
0.8869560378746297
-0.247453345966273
1.0164994501645606
0.1164799085707344
-0.3043123095374321
1.2035243378608094
0.3931587020686932
-1.0220454200784967
1.7536340292990626
-0.9215600086722138
-1.5275067523537689
-1.0863009949925497
-1.1587996442645303
-1.0054289082806498
-0.7403663281592836
-1.0730010140477684
-0.6776576243655323
1.502775426181892
-0.257210242597562
-0.6599925486561369
-1.3193089720910591
0.7572291263657704
-0.6065259769722942
0.0217379277079952
0.02292621716819444
-0.5355484037576626
-0.4319049171392077
-0.31723792851351973
-0.487757132421776
-1.2334563638000307
0.9256417260726253
1.4944480755000593
0.21273600296406184
0.1806862778717937
0.09724352861164912
-0.49069513656330405
-1.3102358687537914
-0.005487605084490241
-0.840271667409975
0.43328582341309396
-1.726711704874743
0.4981652527293791
0.016173456523087902
0.4810050797183644
-1.275506332409428
-0.396139585587974
-0.06908593765730882
-0.6926117245257557
0.06704937513187446
-0.2733223731106562
-0.09699444097219276
-0.8587182906857505
0.4787348988040547
0.030304111126738253
-0.4162416067270095
1.130823413498238
-1.174459804627266
0.7203223151260683
1.4193364804591275
1.0902044579276289
-0.6765724806160702
0.03478389533830594
0.6873006608431422
0.12918656312110993
-1.2902469027221257
-0.24101352947479593
-0.971503943038431
-0.46672689595156513
0.8689419657063338
-1.345229693383844
0.06011199323158975
-0.1918491990115414
0.5114992673363601
1.146453948199214
0.19528813946929266
0.0943082047974381
0.9010455113190312
0.29784810037364107
-0.6058579085357122
-0.21265770725029112
-0.6395499088967864
0.08987600538748355
-0.2394116334027226
-1.5538720409809392
0.10549002232405554
-0.2748807335156483
0.39095484761123245
-0.2736594398971702
0.4307056682011551
-0.9608212230054949
1.4948185715173359
-0.138204772745007
-1.0805898916312713
-0.32379145052456404
0.4492859846662828
0.45894291931389986
0.5021153120360121
1.2540704974181738
0.09977475717764915
-0.2863947379195806
0.07084536404309062
2.1161681949724898
0.6673000384169612
-1.6714347303772548
0.24900795312538865
-0.07060964883719123
1.0086615058668642
-0.1784798281161058
0.7635234290926578
1.2074604681175463
0.4136370127746174
-0.9421267442293548
0.6638144093238172
-0.8150356437614346
0.7724203272717802
-0.27407162859285533
1.5988890884495301
-0.06669786815078153
-0.47169762310460034
-0.10954432850105056
-0.4550499889182652
0.5002365999150001
0.7872950670527515
0.429858053903738
-0.1234564420960784
0.2992457946162321
-0.020263374503034483
0.9443969448634424
-0.19806303798076702
0.9379721032552193
-0.3264004932638809
-0.21709556104376732
-1.334603667686368
0.7161866314231582
-0.018635411803747736
-0.005615218874006368
0.10964086178673185
0.9739933159483818
0.7246901102429675
-0.22221110135772465
-1.0825678271651884
-0.2548704176201149
0.7910673366399099
-1.3144920539321816
-0.4412744071387773
-0.09902515016870402
0.7895511619274685
1.218058084299154
0.31934570200549484
-0.11926441826583314
-1.2318190303230512
0.23539608920099736
-1.180130065938373
0.3851737104486017
0.08395909084103698
-1.2229080814922701
-0.381734373821344
-0.6586535418191332
0.8277716526008536
0.3821243837892043
-0.028784814289690836
-0.4579771313683437
0.23919255729389166
-0.24420598608635846
-0.029692491254968464
1.131816309786068
0.03349388772845954
-0.3815083916185994
-0.6674928737067277
-0.27177209399183005
0.44843952618200944
-0.931840807123963
0.7219837614396002
-0.08896356100692954
-1.509294894403311
-0.07030596820344494
-1.7016128962883936
0.6712814530146385
-0.21175378549748938
0.5445486584036894
0.2981777403451492
-0.8391670394743923
-0.1582794501973099
0.9911491522893627
-2.202966401474388
0.13528939287008537
-0.7879404645954272
0.17045506980560315
-1.4544026597533186
1.7936256133747328
-0.6835638572245997
-0.19245757287852
0.467815553761137
0.07173509640066006
0.648782664398895
-4.5314435166964644e-05
-1.4249580305417426
0.36549273536764026
-0.7650353198368373
0.6159598071965898
1.3652988977290617
-0.1430284008234483
1.2641795087009413
1.1138844782006347
0.5853224130379563
0.23548092700354972
-0.6667066080575934
0.7121763087998078
-0.2593916244167619
0.17644096711389276
0.4708972970717209
1.441015774011054
-0.20238056158665516
1.2469908250436184
0.6700674063741151
1.0856885714099944
0.6379759148665818
0.6662270876090238
0.6188700328846604
-0.4246365333408224
-0.3443298400304744
0.2497502513931077
-0.036374005626925124
-0.8341003391689813
0.07404979930633611
-2.1288257420105463
0.7678436728211109
-0.1325003433738676
-1.122565687623966
-0.8888035064214477
-1.0248066049604658
0.7363282703185055
-0.3545571545772239
-0.3586964194819572
2.164041607401388
0.28987771705853416
-0.5362228115850094
1.1137082708733856
-0.5075482399342843
0.741137683939788
0.06236955308914685
-0.5790676972856896
0.44146762768954406
1.1313144774283768
0.17062676463600196
0.25421187797876815
-0.06364353206741095
0.012604087482595895
0.18391685752604875
0.6913890232935911
0.5593303076360167
0.9426528864833192
0.08896840845415477
-0.05355599589599699
-1.2154989348222076
0.8169350802654751
1.103869618071767
-0.26305683179076456
-0.9993891657587264
0.8695596284265699
-2.265846740673011
0.19292503093222185
0.026289302119036257
0.3140872319943708
0.42467726117440574
-0.8816935731225433
0.20468686072753284
-0.6803435756293859
-1.1761488707602403
-0.7994197669209386
-0.1444418701662391
-0.725062952786524
-0.6000470507709459
0.12086963388233912
-0.09764088539731677
0.7078069675662514
0.016265951233524062
-0.6652224332190791
0.11569795990964549
1.2606460615951995
0.11707402552715118
0.6418339869990521
-0.37720149459577157
-0.412030068453338
-1.6826221342760888
1.0919839896998782
0.4550784750867626
-0.4903214154853378
-1.5466105311698657
-0.48492177943197756
-0.3852565703905636
0.00878947865459655
0.40625297940745075
-0.060348041550838484
-0.21022680131969734
0.1166792401671981
-0.113059211065128
-0.0004422742302293129
-0.5311529948665801
-0.8036150555437163
0.2903559934796816
1.1087684084521126
1.283223071118363
0.22610625129220352
1.2767198398275048
-0.1416106409978125
0.5230878967053427
0.10711981724793432
0.3331849643796648
0.35487908967640647
-0.5113798989307077
-0.5579777194922093
-0.41151578175732345
-0.2761523893188671
-0.814424496141727
-0.19283275477573086
0.6594988153529104
1.31772316815032
-0.0020839015575212306
0.10661587146279632
-0.11563992313407384
-0.3538489786294806
-0.27418201528211406
0.36975907818802206
-1.6644658516973436
1.654637964635958
-1.153821193289526
0.07224127333582493
0.5914666318418391
0.871574055919075
-0.1519710651147202
0.8862619311931564
1.3152786933032572
0.09135833763323493
0.733678489820023
-0.7452520375089993
-1.262591706291967
-0.1429605611740615
0.28374971664971843
0.35911739338290755
1.5735467570296233
-0.17098371879390356
0.6947754325688191
0.3397794777623239
-1.2664951000498013
-0.6655533894237894
-0.40442166667423274
-1.171499587661944
-0.9581174998764084
-0.38157309417584595
0.26407603073909025
-0.16039324616430417
-0.5371230891979112
0.6066940299269414
-0.6569017317962224
-0.4142808970796793
0.18921912503484473
1.1135346683343754
1.284552391193059
-0.0018437672476211528
-0.001652955341601863
0.286496485645461
0.8074502273417548
0.48733603426831096
0.17713378412001426
-1.2904565665123262
-0.27184155425883527
-0.2261038202064577
-0.161154034432017
0.5942273115687292
0.18813120195617597
-0.08460101303318654
-0.9034642566207884
-0.05655283477696846
-0.5162374019821144
-1.02451099727765
-0.2539688407310222
0.0037499799288806214
0.1033680178723311
-0.3167075779027831
0.1863692338830852
-0.5853863990923829
1.1977123024783398
-0.20923424221562434
0.5474238141675445
0.4230628191399754
-0.3840253853814759
0.09597669135195562
0.2997529649220521
0.3044768808872277
0.22524328105719615
0.3597752441029206
0.009256428858836959
0.310204185551422
-0.24741027253962755
-0.03954657026407525
0.27766991708761696
-0.4989385321961798
0.8321402107092439
-0.24226848494284745
0.6526028382914404
0.6095420754914309
-0.18054235955948972
-1.385046634536127
0.575145343085859
0.7312722217802223
-0.07646855759134441
-0.1844642547585482
-0.1300685186882679
-0.2989519013536275
-0.566001767489414
-0.6099873219719985
0.08507957718183215
0.005394141167836975
-0.3899323274855794
0.12679702956965783
-0.12911827928218683
0.309050980980742
-1.1343224549918327
0.4862693375290169
0.7958429611601499
-0.5132905475577364
-0.3522796114538806
0.3957931258531895
1.5404708562827993
-0.25890792684108327
0.23118925548329622
-0.5872620506900386
-0.08413097785884074
0.4772669299518354
0.12554159707346135
-0.09797511783636983
1.7082426272342754
0.8422780055132013
-0.8142088865418067
1.1401689293883832
0.40274956132107176
0.13897898373774417
0.42816699280093373
0.8356103303906012
0.13501828457976134
0.309966708065211
0.11548898012031117
0.3382519753838343
-0.7775349421223832
0.34253808519472495
0.9869537133284432
0.3017404630118154
0.09840322201649715
-0.2167601472640642
0.7579254214972241
0.43236024335467665
-0.9653027542831627
-0.07021660597175688
0.8958654675401876
-0.023503110480529908
-0.22729712344575054
0.12099171531411007
0.3297213916459118
-0.04437392938758315
-1.1205816556415131
1.0715713767283461
0.12972357237453613
-1.3263062658149725
0.7668714095830627
0.8467061807827243
-0.9554710425880487
-0.3970469569730031
0.6730562490720159
-1.3245972338965213
0.14322821277367875
0.43743920328527297
-0.10476754024778645
0.728833704728697
-0.568598242524076
-0.15620759499058223
0.09795033661165554
0.20665665278712175
0.7008787065863742
0.08716363555504267
-0.23134140901921135
1.2418396191505512
-0.48147815195522115
-0.6015698689493986
0.25858329863603574
-0.6011405272324271
-0.9958117079685749
-0.7778237069857861
-0.12797365760270357
0.36495165612246905
-0.990647230942092
-0.7113618252979509
1.0294072426470051
-0.4083243206604146
0.04208871105049463
0.07643320169552784
-0.5862870511746432
-1.1036345983564946
0.26252607010344653
-0.1577375829489567
-0.12214502098822916
0.29570125099949135
-0.43729900403103583
0.008206625237774915
-1.3283243026246898
-0.3756930392001948
-0.944130353779649
0.09846660309997785
-0.9000011117245501
-0.38427242507288106
-0.38830364052691757
-0.16351829145600263
-1.3381122766238638
-0.5995038720249259
0.982618183425571
1.178731628585322
-0.12280936356894112
1.801761881607357
1.017214003124031
0.40519958598975103
-0.26138905187243006
-0.3025596237308453
-0.2889318196009061
0.18380018783812613
-0.09736790639538948
-0.28241301329476626
-0.20755606377698488
0.06980946769523791
0.1385501092878001
-0.66557384534452
0.7876156377706266
0.28267544297462055
-0.9307539904197953
0.6417134334599582
-0.3162514396549045
-0.06319605516142701
-1.2526061365808916
0.8324183896032487
0.07282938918353478
-0.039989339789736955
0.5650987550491686
0.1490438425566854
0.6688859823756085
-0.21632152257631948
-0.06544522440801248
-1.5762977826344844
0.9282399148316939
-1.1555295371454202
-1.3755137234598318
1.1204726605192452
1.8765257405139641
0.8883343294729762
-0.8682557998162279
-0.08087046797883549
-0.05083844393616346
0.6500161663829497
0.9517692190423459
0.7098117345456515
0.7825596051155335
0.4782231403718142
-0.22854172343505635
0.1973332520199244
0.02651396896895878
-1.311484289780007
1.080197460319877
0.019896819886747664
0.23076068924852916
1.3050064489364888
1.3195545224629448
-0.7476989216715353
-1.480432871677788
-1.545379571168354
-1.566775372614301
0.06719205226117221
0.8021648987880077
-0.5237026032281583
-0.6058674009057069
0.10255576917272047
-1.2393329017478414
-1.0672418917037618
-1.1377338104725072
-0.6728048996499751
-0.16372709055246265
0.537920581865479
-0.34411298707144544
-0.8907908079179093
-0.4324874761215665
-0.3804238232083147
0.06337654981731915
-1.147242485900736
-0.16799169941303488
0.5771806330816995
-0.004742040694816839
-0.23798566335749355
-0.09828223901869654
0.8828424364819378
-0.09910442408285888
0.6403185892900745
-0.30530344929773734
-0.32126619545610047
1.3754046478502546
-0.6301750016553215
0.5076214445482665
-0.38435243329799557
-0.8688435551472667
0.5891804467337208
-0.31928556765646826
1.0464386616379693
-0.26063607253931
-1.307591168689187
-0.772891611317255
-1.0195594361246754
0.02005635482875869
1.0057321288233898
0.7777136391068058
0.6921108392905866
-0.11179225548844833
0.3076641791763091
0.632731138945797
-0.45403216426624154
-0.07011153938088381
0.873929803242878
-1.0015605865961057
0.4609225069760725
0.32352811882419863
-0.05341665436434252
1.4569419724467032
0.27010835776249176
-0.07600638582745092
-1.2086240742807046
-0.002725598114992617
-0.20845281581976466
0.591233398612062
0.06621832529578307
0.15441122517965514
-0.2949331404770996
-0.09300319845892793
0.027533087256885247
0.31089340312567665
-0.2592722835001769
-0.5553337423302563
-0.43134954505348183
-0.521794478889844
-1.0135949536141082
0.9242497374505472
0.010472923874418958
-0.8551869233184017
1.3008462558210956
1.657221679523437
0.3564110702145705
-0.10376985529054966
-1.2916137170631048
-0.10732840110192855
-0.5375315732516588
0.05028282645087386
-1.967067536196466
0.10410117372515398
0.2551792231853893
0.2900784255255728
-0.1155099910572221
0.7355279247108047
-0.15295425242373115
-0.20580899396806962
-1.1890390758825806
0.8377986893705497
0.33314204381368556
1.2318606516196584
0.16346645389425513
0.9849360426146306
0.6739719650329437
0.11487048242464425
0.7352802063366414
-0.22855316223134575
-0.3817685613150532
-0.05589363238125724
-0.3220730081296903
-0.6154765365989117
1.3859054055560396
-0.516356666416252
0.10715785923494542
-0.029571824770990914
0.021460037448745615
0.07987454914437664
0.47373874143646844
1.4945887300300473
0.15673704153221205
-0.8882664230209885
1.2868736949028068
-1.308711718384454
-0.2816951541753031
-0.34123196527474187
0.22961222667879932
0.8454217902045489
0.8789527859642557
-0.16228281498806624
0.5132709229624747
0.18881810928186185
-0.7367556717705572
0.4299568748152725
-0.18809263066862508
-0.8233754644720082
-0.14482359382762341
0.2548429311557105
-0.5441991240593994
0.44411341372074353
-1.4760291234540772
-1.3470415446953812
-0.35334800733425586
0.20992632740386774
-0.36103179155795473
0.9502348031436926
-0.4625642282693936
0.6226736608555755
1.6089882233511312
-0.9237493411362769
-1.4412721611940085
0.9275613112405388
-0.6058290308154264
-0.630467925195414
-2.211329206909249
0.494403199343303
0.49147051887121107
-0.2496390432558819
0.5485848116930694
-0.17315837282878138
0.07587755773194432
-0.2787171280310782
-0.19825368103476307
-1.1675294334280444
-0.21230421048279058
0.14411111235486626
-0.891053838994568
-0.22358685936448613
-1.5524657554300199
-0.3601092383818831
0.10619171579275613
1.0822557097489156
-0.48484401684046585
-0.2904465147411244
-0.9746233353516323
0.014041375032952969
0.9621706804598127
0.12791881545629766
-1.3073157801527548
1.2655060598340229
-0.8555570929455523
0.6346996843687673
0.37810283892001856
0.6920197961496889
-0.6678964813909093
-0.026531528851256772
-0.24466396317689132
-0.7753211323562752
0.6538615797702502
0.2689974647906127
0.864933539122603
-1.0952135138032784
-1.4851951284867746
-0.7664974975452186
0.49285772416197515
0.4383283919522676
0.008033716511882283
-0.21127164336584284
-0.6829018272104567
-0.6722148506029613
-0.6464911054242505
-0.0039339167024955175
-0.18354439756354707
-0.3714608218354638
0.8971122711029522
0.06245754102304273
1.0727432906469927
-0.45583922087372303
1.452406483695969
-0.22768294494422042
0.5699543278737157
-0.5623384773762519
0.465697984056514
0.18200070187864592
0.01770053459089696
-0.07928157150453256
-0.8552889000676356
-0.21196637814457653
-0.25779324590863695
0.9253738552035293
-0.9859745310938277
-0.66061462061587
0.37654878256765734
-0.9935734001411658
-0.5660842736905894
-0.2769633193100062
-0.26618971259448077
1.3752618845327815
-0.9926405753721139
-0.9391376925298375
-0.47655209244997176
-0.03944468488286015
-0.04285034013914212
-1.0361966740466773
0.11450475891414821
0.6620774052422449
-0.07053155283974007
0.8766503552444386
-0.6708863941408145
-0.89909528399508
-0.960214495250661
-0.10879955656188758
1.1691456299665326
0.2312512492806397
-0.6073077643741415
0.6732592073866288
0.6450425398240822
-0.21623219211758277
0.10897096557926829
0.3756112932431231
-2.1469124386401237
-0.7051280676100751
0.15146213277852855
-0.17672792066261594
-1.129102985053255
-2.3128970091752605
-0.7317269001855471
-0.32689672121612434
-0.2609312378845622
0.06813585767356153
0.9752824574520498
-1.4645142142241456
-0.45872481090297823
0.11293490603119583
-0.7463043960059768
0.8316879828067547
-0.14960185694519615
-1.5614164242122168
-0.05700663832982748
-0.7221241600982793
0.7040351294795301
-0.14687523432998598
1.390519618640428
0.38760166010373764
0.4312314404071872
0.6958196523818876
1.2434949653102174
-0.22529673613956375
0.5413654806449835
0.29145720623936067
0.9005054148957197
-0.8447683155382932
-0.6275709418218001
0.5702419949871476
-0.14193454060361194
0.4972515284614365
0.440593226837517
1.3951758490032227
0.909337748593334
-0.6904778295768597
-1.4013813825668118
-0.5791175313694013
-0.8972466256013699
-0.6361236718458625
0.420567140431863
-0.9157576765694027
0.1726087183341184
-0.5415713777253777
0.47814537257824036
0.4173806084713473
-0.05870208089646345
1.1101222184867081
-0.8154583192009761
1.895618775725866
0.08619379375094642
0.07877222622861327
1.3007397071862272
-0.41429329788085023
-0.5992293906918277
0.5440517537695252
1.1485901543010177
2.6059556178138417
0.061208176877302886
0.7068692385583278
-0.4227959427848937
-0.9448231672666831
-0.5672885949361963
-0.39013264022947713
-0.06974756924120162
0.2116981098197098
-0.941128484409173
-1.0399052825134558
0.3371863626370112
1.0355776093109927
-0.9280520744603764
-1.3530344771764968
-0.19472051265822127
-0.2405643655783378
-0.1632200743233166
0.11816317626594051
-0.34592429602486174
-0.5065820009672796
-0.2329700293456029
-1.638997522179039
0.5761241860804767
-0.239308705394348
0.5949241331878077
-0.24377630523422655
0.2996737644257821
