# Loi : uniforme_continue
# n = 10000 valeurs
# Seed = 2 (groupe 2)
1.5232242684986328
1.5969822868282466
2.6284514811885606
1.1838318842701938
2.200201051931308
2.457121053623589
1.3758021467332069
1.1102932546661364
1.5499387358120762
2.314866029751185
2.1245313255608558
1.3001245266106722
1.8652615816095743
2.3385945971490405
1.8455693465402556
2.266368798548233
2.9348719049873533
2.3661296446192503
1.7832496661600523
1.3745051394401961
1.6919213311434662
2.022131947139154
2.7824188190011583
2.551127884945379
1.6362932012307487
2.8484337930136485
1.941819770831515
2.38751768440446
1.2144146169071761
1.209087116865883
1.4038148950589007
2.7688993473765873
2.359622922969167
2.6984726472288694
2.2888725384110353
1.813084795351073
2.0331563882499935
2.1868870355118126
2.7242359698152563
1.87637233231825
2.784480219933286
2.2274338768051747
2.6587122516131627
1.9961121098344958
2.3850362636599467
1.67805074929862
2.045657007847528
1.4324467820380289
1.2014072040369537
1.0772082598419377
2.403898952771979
1.9128612417631121
2.7954682941863513
2.6703664093845596
1.7701902689616331
2.947357539410446
2.1841240221567295
2.531766628430596
1.8143887169592139
1.3923398239365439
1.343554030163669
1.3624124524619736
2.207611034524877
1.2252657102226365
1.039821497674843
2.665993928376841
1.1988222358652816
1.9011690711035243
1.9769971461679388
2.240544816767125
2.0080289648031933
2.874686287457936
2.5007931887265515
2.1489329957659313
2.2345442734105667
2.0131029832139604
2.9295236177507094
1.4532521267182734
2.3780542742971367
2.1101933577957306
1.0840235781373722
1.5922999995674674
2.854333870803182
2.56912971486
1.0256621870607765
1.5932526593254897
1.0196106980931277
2.6549338859561558
1.220735184618126
1.1149103575496389
2.9637666863901972
1.8917397588304277
1.636785998127352
1.0980267791261842
1.7791905685976441
1.7320781145242765
2.0469615761109283
1.0135709329629659
1.295925760580437
1.4197730514968125
1.8810090374973951
1.6046067326197326
2.2266553529807975
1.5708652110785908
2.8192660201688398
2.923739916396153
1.118869730871805
1.4181194383099582
2.1260463665118157
2.541320458967959
1.1280484626487624
1.3696053688597594
1.9134402433813784
2.3373815171003467
2.806655853977623
2.7339459270831004
2.587510830836515
1.1054642867531022
2.953272986584375
2.2292558983023136
1.1722316304029001
1.5098575507795307
2.2415081691325818
1.771280233767279
1.8932069509810843
2.6091701311974993
2.648061954829557
2.093573960360615
2.5849022081088897
1.8120098581861088
2.9489636746368206
2.210318330852072
2.935395965373637
1.0879753841127942
2.7653853056854008
2.118754375089753
2.4272780619175944
1.38518995075804
2.0973827519819865
1.5785558482438384
1.2109609537334138
1.0063735412362342
2.8136800397292077
2.3418086300716547
1.4100434633330146
1.5156373551254876
1.931188623043497
2.636574506538947
1.2352512057569593
2.9355696603274595
2.887821532854174
1.489320191385267
2.2815637190038616
1.720195065532172
2.394646689011168
1.1738322002955068
1.9399317604128539
2.1769816073801875
2.2529514718493653
2.3855909483431263
2.782762746002012
1.482500419814852
1.3063886346663727
1.7812138744259516
2.1376562953782363
2.9210575218411092
2.421011171232837
2.476885101339258
2.9454341076212476
1.5354863255171798
1.5189232510517559
1.8450816751378043
1.5908400148394661
2.3022067704569382
2.903427841639072
1.3070229850720487
2.0358953644402695
2.3551561975964743
1.9863553331622643
2.8274876817880346
2.473795972402917
2.764353591221138
1.2235299762382144
1.391527006993419
1.1314084512072238
2.658638996929369
2.9256373236116326
1.027982042056867
2.5785072877431516
2.455662397055949
2.8163735887707544
1.5407709465188013
2.4295543666331714
1.47484576293844
1.1520664000895333
2.4904081254065478
1.0844259428061247
2.399188926315248
1.566924929404731
1.9748467901691553
2.7830663077426996
1.4868157580004258
1.9366487637134306
1.710098894080489
1.3807617737539764
1.9473029366852501
1.3632606540228505
2.5980149833171398
2.229643283255755
1.5662615056717035
2.9462099905280326
1.6905536889374866
2.342513322397861
2.4664474529685085
1.5304527803532795
1.0235276031756204
2.785231753266275
2.912833027183258
1.3404561668359822
1.307210422247706
1.8653348388867963
2.195139136299483
2.9779652547149524
2.9269922347118813
2.9757056798919392
1.4911388304748547
2.1977664035835787
1.871738287427463
1.4628045914757608
1.1307547414334325
1.3374567475121137
1.7169034575724134
1.1760434609503134
1.3014779827399106
1.089302970339746
2.245812547384346
1.9854329597322042
1.4871060061997885
2.0526974790445953
1.848893555311956
2.318306447410175
2.8653344394959173
1.706584212947166
2.2903030653497782
1.4378334764206304
2.8797987980319686
2.235384960964238
1.317494875200792
1.514102121802041
1.3183027212270746
1.358268068939379
1.61359771333684
2.6461408863260014
1.914117603262245
1.5543399349179963
1.8381517215350724
1.5347964601963833
2.467364832346587
1.1175624940205977
1.5784571202945588
1.646492176328616
1.3630390373589896
2.476311566764491
1.3604947252174222
1.6009626861834556
1.1129531242553643
2.5111712743357746
1.7277260332449007
2.311856785528203
1.4344722043935136
1.0436003894277697
1.6448363170194054
2.558127705594027
2.6748915609299906
1.697679512932329
2.6938815570831736
1.100697851747423
2.0442290721469503
1.514844832662692
1.8781553774011626
1.4432836432554155
2.787133243598559
1.6043493310076167
2.8905838540714983
1.2181803578408326
1.8596620122593412
1.8868898660930804
2.4188695860446363
1.690044539586227
1.9849899272157179
1.1408981210757632
1.6220629173310945
2.449968635730971
1.21182278382305
1.9250713435103326
1.4734539091366268
1.3309690002733634
1.24263102521712
2.627731854767859
2.373314039079443
1.758912200584345
1.7832818856469306
2.4569149509632404
2.2079122992390365
2.8320305271045987
2.8388273724641513
1.9643494056512028
2.318270513938377
2.0893354278709775
1.620571083406107
1.9070268496711593
2.442351728421574
2.1053643053623747
2.2648127328932164
1.9741465955367539
2.9059552858883606
2.5529229006713354
1.2615700674360353
2.6282190160710055
2.835155152820806
2.633316381817018
1.6862164955547652
1.735817992654614
1.4864287406320713
1.1114094200442677
1.9441226912313736
2.7009603570098566
2.5376231723180833
2.3243978030592576
2.694381338866566
2.3182277497928885
1.4466668304494628
2.606310153634165
1.735040008919411
2.7801239405507596
1.6529650617094194
1.1838039011671553
2.4597963901161393
1.2152935042399737
2.7404288581537957
1.8238471021868734
2.5602423980851237
1.1051369109929088
2.0876755150156106
2.3537880894736496
1.2590102575333462
2.216795642793001
1.2860452306830492
1.6079782541615257
1.730570411055317
2.2391707407881674
1.260237689874543
1.36965131400049
2.562513172619589
2.4317512816694764
1.9084113392016966
1.5640060304309935
2.3844092844786493
1.935688806641806
1.6230393461856043
2.7493664663422064
1.4036806359630132
2.6085657088421392
2.235635811338881
2.291960251535964
2.3643049025256135
2.4965420867185597
2.761894190134763
2.8411677039641665
1.51097809334487
1.3277724095955774
2.7927481670647967
1.407658581524644
1.4439298758309873
2.6105139820029324
2.9322211769574444
2.6890906912548376
2.0334607831236506
1.7512007363480242
2.9771034644007557
2.4721377650894913
2.258187042132039
1.0222575371907252
1.390383557808218
1.0269835400887863
2.8140808298495585
1.4729312198038476
1.3420426209899894
2.1651354477990585
1.4062037125621645
2.0930641862477586
2.8995834020884526
2.7278173820132614
1.4902550675362993
2.832355288129305
1.7987808803841128
2.0460741654108965
1.6499453524011984
2.9999161729560893
1.614146912303864
2.474551991744966
2.2397920711859047
2.3778466451562164
1.2080131049610265
2.073577620856151
2.994094718811675
2.126286869069488
1.3935882268320028
1.105146235112089
1.6599050185454578
2.4912330527203084
1.0496271503977401
1.0972764242537238
2.31401603339675
2.7637342849707993
1.8774967582443591
2.2486135200931106
1.5145236186272326
1.5451263573557608
1.9499548265200797
1.4381329512359968
1.9077599136854497
1.2967636168023065
2.847949868827718
2.2959021469713
1.1883774187289382
1.3862146945800111
2.65830545218742
1.7448060827547873
1.5202081310461366
1.0466361402463522
2.350433702570723
2.140662775597759
2.680788881527562
1.3394608989015346
2.504590355984881
2.654137530716289
2.648242315683274
2.4927295059862598
1.884731750209912
1.0948136541207398
2.288562836379846
1.0513824971816734
1.1716849737470247
1.8182465960628387
1.241555900270271
1.9039655123293626
2.702086409759832
1.3483144437214516
2.596309892076918
2.99512146306327
1.0745660049604482
1.8462988170623402
2.415082613617339
2.46336705109207
1.5598194930132439
2.6180434628987967
1.7425630464833552
1.4015048579478038
2.035663585700313
2.2249545099373425
2.6754764963381303
2.3279624187220262
1.1662399402563142
2.14971370960516
1.6882920690484355
2.410084769851072
1.0901213200187811
2.314714922598842
2.5831426495052123
1.0803133996658
1.0307214410402465
2.78378295179568
2.7908472786937275
1.3531703536427555
2.844903968676527
1.8132327080351855
2.038092607535185
1.9417439633189755
1.6700057328080378
2.7684971151196622
2.2211524213378464
2.8649441730098366
2.2441518579809165
2.8497167556102276
2.030439196803173
1.9497880224405006
2.1426220110448235
1.011838372678421
2.535289106262266
1.2792339682518803
2.8879250482989005
1.088590210179417
2.416371599473699
2.537171086053264
2.083275361204425
1.1915128805117798
2.6230067514684023
1.6424336493274445
1.575945720373345
2.384770301783811
2.9436574136639067
1.192294615697584
1.8725509062040493
2.346687771507943
1.5538436001155806
2.8499894742113505
2.205596608337796
1.1512198068138741
1.3095308497865776
1.2865098127245838
1.9120091657328981
2.820517935795422
1.224568563235303
1.3025833391833015
1.4234514884076304
2.146182724853076
1.8604276752750275
1.836609300041798
1.2898739967038189
2.648566059667863
1.9588987731085779
2.7314555344262503
1.0602295589665673
1.9154001750336236
1.7368331963150576
2.682626759983229
2.3842843408508063
2.0418482649590235
1.322496751297531
2.3651872917769747
2.7919476406275208
2.5532440112657726
2.9342333089247337
2.1826360167162857
1.6274731942238225
1.4420061255717336
2.5986832495243037
2.6236752807811428
2.269464275509755
2.564145782337958
1.9719512096048335
2.703076940620832
2.389383522915998
1.4839034900082864
2.175093999897885
2.3122789176430407
1.4056774449536409
2.871557978412386
2.611100710807476
1.290522097583301
1.4397889008766593
1.0042544073574706
2.8788045989332147
1.348725414911377
2.6676261643505494
2.023208926549067
1.114232307226348
1.4228509631107793
1.5154240830239167
2.528711238159727
1.7352946119140022
1.2838785631322513
2.8926877397114263
2.0290387615829886
1.1331769982817652
2.94599881654727
2.3506561894431997
1.882084581009417
1.2914512272988015
2.3867371798740447
1.193963267312039
2.878477890914862
2.5030150971757372
2.4262680191884782
2.540562000649769
2.7275662618145353
1.9378555980680194
2.6230269262330133
1.2203563233385988
2.4007324364112637
2.5023005162128142
1.4227739828714427
1.222675975216035
2.833625986767631
2.783024027274854
1.219845093173923
2.1786959152928693
1.3615758388273986
1.4094046343019215
2.8583846548399077
2.325593804105195
2.516926390868149
1.5642684782875482
2.551627261173114
2.3387189231010295
1.6925338516042834
1.99247292507773
1.498157030270449
2.18900411428179
1.373887751729493
1.897331543495216
2.710653176438021
2.3156856645991835
2.204481167172826
1.2238364082780557
2.6433615028021658
2.2390716206116923
2.8967982510881143
2.8675510651221106
2.8635978924662586
2.0688435158054106
2.5393901661580225
1.2032625698598272
1.0894919656404343
2.572596432300821
2.346500475707689
2.8940246901620306
1.6087945121359648
1.9899923296981767
2.57345741821089
2.217958084509297
2.6970062924041667
1.7894506717073828
2.690324933358011
2.7225946595674118
2.8059679848976984
1.795892896986927
2.8165518797304734
1.6182065373618468
2.1878101968615216
2.959860987412506
2.288976248615466
2.1848334838103805
1.7219749069458297
2.0272189531010554
1.981197887508018
2.355171023453556
2.0796850714948842
1.6368717775027106
1.3816293045540722
2.974656866103589
2.238698056693626
1.346279387147993
1.6759062581461164
2.3003241277755553
1.4772369397158218
2.7906781913682677
2.081046862596361
2.3617200212121006
2.3270006498099476
1.3234881787360844
2.8642948087871227
2.6915655209977345
1.2919739520290177
2.1391257226797005
2.0558655975812212
1.6191730989784563
1.750442994676533
1.5183878338684271
2.2626864974333887
1.857249389008323
1.2008468385261941
1.4543489711038076
1.3030931656670828
2.2589973978428137
2.108401237161064
1.785067707569276
2.094316438912095
2.2576140927363637
1.4330020419748402
1.1112483311310792
2.9243175840843074
1.3710261066598246
1.4838709118127171
2.408401137819382
2.9716322209353905
1.2471754565440856
1.8048121122903438
2.7116495629250648
1.1698318122284677
1.5006728748404214
2.227435562626044
2.6584641113022416
1.2052727168952901
1.8327109488159687
2.1842634186071446
2.094101780955152
2.0710828270002155
2.986033188418533
2.968238298124053
1.4206142776821493
1.5112802887565138
1.8000839529743855
1.2019368734396945
1.2927463005083217
2.130030469416979
2.973888402862431
1.5875660326427057
1.39691774064571
2.233039885687183
1.595010953146795
1.0271883784665834
1.1874081832519303
2.755505233830135
1.2174520361744603
2.2828282647320175
1.8374311128045335
2.5389681058098397
2.018272079350206
1.4617960804377017
1.4223388854321866
1.4704821576630216
1.4674205719625073
1.5016405832720603
1.5987327620726526
2.1962388374637913
2.055542124748123
1.1374352265016308
1.8414479150244631
2.859960269669524
2.879191692714414
1.6393444650011526
1.3110806605896026
1.585538838825661
1.2653566250033463
1.5171381696861255
2.8495912476377097
2.7541647332931616
1.9045301316755892
2.0995873964071405
2.401232417219124
2.402644540103743
2.387317853330582
2.4721259410308187
2.181968994058073
1.265893768333977
2.3738556593819675
2.3378864596281406
1.3246933668740613
1.3899216363883786
2.2731498757697954
1.7716773337512457
2.6216526803871476
1.5543945170710771
2.3323581187727376
2.2297683706354814
1.2211213835490329
1.5568685040643686
1.7069127725135136
1.6038843897355062
1.1819909759306924
1.4710058261275636
2.0744394507945287
1.4521563390178163
2.2715810863397667
1.8300782545801115
1.9127258979588877
1.4139470143441186
2.573037589333525
1.1549101893594562
2.888806975665492
2.178686348101722
2.888502695732137
2.0984385921671853
1.7031981556147313
1.73971128479879
2.8586021095906284
2.0417412193878155
1.788760987875942
1.3119690160254314
1.3034805635119688
1.831972804345213
1.904077642025891
2.6084563804401926
1.243375790777645
1.9082343092895604
1.2660115827587684
1.5079122007566967
1.9862564926524462
2.7538317649944184
1.2646127119021653
1.3484963799640763
2.4123992125668656
2.0544369181909348
1.1753900009138438
2.362007210214787
2.9166980535139424
2.4765097432639642
2.9929632030757203
2.4855830826360323
1.6578607927854934
2.6006919097781376
2.1357506969969298
1.182679902357536
1.7248654152655378
2.892551206171393
2.3098547683404886
1.7398327839219987
2.417008709278403
2.366315640582835
1.3166468673859018
1.9214499129846594
2.611724239613956
1.232700782930907
2.095276789876798
1.2377214642033938
1.5497918014268697
2.532908400167024
1.715396396873092
2.6448320462245936
2.452223479190967
2.27137392959719
1.3007665986423016
1.9043913534875925
2.756557284986985
2.265341316086157
1.1373770165076984
2.0041774067034877
1.9337760428846664
1.9744336397059026
1.8290929458250265
2.627350834180641
2.064549956508763
2.7166264562567735
2.907023650041467
2.79041599968118
2.539629078910368
1.0429401277604804
1.003556727354963
1.3430980675195403
2.0343094531906027
1.5987428352618165
1.2644351917492496
2.853612645002652
1.8596923510064516
1.3975215079151038
2.0231134272062423
2.9632983420998924
2.4458896692789116
2.849234954921924
1.2322454355659094
2.482079969940863
1.675115651222344
1.7203853278691157
1.9135601084663192
1.925513302341555
2.581870346986028
1.5915010272906909
1.922931773149316
1.8662780515897182
2.245099293630896
2.1171898039137087
1.0948147344175638
2.7079497734686333
2.285138189359988
1.3042434551662785
1.9915866106999627
2.8005777190650694
2.765530704423339
1.8073081687043877
1.4764925945890572
2.903636829533365
2.4703894343958503
2.3266654452493443
1.8177930397670836
2.7304274902120227
1.3857875746698172
2.6560410716511482
2.600510506698191
2.04450612429466
1.7279096060514803
2.3724898404827606
1.776612754105283
1.8272073363760724
1.5392831008111125
2.5665365666568043
1.3076480291780153
1.990170596799578
1.8840336317655098
2.9721373637404893
1.2205555625163913
2.1309844986503226
1.443505181766567
2.900847946681303
1.2514342813390165
2.8327941923264026
2.2912324186473336
1.381546774742347
1.828930727157002
1.5514876056900386
1.9548890542238972
2.6494281372132598
1.9618233211528955
2.970273023296791
2.8232152110374926
1.4325379112069019
1.2653150012079457
2.367895217283017
1.719807418342435
1.5308096777069784
2.850993166477698
2.156822922607697
1.5371062183460706
2.1266749614703446
2.1007660275637954
2.598524913182013
1.8245379759862137
2.008328787040006
1.3043876999755863
2.6974987979272615
2.8384584064830154
1.0042940852433746
2.5108642509370647
2.9463419956556667
2.7180661285361483
2.598984073939861
1.430653401590375
2.981528875876716
1.7464675176958813
2.7155077098576426
2.5566852075436692
2.2134339075681306
2.9299696076195065
2.9147524645360017
1.887400784239525
1.9449193848683357
2.8061065468927
1.902703493792053
2.7378863924537304
1.4538490448103911
1.5049194651976694
1.7750662863638305
1.6177062720118816
1.9063341034828991
1.4431114076670402
1.3279652987516566
1.7613404692889485
1.3554427636754822
1.6865332010198264
1.7934579325895823
2.8841483953101283
1.8339135522834062
2.1816878636707147
2.848105579312856
1.8884064157870948
1.551066243652635
2.1344980188388587
2.6494131823372844
1.5680015556684022
2.4746645423754448
1.962557012475678
2.0563354499542976
2.288628002783036
1.9356218303464314
1.3724508057828586
1.4627648210436286
1.0967322285850174
2.7634591692984896
2.303550205053993
2.8778919569506476
1.6352451481761852
2.1179503809193907
2.1409046585475036
1.2790401709320791
2.111391380791585
2.2110669109644214
1.8633578060632363
1.6984007295931356
1.4726143616286285
1.1539817488284176
2.1974368895360694
1.3928803533068885
1.1611504523780798
2.966885099310608
2.780482208600289
1.722273834232043
1.9420249105072172
1.4093975990070373
2.972792517859596
1.6015954493933178
2.6711434522852366
2.4948814690935937
1.0335951760095452
1.074605392025969
1.8801793749261195
1.0612902584750206
2.8366759099827514
2.9407041004141963
2.225420675185382
1.6117505089653619
1.425887541330239
1.271822422461608
2.1337486825793555
1.3146680844107819
1.4392749466935544
2.439014671583344
2.7382098620391258
2.266505283690182
2.9122783506013574
2.6345081207956755
1.8653446252610408
1.71556773836097
1.3954202424319129
2.6040963674792987
2.0109344580126183
2.7522566575591245
1.9869069197911313
2.7500696364078863
2.4450503334104097
2.139391502435967
2.476010499828603
2.4702376750647685
1.0933381076446402
2.6182358956624427
1.2170226312975903
2.081024852249514
1.972578753961613
2.523572275641839
1.4370099967543142
2.3958636399223883
2.578137645735536
1.6888163138192684
2.1597462851963884
1.8271566014300502
2.5108672540354053
2.7650896361475894
2.018587675012819
1.0238620834218441
2.840898121548406
2.1735708309195036
1.360741379032387
2.4652138213347454
1.905785571521623
1.3492365243567324
1.6827559744337657
2.2183918720904767
1.6685744725380396
1.281033502513072
1.111924847807945
1.7705820276894026
2.458975937401495
1.6900103629064243
1.821769778803983
2.6061527231942465
2.2784702206143583
2.966787679763695
2.66765081220412
2.8789191490228925
2.0182192569964004
2.5469401193719774
2.999102601395541
1.0228871131582706
1.938827693112736
2.487614597268835
1.462250624710986
1.1411944792325337
2.007836288149649
1.130404655551993
1.3155945025096523
1.1006340054198758
2.4619052243034116
1.0983719381426267
2.8396028872961474
2.1163369831552075
1.803376487496656
1.2946970796973707
1.7852653969223826
1.5094239666244753
2.7293381199332183
2.0192025247602245
1.0382883633728683
2.8731730253146814
2.9742291888816874
2.9850967801148984
1.5444983350417731
2.0005100806338483
2.431189488049698
1.2202689728533855
1.8569990274650998
1.6432402179864574
2.7220139734770834
1.052684356942253
2.850158362074998
1.0387676614216401
2.848904570657142
1.9098610284650117
1.3704990182661905
1.6264816025648814
2.8770989210181845
1.3794972410263997
2.628020244684744
2.7784293642582547
1.5952985882695923
2.1669327618326637
2.040702111122431
2.8681754043217786
1.3720841858861172
1.750377052968189
2.3306609834493335
1.2851462556032256
1.5208744305132886
2.5376448400972627
2.2905594528083206
2.129033400836812
2.736939780071409
1.485597665121494
2.8328541520042765
1.650131593532124
2.8342669318724765
2.4546568220903633
2.445339187499155
2.2187929665965576
2.5533387487797174
1.6242812924384793
2.4683438904049715
1.2345044726697894
2.307511776446975
2.9458664670361463
2.9272567502321714
1.4894264273015447
2.801019847216354
2.1928461800374137
1.8757565988705753
1.7650790355968735
1.9020549735193835
1.9053901333657994
2.9023998929446053
2.5209207041361035
1.3217862430209673
2.56193216816629
2.1981494365266068
2.983409428657156
1.5729560284598225
2.482895198568833
2.0362850338612857
1.4488675820192658
1.2390756133827736
2.7946955144785215
1.0335493274833027
1.5058174490132583
1.9462187956728847
1.581438997934824
2.106721018634241
1.3557472173002232
2.556376001939652
2.166811378830901
2.2911533380013025
2.950328282177674
1.3378651935008519
1.933716841804752
1.31401114725901
1.5987226288851355
2.005215726424664
2.5184812723174046
1.3664448774340259
2.6232024952033415
2.456056538276658
1.9509604413749508
2.7474771065696597
1.8503343512152428
2.9647346542344892
2.9298120331608457
1.835654807359114
2.912300642680247
2.5414498213154206
2.058074755789943
2.2282318532315615
2.602062143117421
2.9193522197924255
2.8110627683989815
2.913099561081122
1.8049645111654404
1.015807869244724
1.274259726132863
1.7622899870833806
1.1930684861661605
2.0885727993492376
1.2387791553004783
1.6087885931514703
1.6099525188864128
2.821254522617303
1.9351102834404967
1.2275630339195973
2.512259371527472
2.874332266747404
2.426216373510546
1.0095409450674548
2.6892194339084217
1.4264587118845329
2.6407350803884238
2.644840288503369
2.3678915950950925
1.1537595785344519
1.737702434122891
1.2533949875396373
2.55954047993883
1.1365037065840329
1.887459089523525
2.488674374919137
2.650642494824874
1.8514323255772445
1.1677170425698407
2.7575691460858196
1.593744249105656
1.9848679787638697
1.0046123986023563
1.6036911467665413
2.8824542920347263
2.459410123179745
2.4332965618487328
2.1328677514424124
1.2754277724746412
1.4470319374280831
2.9050767614942865
1.2219868172619592
2.3301730326298067
1.746727538457828
2.4628882101410463
1.2903011346776259
1.2111036433510636
2.0900597573958946
1.5152569716125248
2.5755822842054767
2.9973652923903567
1.2758262162462246
1.4994303598798135
1.3486547496876902
1.780789904283605
1.4684358127726547
2.2196905026042284
1.753200402455246
2.0419828419515276
2.721928749698801
2.723198411165824
1.3545585858694196
1.5241841744300555
2.1397561004334698
1.946208390887166
1.0666939714216002
2.474020213395509
2.582454010128573
1.8656626164194363
1.2465539213378352
2.397658999898246
1.12994645078763
1.1272237818677622
2.1479966395259176
1.873370789545972
2.9723943792891117
1.5029671327548813
1.3630164332577919
1.6456099987804687
2.7468690474445454
2.3927936435354074
1.007730213672899
1.257943951919254
2.901045010012224
2.137168158109273
1.8330619514960576
1.1526317697012662
1.449785240488983
1.0370752589803551
2.6977318228824143
2.8641499882591344
2.0707302709686473
2.5851360701901216
1.2750985411816782
1.5567035314955076
2.233920276726523
2.363653418801714
2.207359074834332
1.1829726275117904
2.8655892316271183
1.5003387683048857
2.3693398911013652
2.7243332742907196
1.2654788599100564
1.9172728693561356
2.2354131840395874
2.9798455075184953
2.4146874448907596
1.8608836713236745
2.392189059777036
2.029851468271314
1.220415055073946
1.4373257728126416
2.250082042691563
2.350789145900013
1.8771276480332986
1.5211583270916833
1.1134631296252258
2.496957854503652
1.3998539329471071
2.430200779649808
2.8831569844192853
2.6455101625380264
2.1842571413209897
1.1081439711778105
2.4101701891438445
2.962951933422528
1.6101855146442594
2.6769703328166887
2.0775041161077645
2.5644390552854714
2.456789509967675
1.6037621136566598
1.9631660958237263
1.1912930813892852
1.2389536802406722
1.5731251214536088
2.4296366072611697
1.7870317290055187
2.727859476535182
2.323437081173906
2.8353851702362864
2.580910742139631
1.8786091560031324
1.2109797361926586
1.9794008487632544
2.029418477855657
1.2222145490210738
1.2993266194571442
2.9644849559573725
2.6556554776996943
1.7198650480402207
1.0564281447173032
1.5345003651092433
2.1019305920174443
2.9349435030987854
1.0472139226525985
2.4368539463729224
2.917157693416242
2.928948952617108
2.1908434660149343
2.5713458171194934
2.362266125265931
1.037153576234724
1.5486932687758674
2.8822269309291055
1.200415619198392
1.3206624699591942
2.236612786554682
2.7900606510923964
1.736805919773382
2.2022698172382014
2.957594720258477
2.6747978426195056
1.026753839114666
2.353121411622012
1.2169962983921865
2.9106027841609983
2.439020159931485
2.810256262173561
1.9834019788333284
1.1191097650190442
1.4161277252614257
1.167336155119212
2.509849242267899
2.7550077655088874
1.9066459956217041
2.6743991259470175
1.4325819072514259
1.8759114031439252
1.8415474141945811
1.9804930046958191
1.059294013969385
1.340438086585216
1.2124380708319358
2.2963327586876625
1.956297915612842
2.9894480951129965
2.2719379998750053
1.408325023706468
1.2112925751315855
2.3671246216697694
2.6446529453531467
1.266907865506363
2.0342492836262154
2.9153134915952874
2.8073816989724483
1.2278853361163242
1.9872437899896507
2.745538008659649
2.2120526775784026
1.0409509247887725
1.699905361424691
1.5626044740680054
1.676927262220158
2.9545395824534593
2.6347967761877955
2.9942945412052757
2.5888963014549917
2.9371208898926184
1.8330394904549279
2.873430353430244
2.091709417269233
2.623722873591395
1.4027390490253373
2.753737886646311
1.793817873399342
2.883147340798946
1.6131358653716226
1.790772183053964
2.0204849885107405
2.7676151730731133
2.464446555638666
1.5221622305872404
1.997798244321063
2.700309298150103
2.774985501069188
2.4876605560459186
1.6569573036919725
2.8436679940812004
1.7706745543232838
2.459371380972577
2.6085981701280856
2.374604559600927
1.106349682141132
1.4258599852492453
2.562323226716686
2.305234225367517
2.6912261249806164
2.4081523473118844
2.3732991613656447
2.7613191562611252
2.8574175773110606
1.5737563839952122
2.666937151327316
2.9300006801869025
1.239013955942267
1.8836895314415838
2.0872521582396493
2.1246592117860574
2.735076898652853
1.0155100980981908
1.132965759896297
2.5646410873031966
1.5504623474100994
1.9232174348614717
1.2906759771041334
2.918181351028373
1.9865412615784848
1.1384014355529848
2.812242699808169
2.178989875605069
1.5078447664685006
1.1841006029898853
1.0601175049224436
2.7337863554700434
1.2429790093418438
1.440046129961481
2.109552271197124
1.132933972089918
2.443833048240128
2.2918036781509503
2.2984859105097093
1.7141470471659437
1.5681168634680878
2.542627319200427
2.961253373248592
2.1913539111819853
2.8266542071780334
1.3158144045641385
2.525070744052723
1.4691329805575208
1.556634897918399
1.0617230891576532
2.876074576995504
1.302365870422986
1.4563297601189573
1.693010069136583
1.8602358990273262
2.627661981557952
1.1626087799949716
1.1456807734680743
1.4409193317315894
2.7593916091351876
2.6544241041727092
2.7965868195797023
2.0165678449626325
1.011572405314617
2.2148983632861428
1.559782726262498
1.2644170298530368
1.600411210412728
2.450443349378938
2.1770294605256337
2.4767536446011027
2.2484077234638473
2.175672761119998
2.1046318890004985
2.5478482048543722
2.366675688134521
2.3373392442016883
1.6862581596264625
1.4301475346182217
2.555124363599149
2.268986858789284
2.5224559504773474
1.6347850533010804
1.0346707116041165
2.5623532386148926
1.3403542602275158
2.5035353319715794
1.1070511611660796
1.1919149802176405
1.2342460951165872
1.2860911158094437
2.624218272598924
1.0489930553008853
1.611940183263275
2.0973403796978545
2.071013044077608
2.357352877747865
2.074636429095661
1.2719733485691354
1.157257787305245
2.5546878486626516
1.5715096210100263
1.2994204383100332
1.575818813563525
1.2496828931416675
2.5292118447017966
1.4250033760775795
2.1677796678488552
1.8258500800213346
2.155853871844169
2.856654636615094
1.9754486956137647
1.2712647075962893
2.378218563814012
1.6131237967324228
1.5257956933246726
2.641435646231181
1.4657689209030833
1.5884146898111358
1.8722720122835985
2.5499037676749676
2.546027436432648
1.7828404687917871
1.0161217614981686
1.008992000307444
1.228245694714637
2.992395315544684
1.881276988564187
1.996573057760023
2.39822570976149
1.9834613406455273
1.3241996856597533
2.422573144353723
1.359029352682078
1.6807509334198991
1.0473067356184385
2.2744357313221704
2.61066720236127
1.667927188361054
1.1067075774251458
1.6969968573985692
1.3310080036734357
1.4253581768074368
2.325003577404847
2.2442659839297274
2.2128528164358503
1.8441008846526896
2.194279026393539
1.924051746351104
1.7609634256210136
1.1666289419069686
2.740428322614049
1.746745042406344
2.683144520317737
2.772901362278633
1.8020457063757658
2.311980319188029
2.0425712919998573
2.609109531140416
2.974471625690801
1.0055490446480049
2.733504900094429
1.46893599665688
1.4195300568308846
2.4094991016889424
1.4778698460364021
1.9923220491941842
1.2647771395293186
1.027201290543402
1.9634077269650352
1.3155968398225641
2.818444874085846
1.055405363186952
1.2307498664812007
2.8664331099038316
1.505399361220222
2.235782598794996
1.0722924925671342
2.3869184008502944
2.029824184940902
2.636060749815357
2.3950323147022123
2.32757589677356
1.959478679953668
2.1421003333046635
2.541421348526379
1.732745732467125
2.335819848607735
1.2617239817223016
2.7291235098335664
2.222717461255237
1.3030230403599257
1.4520050759576024
1.666706088962053
1.148079375134604
1.9721625937504779
2.0436096628401375
2.105507128450612
1.8086841477645559
1.3936844941691717
2.4808062689628096
1.8789022535694877
1.0128232891970612
2.5007097549989608
1.0813110393621808
2.2234348517646874
2.0832112337411792
2.832511226272858
2.814590688433726
1.7078065803302411
2.152985251823669
1.2528310356026284
2.060545783496007
1.598209635109754
1.8287719027256233
1.7558923919021867
2.8214541277638103
2.1438636602862458
2.6825499449129797
1.8767523610877148
1.6818843702587698
2.910335537108179
1.6379886232313583
1.096577617782004
1.443786167986492
2.476134005154405
1.869695033974143
2.55850113334602
2.372556256930956
2.8026689110100778
1.3134805081872072
2.765175011968185
1.3795005049257727
1.8649136466368452
2.8729999579274446
1.6614825676226268
2.153906248611819
1.7157582215300338
1.2226651771382844
2.022049633381153
1.1219449109502369
1.0965418312811106
1.8846715149365008
1.6553653468970329
2.6461075586646765
1.9535440816681229
1.6797103741657986
1.5126359147607464
2.779676324194383
2.5784703910051388
2.135180195947353
1.260058567058248
2.0850237884060423
1.1202573743697677
1.2442124723068297
1.7562026372455695
1.128036323867011
1.1269298839188613
2.084308200386296
2.5964919644092523
1.4725922996445489
2.6728869507093655
1.2870523024940521
1.8496974070395058
1.724284282675866
2.5481162363023175
2.1069355539471624
2.124175379843445
1.156352381365813
1.3581702373613376
1.5187790806142465
2.390833546328211
2.720666507116454
2.837148858929267
2.6837577406877675
2.6383518978168103
2.667147856548517
2.288004864081749
1.1048389230843076
1.217609965806884
1.1238987594264802
2.4047294345154526
2.3765251546452952
1.3046624232129451
1.5430845824747088
1.2819025272351534
2.684119637790338
2.5479095343160436
2.375973049952518
2.206122980901175
1.9884934699083654
1.8874878181825951
1.2655547899481692
2.008080758190684
2.1424096441663583
2.2771537885147586
1.1642588176866302
2.832597797436959
2.377775937674404
2.322370896701177
1.4959268097245244
1.9911625989098884
2.2489289301429816
1.3940040118707213
2.3179577609164843
2.17220469096203
2.549329550552614
2.076721075692953
2.3661927731575796
2.8949125673000697
2.299502867828383
1.007689231865994
1.1294149996538476
1.780548280483747
1.8754288006057918
2.217803150830262
1.8321339759927953
1.8400104745073378
1.1287357769418394
2.6536389107851615
2.003538735910825
2.868384850623184
2.8131387668507357
2.92094366156078
2.2944763342025682
1.113603128400402
1.809800469859527
2.0086046444757493
1.476517557759566
1.0719581308294601
2.470431937113708
2.55344944733203
1.3608138424273073
1.0210586056870028
2.44513246175587
2.348888575086556
1.2733292561657834
1.3561197909883749
1.4586280075858709
2.2947977493422975
2.7210277790354604
2.6478161280568977
1.3616650270764823
1.6512219415714084
2.0601048516709
2.247865415044001
1.469132301636413
1.6982579769745199
2.2011206281148237
2.27460464350177
2.4931694025252216
2.0873043861064815
1.0492099691706227
1.454568681897465
2.0947254440927496
1.6042893781493903
2.9662033790596505
1.5026448040250697
2.731753854506446
1.4091671582005605
2.5374252196077722
2.3969757627876382
2.9885388236989243
2.3343666508491903
2.852310141909812
2.7573793227075822
1.7221088313783628
2.0964055046246726
1.2025018273348007
1.4176336489372883
2.764251134028199
1.4072929832960184
1.6554798863789773
1.3817220360895972
2.6281621718750254
1.3068837104801072
2.1987734268138044
1.3290259488200382
2.6893978202810787
1.2963815564696084
2.2159182267912634
2.91539327005383
2.35099853328991
2.134597889724102
2.4798081787111634
1.839022138279798
1.2165318522704793
2.439038132881109
2.751992570040517
1.4997423326497517
1.9266295092887833
2.666565185558305
1.536488333680963
1.644433127962971
1.6696769144033363
1.2937384344390164
2.8066278785789853
2.2898748072883492
2.335925151575807
2.5283912471186216
2.727673742581379
2.037642186921949
2.934833375599908
1.0099607580071734
1.4806542838973507
1.358421648522583
2.187102423631635
2.49882759812589
2.673753387258989
2.9668987708861803
2.8543947618761165
1.9372677525203597
1.9983231983905025
2.0497933152004846
1.002506146589029
1.9360805003221115
2.417675144221322
1.1167712651014654
1.5719683907433482
1.2855241317288422
1.1958757032939311
1.6578801109283918
1.8855487930696848
1.2372114157470244
2.301636329805363
2.316684375808233
2.9913381401237835
2.4227801236344835
1.0400776733379753
1.2629642388399824
2.838586875266241
1.3082002749359187
1.4190872715736393
1.924514224322763
2.6012057532092774
1.9390762497725422
1.04458215656498
1.7286052150577733
2.9170824874904326
1.455162553470203
2.3732574408325764
1.5995104605740968
1.1029900824101289
1.7021496194783816
1.9659384630588088
2.7247575450058816
1.3623369938663803
2.754707031454279
1.268285592205736
1.6394663758739778
1.8606867323015717
2.918540053937159
1.749992484875286
1.6684576160549198
1.07148916196277
1.4717826974116952
2.276466263112538
2.4455850212753063
1.8559833907698988
2.86899609645559
1.0675134597359317
2.2782900957031034
1.7607074829275438
2.020895219097757
1.6515782999504924
1.2712246680123997
1.3012995776496774
1.1893504873011271
2.134633808787889
2.967250902364764
1.2661685389942605
2.752274123605725
2.331796715562838
1.5677580772102777
1.2987492321695926
1.373559177162796
2.9434207901201854
2.1648356519278416
2.9805859204598892
1.5168670138292346
1.2666634829302106
2.0952075948123596
1.1729226092517917
1.9380106264472776
2.0320942696412603
2.902139125124957
2.406305357187906
1.0141619925631262
1.0765101650443858
1.0126622042929192
2.09500141457153
2.1499748928096905
2.121968761335106
2.7619735205931066
1.4180972677433856
2.061682896111992
2.731621590266162
2.3987331667997305
1.736129814977416
1.1274553897266595
1.1659882881615158
2.923243355955064
1.26875796901504
1.0759454419003252
2.5765265445693575
2.114917292801045
1.8981850580665254
2.308482446265634
1.4793987480808917
1.750884962467769
1.5565260281627784
1.3160974926662854
2.3713002934038823
1.7599205058165548
1.7813187882667356
2.1556854834428645
2.3021218280716145
2.556752762478788
2.3824804374875392
1.579079327664339
1.15660103283718
2.2098620007706273
1.3961465042704624
1.7978293169541109
2.7486597352005426
1.1113207890059198
1.7327089228464367
1.4226555487876795
1.9867115118851697
2.046911922161545
1.5079652994387458
2.8782773681073826
2.1302982730671918
1.2578226639798855
2.5773128006886123
2.3335360042999778
1.770853854478651
2.535233493055901
2.5168702286092763
1.6788379806375475
2.817498068572483
2.29486498958279
1.1144924104719776
1.3680855506932905
1.0371065412328857
2.277613603997363
1.2286889441475903
1.9244555435869823
1.9868285039090519
1.115394273020112
2.984275324527214
2.8786066466297933
2.98516005770586
1.7013452906758162
1.572316879891393
1.2776302581022267
2.9959132979243903
2.5494511897980696
1.26503705681891
1.0092607686306945
2.6497377444236108
1.5374623816283655
1.7331348233133663
2.556305297874591
2.601210980803338
2.0630748981334515
2.720176321606716
1.9309174284466122
1.849853570847682
2.2348045731241877
2.049384235314906
1.5335524340106694
2.4856341198196996
2.351376568339035
1.3182702227788947
2.1344887624623947
2.0355124992705114
2.105661283130286
2.1152003931776484
2.376676035536258
1.8923619002257905
2.0404577428788393
2.79163840217687
1.110452245003231
2.488020335519365
1.1128903980992302
1.0392268365753885
2.7461309253759394
1.2314332563832773
1.1419123727737575
2.6290036698504053
1.6574612737325995
1.8949107873086717
2.175754763027096
2.003783463286738
2.4547388768692615
1.8611554588784336
2.5713280372951886
1.6553597343582596
1.2414255600578907
2.5423447500686907
2.891426779679602
2.6904012043715086
1.156992527595812
1.9316605479076356
2.2861631719639695
2.1658936222592295
2.645702255479145
2.977915907705479
2.260733655330998
2.760639875352326
1.715352314794639
2.0509157608387056
2.7879212906396873
1.433405743267796
2.1393742897749917
2.248526323946508
1.601127782840627
2.4898394854582033
2.50571665009924
2.2063767537414534
1.420764714184029
1.498849598821507
2.0986080785215186
1.4537098070219896
2.4204544862009465
2.470640943493801
1.1782860557681911
2.257447089704116
2.374552343068064
2.32130651735628
2.587963267901065
2.3670997627771824
1.319304111168349
1.5537489558303748
2.355433737204484
2.5849378023758285
1.4469128630243113
1.88680705551046
1.2387811142486875
2.431012382752485
2.6369937799310117
1.0866472153006752
2.6534272307023343
1.5778281550550008
1.7218970566783371
1.815412122484442
2.7957742078073116
1.7252243798089857
2.6019941195857035
2.9905961103486187
2.383672371076117
2.3510097173614133
2.355208481117674
2.11887739784022
1.0413866758274584
1.7716436137900287
1.6990869806917348
1.3562281959025975
2.408867144385276
1.3606861153459526
1.3778624614180501
1.1837029052384835
1.6815191259076183
1.8585162943962423
2.861145852015725
1.1804805389544815
2.49381670994753
1.4640638472646184
2.670081823930947
1.778421227810611
2.252374399681259
2.2867678114134193
2.5674324969274256
2.729252227308706
2.112195784336545
2.06361333752582
1.7248603128887765
1.8339005937006414
2.7972127397503845
1.5582846435229087
2.2183254003674353
1.697578168171267
2.635626550381307
1.7051035829930912
1.403928512417581
1.842820609704807
2.0830723177583765
1.3558575588938222
1.1387656647111566
1.6116895467528312
1.136090754988979
2.574892469567967
1.6785226504669222
2.354707432069727
2.7370939807850823
2.087440324963034
2.7712496394558612
2.024402487820046
1.127635429996418
2.0142329531224243
1.7605379109380217
1.7136151790292318
1.9385207259101969
2.729584812958441
2.5506045981561756
2.527002216243439
1.3657502192721591
2.46990038800032
2.5136570570101684
1.4396019364707902
2.8953562327618267
1.7701035056910766
2.715455639678872
1.977984776614072
1.9373387465296554
2.3334900042850495
2.5265695649595443
1.5321879958789502
2.3893871461848506
1.2493276870558492
1.4488546111300482
1.7396418262700837
1.0191918125319421
2.669293787575935
1.9973387572926036
1.3738260160831652
2.246986189066919
1.5618161874328174
1.3416705154156485
1.7113174270042322
1.4654726668414975
1.467645954759403
2.843735118828949
1.1358194951910743
2.033862914957294
2.0803230067172445
2.045557823834888
2.933733418669762
1.049147340553902
2.5837559830898673
1.1268776359668418
1.1694988482035924
1.825123010129239
2.0829414078912754
2.0914881126453624
1.6044371359177012
2.961094638924074
2.7046598148112384
2.1540497785912125
2.8995556948376975
1.5805177890911826
2.7781727176533675
1.8457039714702848
1.0208578992170416
2.8507279214248773
1.469829415433001
1.2322316787155978
1.4168428846841925
2.448679888226045
2.4307302808898985
2.7266685942671307
1.4658108514117614
1.4199512464999622
2.8770191693883453
1.4734273284178687
1.1960247402368445
2.5842946987537725
1.3666721773571968
2.260510749382703
1.5668122647232052
2.349255284775337
1.7928965193420723
2.6455550563530617
1.4926556053116946
1.054541671029302
1.7014477496045368
1.0970557954154923
1.4447444530854878
1.4663272445889963
1.4756301732599266
1.3938616542176396
1.6245400600603872
2.3526024932597895
1.1379114001167585
2.625006103854587
1.2581907945678699
2.5515907225904155
2.41996565557326
1.99906243720595
1.8818931794343376
1.1223946446163615
2.8797074055070784
2.2780911748098305
1.4723732909756875
1.338413313572468
2.859288269385706
2.220055592135514
2.644296335840811
2.57524119748213
1.078485806215881
2.7520178961019557
2.331117488316975
1.9747933726531375
2.0311439460486937
2.024791253276462
2.7281435512659504
1.557137078993956
1.140615418676928
1.3538967240999555
2.4144522805099813
1.7936769256072156
1.802703192688288
2.8650420958904332
2.0330754790883994
1.1403494551415394
1.7147205791392426
1.8868094903423462
2.9593079935880335
1.251669563855035
2.4397522193605083
2.550813780186361
1.2678894647118655
2.904413356635227
1.54639015558122
1.1438863945811546
2.8696474196069257
2.9415762857555157
2.0265378170596327
1.468435047366626
1.091258464704033
2.8797324131002586
1.9820551718662962
2.95492797408654
2.1979453131323003
2.542955565162096
1.878740434599215
1.7890872787369811
2.1788649793640715
1.0680527254275636
1.8055354961917454
2.2998579015558946
1.4302381576258474
1.3427479187835127
1.6745109287104984
1.5784368359991305
2.4989445107588955
1.226085642362606
2.705231436956651
1.2765586916036094
1.437104366775792
2.006992785602564
1.6471459179865207
1.5947229045142968
1.0974822191424278
1.1444786223503631
2.6696218912961065
2.980161478147207
2.886530409786462
2.037520743749625
1.378037838458733
1.9119727520713563
2.252529126730231
1.915281532274031
2.3090375591618293
1.9044455768910042
2.5233398369024727
2.723293892058031
2.484459808721337
2.316131258611552
2.9107331466022277
2.3267227456294677
1.1335041581613536
2.982264395258845
2.8561241632614576
1.3543482728162561
1.3945427452502712
2.898461097408032
1.98118696709672
2.6340034909980816
2.5544915213874946
2.711841497784189
1.786524275643229
2.6786559604429354
2.1118716405071636
1.7423497459602746
1.856372179159262
2.8442111870726254
1.6770780089248496
2.793897361190508
2.415544251682354
1.6691371902708871
1.1824034284922262
2.694108230192021
1.173060168208927
2.892638967080913
1.5920697338238572
2.8961356472786774
1.0379355203188634
1.1162352569639098
2.7690131999560954
1.3894788266826459
1.398034199867129
1.9887111926857108
2.048271133765996
1.382852437934455
2.768166052727624
1.1867539212804867
1.2703975150211078
2.9564253993974727
1.9233831758810687
1.1519119439235608
1.19462508527978
1.639608540289836
1.73633634251196
2.7724288674566417
1.7710009243639908
1.7916985912689196
1.912622069249888
1.6631508120379788
1.8258269019193123
2.7988576537976524
2.757503137784979
2.1175697548498222
1.2009785851543944
2.4824647578548227
1.6859135269986905
2.721890081249479
2.394934676032041
2.1043846837848244
1.5752819832953011
2.151447107413974
2.9005232937664314
2.450774559115364
1.7428374636036634
2.3140036195957867
1.578418433169567
1.5625418667787834
2.360787051891362
2.747909504242852
2.4308994757459175
1.6174721058682828
1.4291261718978507
2.585512308939415
1.4926107039185914
2.468806643192427
2.5236199038941987
1.0061982049357967
2.998125855881164
2.9981729136171085
1.403111097405043
1.7052320824885419
2.8671858300458464
1.536266908399353
1.8178609120223896
1.238073893103769
2.708739147422147
1.8055692823362868
2.8613430532286914
2.974698850942757
2.079990571566726
1.6943621563856923
1.1538434662971035
2.584008789248542
2.953080978954958
1.0979117836100192
2.634515933079064
1.4593435431077035
1.9057619515674433
1.7193732986181969
2.1205204381828913
1.6783528486777053
2.808840986216358
1.0737461335667193
2.212205128025723
2.339434288257279
2.9167066509957897
2.177421720566045
1.8639642678335877
1.3790932293170144
1.6143032637055488
2.6165821638509734
1.023328331442492
2.7473250452004496
2.685224361741665
1.9375644700778327
2.6457826239060562
1.5111358070763907
1.3600339782083266
2.507865435705773
2.4298074023894376
1.6869508621733362
2.413285886632501
1.254688113175571
1.0867970954185362
2.6548299875092125
1.95838074648166
2.51229428172587
2.065655269021648
1.9380504697007772
2.834605274950495
2.882003130575224
1.9559667871184376
1.677244341927082
1.6764677717004928
2.612300934211223
1.6348979883204269
1.9253571932307838
1.079903327185642
1.4832314956680217
2.7164442009195273
2.8525399401792386
2.9874008606419977
1.4969307516472379
2.167067867917792
2.1241362802088406
2.737705685255576
1.8136595378214582
2.7931081302060266
1.5492230180605218
1.8086381365142539
1.4108952705205884
1.2525082292353076
2.3579503149527037
2.550076633401539
1.8924599011643999
2.572146470195441
2.1645405941086526
2.6241308686224905
1.8616910507933195
1.6024163178856965
2.4034324090470385
1.4365467788146478
2.5282134235066254
2.604032465127295
1.454338125649965
2.3526689067139746
2.0331122081815773
2.734898183489428
1.140902883215039
1.368225748391587
1.5831470576498374
2.6499600914655663
1.4589426591147008
1.6455350186586186
2.0264642655145
2.629730182525045
2.5308815336561827
1.141766619533902
1.808532493123971
2.831410694980602
1.8254400280449055
1.3968477647271402
1.263399074450762
1.829742578649954
2.27625176729466
2.928716723603185
2.7651098958606486
2.8235120096986215
1.32832964270605
1.2586846566121395
1.6549749426428377
2.388738666948015
1.921531977952255
2.7251825980214672
2.1144750307088827
2.9724329930676494
2.287407380090168
1.798700850674895
1.8930464948941423
2.60402332940411
1.9283629978567813
1.877983369869854
1.3246753683289163
2.5499684905953117
1.9377408115038657
1.268784521295436
1.9293087541150535
2.348554398324711
2.6226901317611686
2.9077960427206415
1.403428293952032
2.0946929507266576
1.5628035713141193
1.738847549262486
2.158094696267467
2.3673543935870134
1.0488743748839937
1.1979917062360477
2.6224948659676346
1.7616264067971108
1.0673466647210468
2.0461299872813346
1.8727760633304427
1.6213856106908888
2.844996955695173
2.615350148919217
1.9736232638742512
2.625721409215486
2.7957520449699356
1.5485441137720795
1.2992777893313214
1.7403632608615813
2.204436294248268
2.836311249824253
2.507607393590744
2.3833176454331935
1.9044050751768968
2.3683966072442244
1.6848619933479574
1.023526857653534
1.323531686314466
1.9214284289339205
1.7462795780589297
2.782124360299088
2.4950962447197576
2.5278652056979
1.5079126604092281
2.3926726345627687
1.4135576867677413
2.4495302816440203
1.2491063920641465
1.3585885735062075
1.15587228112432
1.99262016080562
2.1280147122994224
2.787619624136402
1.6196493508299472
1.6303814319966936
1.4936147814584229
2.4649057468450195
1.571847485683077
2.3941807700428175
2.1808180810713047
1.8260010991813893
1.6740712498228532
2.624010180229508
2.8478400502931196
1.6383555965775132
2.187718571540353
2.8053537570361176
1.448586359581424
1.1914125125829416
2.6100278754893678
1.8030898216906766
2.3938536695778385
2.9281720303810497
1.6734717976332698
2.265187971743435
1.816472544027814
2.895912644404497
1.7950530480187152
1.90886564923346
2.4764802124519525
1.52282698380976
2.710200046147764
1.526772731076585
2.4434959270524255
2.687018118685771
1.0481064448321498
1.8974645667547152
2.022129834163178
2.712844109728307
1.9495257879465413
2.4936463028090508
1.4524535245342274
1.928625539284813
2.413094909323042
1.3000484080560448
1.2970961583956724
1.1632009387768854
1.4137802044691428
1.489299486508813
1.674898758451996
2.068887316237829
1.2117656155693308
1.6582224402465857
1.4903998525901132
2.2671017930722037
2.2055579484830803
2.583167032300211
2.5458981707953763
1.5910024211232343
2.3753961175421594
1.7288146357166865
1.9021710123861142
2.3438802601051956
1.8304373016252373
2.705205116824475
1.1275774101905631
2.8554150694764306
1.974565795322422
2.2694207510436453
1.1714561207548109
1.7475205019068554
1.1272032977104456
2.7594166544269827
1.6657849940052782
2.9471475144243433
2.687494611763462
1.4565399104484693
1.0075552104134182
1.3638864007796059
1.1379786655455644
2.8552010470930673
1.3696515340026192
2.6818299943215096
1.1998340169069748
2.0097891804803236
1.1162376440617623
1.5181070909904455
1.489659261023986
1.8126626373840953
2.396952528741566
2.9241804808574177
2.783524831006936
1.7323737063650404
2.425555074954848
2.3746852055253242
2.9359452614305637
1.7080238349256718
2.3704395760866803
1.8559741123182898
2.985337090622117
1.9667532357915007
2.4920250518775564
1.2405747172269428
2.7998730267737084
2.435712169628952
1.3147998227051492
2.529100274798454
1.307255714395946
2.309033222865671
2.8986969241058045
1.9439077743940885
2.1445992397491676
2.570391278272287
1.2209265283777768
1.2055116714824206
1.3214461510456643
2.9991966817185607
2.7172117527248743
2.65923174519894
2.1720560056092344
2.478924686286194
2.047396151775277
2.7685616321812017
2.691249931040586
1.3612378984141282
1.8611210144201455
2.2419236284611683
2.726879695461821
1.4672417104072006
2.8154041376218233
2.713046206425582
1.4464263377445237
2.449512432568865
2.888878764825023
2.8757451321834253
2.753944080770297
1.2685125524962118
2.8820874517681867
1.8216604158627836
1.2656130315392065
1.1197875218651479
2.4148385305088342
2.056792186556439
2.06548081833448
1.4855155066836165
2.295612795130282
2.5003449660733175
1.9673176878334817
1.2508702974022214
1.1494106297898983
2.210234112418777
1.3920558604478577
1.0808534018022642
2.656340695509259
1.0534760689133094
1.8609704727477656
2.4747031282190033
1.386806095590713
1.3162498697316987
1.668025175559771
1.6583981829235772
1.1763659964120512
2.117215005390153
2.9873348935259765
2.8296530241868108
2.454028358096844
1.5827925357711732
2.7745865085793486
1.0734930489659675
2.0493637353453127
2.3764414104041407
2.610176953539508
2.8941892302265977
2.2643032029155066
2.1899659205717
2.553232791687747
2.817848253109
1.3183888842222262
2.6292002289348035
2.628169901040537
1.9781763406074413
2.7536855118443793
2.7196199096061378
1.2364743203290283
2.926027746193709
1.9562338054040607
1.2324919043665925
1.7492012794928113
2.9888096357332223
1.7094706163584887
2.9244165729066154
2.0489904929882283
1.6316868581096733
2.692085129612409
1.5395176919159135
2.407396003741135
1.1441400832547255
1.4181305679034657
2.110965371887771
1.636569496503819
1.029449311524121
1.7675982914734114
2.317526658916872
2.5019759987495878
2.72333728205826
1.1831448135137257
2.5783287030049644
1.9675223301490268
2.4738851958854884
1.7239575287134035
1.784040413164619
2.791470428989272
2.2816836052377982
2.175531637972954
2.5876214026177804
1.7032563467752881
2.7231435774319794
2.4102221901338394
2.6318903806038256
2.908330339800412
2.3774048619746937
2.4019964569089067
2.6237242155742297
2.25673728097306
2.762041320791024
1.896293648260672
1.5151676690907885
1.5626471209985584
2.8304809224258163
1.6029795137269647
1.2475084794157576
1.8201055619304312
2.1938023677901253
2.5037168081632446
1.2040225662199726
1.928756174960223
2.572422638218491
1.9196248155584459
1.5211215156579938
2.8282576957796177
1.7243382959416935
1.2689279466186556
1.973383921214712
2.2487526788768992
2.441726608247752
2.332280581649935
2.4338430272916267
1.8825172969989925
2.353783192006638
2.5365798664708
2.6130452061627087
2.4659971399227842
1.5009683143179726
2.3968459233902975
2.5747373180317155
2.9186141034494475
2.7523359436214268
1.026806440087799
2.944220193255282
1.8260450411480276
2.0700366069847838
1.2385928168964744
1.7389872164234395
1.260370106434634
1.7453660314124029
1.5073658640965204
1.3968764990504885
1.7249201587678498
2.7248098077383966
1.9463943836192041
1.5782544432859138
1.1339169764899424
1.6103921399943293
2.912645722326949
2.8663407165875023
2.7138930636191505
2.662092529383507
2.7369092680164187
1.0023069774712765
2.8060938852960993
2.733754001775896
1.3733003822221812
2.849001494088347
2.3150207733819297
1.4417115065045165
2.731483747079169
1.1221999714282562
2.217162938253185
1.8507377862067942
2.1300565573132557
2.7845734504016835
2.0535970029987234
2.538186186878024
1.2651876694517996
2.903536216915618
1.839079174593419
1.171888797868707
1.3752771894193483
2.8247709827187943
1.010753192890199
2.8866150856751727
2.5620622682310286
1.6605700770233525
2.7869643198117937
1.2019257460650286
2.5034300629834214
1.5584753031482868
2.4705579287574655
1.086145306814577
2.5148987710530424
2.146778177693923
2.7045292159107124
2.108124996987155
2.6176701696626488
1.73485949663088
2.6953261351722557
2.8283050202245468
1.0992654570334164
2.3816865643250242
1.593261564620928
2.829949543627159
2.907570904471646
2.3474312103190265
1.6167778404253996
2.570053246250923
2.425023315213978
1.3492509910460164
1.680447339804978
1.160797710300685
1.9204151662433973
1.4831630419813493
1.7111726138798447
1.8763693559195125
2.530856735480019
2.6327784682145223
1.5390157380370564
1.4082914750846824
2.25200674543901
2.2834095687163725
1.882061472580337
2.6239682769800448
1.5014997218318356
2.81565283858952
2.1138728919288554
2.5026104102507127
1.57428118359061
1.1281582921632283
2.361735546367253
1.7548942652889075
1.9362565691596478
2.5492356622814003
1.878279263889457
2.582244793266611
1.5635161417677532
2.0083422847363512
1.758510779399957
1.3836963101168536
2.1243233836632047
1.9937360054966418
2.2657469001111465
2.1139204733359334
1.6031013327207806
1.4533086192040812
2.079770424383179
2.0249803301178497
1.4567910889685634
1.8220644627330653
1.0654574443207647
1.1699552899202823
1.2021771616291141
1.4030434390175668
2.302536638575801
2.3995139295507606
2.575386972515693
1.942493092881065
2.343139257215718
2.210589981853089
1.3079618682486365
1.578543786533304
2.8198669458196686
1.0604913253330337
1.1217795058908695
2.113164071803454
2.0168071936543717
2.254517852784616
1.81781407778607
2.436030721571937
1.769371098030621
1.9780253585823364
2.3686424395619605
2.8034070081445273
1.4040785365446984
1.8306596959227228
1.8019229744050225
1.1219248709126548
2.7974483738828173
2.454745849402843
1.7606539368107308
1.554440701598129
1.4543777552082593
1.8755934195422708
1.6086287124177836
2.0326413070106533
2.036005667218423
2.115310592038972
2.6207734335037243
2.515772090246152
1.2460510148176631
1.2342464775761979
2.2480305240162894
1.957461132467597
1.0015882721441258
1.6011605153438693
1.366343098378118
2.0708162167534425
1.4442365058744198
2.8731667722175858
2.7935909539305204
1.0145721880782679
2.3427859345631097
2.804541684127862
1.636989990626408
2.9144009138607254
1.3386773000526515
1.3272857378005793
1.292737979799743
1.683545988193917
2.2507334128753436
2.5800350905167595
1.181217200151362
1.1254419549310806
1.3171449266282027
2.7982334711289982
2.9886650221655895
2.5345278138869567
1.1885665158248266
1.2803979182421277
1.8132744232162772
2.2922442414609705
2.3761599441345274
2.3520720875714387
1.3910423438175399
2.6958841835930105
2.590832000665643
1.7275126040346405
1.6883172368304737
1.2034012938834135
1.5427478594401747
1.4258200442166937
1.9071969264370345
2.189483211628131
2.856221444411741
1.813912123460733
1.569608450832088
2.7029812355439002
1.2572339838678581
1.465906047292644
2.361261144505246
2.337894479946131
2.0645452195410803
1.6356672358828326
1.3094284197047024
1.136361952867994
2.326332971257629
2.2519338531328987
2.1237516342659832
2.1684454882088375
2.807422833038486
2.94948370881826
1.774765603321887
1.473584045440659
1.3764665196601302
1.382196806569201
2.9299680799150414
1.941783647750187
1.3918485238435476
1.432329701322049
2.3196593335356184
1.9574852459272694
2.4625543970090398
2.957711717057054
1.6816109971703386
2.8376981652555426
1.4937139278228775
1.4795783192062077
2.9535209297089167
2.4467558305483483
2.48492236824445
2.828610387843753
1.9549875858829309
1.9535062809101702
1.4203388770385046
2.0470082713755113
2.1848210549941496
2.2208723262026577
1.687254132319917
1.3103411881123126
1.6455902408041405
1.1584737370937026
1.0967107170224142
1.2501254264009856
1.0413098723622474
2.7380917218822463
1.1271897298042184
1.5213608285574376
2.7803971230398385
1.4466079434293644
2.179400896073079
2.6985831250861017
1.814215033001291
2.439226014520663
2.3707182509882347
1.3456142695133486
2.7747508125691094
2.3353750954907726
1.3308309619108825
2.7093331992903815
2.6030046962182394
2.80065509958591
2.2371078842795864
2.4999035245551906
1.29870969809597
2.7629773566420837
1.2462971538669196
2.0272048406386967
1.722932056909886
2.240712232679125
2.965130619593415
2.9025510207520475
1.5044929650039618
2.504279820157409
2.550768950619043
1.0245081478897209
2.7052005965230435
2.0503155543192246
2.0528931992411428
1.469949125510125
2.0387636965315146
1.8643800266296853
1.0309300486695383
1.310330824436283
2.804161835819657
1.5093471061650303
2.784143503911186
2.0011123890051588
2.3882554696871208
1.0608494859269115
1.1421304536269345
1.1325242526487989
2.270561145265749
1.6978866924482208
1.2183099473519614
2.6070646638911184
1.678826670434682
2.136258186071987
2.2613109963776763
2.136974506045867
1.9295475951878467
1.0363655569845054
1.445488036270941
2.4576673404108544
2.368872836563617
2.93924208136243
1.0309150773963554
1.445193575233654
1.284800698508701
2.6498892670297702
2.3750164125222852
2.6746526364041223
1.50031981366504
2.758735379506632
1.1054936347209436
1.214690857443699
1.547665643054925
2.416695634429444
2.277274146193534
1.237046734775904
1.22008009237051
2.577492768254037
1.9093609861711858
1.189288649585029
1.0052545820278307
1.2854253934940094
1.2792557392019583
2.7231939251664357
1.413821519675116
2.8576430809055857
1.9834687355913123
2.323236639180724
1.1840477505313916
1.4333524965261923
1.4759864113698953
1.2204974533956636
1.965021118622181
1.3707538181167152
1.414934399329825
1.6474584098877378
2.3749328783584005
2.8958405059768744
1.3985659817986122
2.902222799648979
2.0910056660348877
1.1047643758409
1.4722107241172664
2.6648776455871213
1.1946598499811563
1.6244831564059885
1.6408637197100535
1.3224696458933494
2.396185240177523
2.0990805455046244
1.4021061794751872
2.8578347868401752
2.3905661387730746
2.741018671223129
2.912555252147485
1.7621592269977424
1.8146430227272596
2.1994445728609175
1.0970974239473457
2.6811868363366163
2.7618235003059333
2.546632388833081
2.0275345792597337
2.710943156642804
2.421621400366802
2.7578326744132156
2.3388754289613747
1.8482190157818477
1.930681088508563
2.492984882856679
1.287144952469544
2.7875361668071155
2.8852519411222453
2.7955849078105883
2.085596491329295
1.0138440413312848
2.7807821907039187
1.4234910101270168
1.0115150602471408
1.9432678296248629
2.8359153254183376
2.2350359890737326
1.5006620493997074
1.2491914314765182
2.1165601286057427
1.696451077823905
1.3300658402301841
1.5754545285953425
2.6984861820503525
2.218128133821013
1.8614061205477344
1.3214945420749202
1.8461357518700483
1.1496019343614972
2.4903547931394447
2.4214324001264123
1.6140096458241058
1.9273209702889653
2.032246947308998
1.6745487790039353
2.8963267297776287
1.694362372882376
2.7380321238015153
2.9314113301321676
1.8709713668457024
1.1670120345261479
2.3956082149835156
1.9471330052532823
2.0563359489830795
2.902127881103996
1.189195585980929
2.813809951986957
1.8830150944898478
1.379713154164661
1.4565411682436622
1.5313013008119158
2.0120051091642415
2.8849596639692816
2.3665264507772807
2.057757168377816
2.7382269733769227
1.9759024509230285
1.3566665257250976
1.666165563200262
2.9182338072296283
2.5403373316755404
2.036273236848804
2.8890889271777613
1.3795775627039886
2.813551132392059
2.8262692969124754
1.6288305752597128
1.8392646583539458
1.4639504782913517
1.0836719514800646
1.4736902470800861
2.8017781717123746
1.201668949709872
1.6485146482430613
1.8363784362161846
1.241394237953889
1.4137449906950952
1.5708986590018
2.161347614784521
2.6302081758963816
1.4189056553866624
1.823371819974309
1.9583500621360586
1.721654086256151
2.412218366737241
2.7971756486290387
1.480914859057038
1.666518529885347
1.0828416791883833
1.0612827948614838
2.226935924035979
1.444609688312097
1.5404798398179453
2.9982571100414783
1.8612196473457467
2.1027497151619694
1.6944144323644745
2.7230536681583466
1.4131442873595077
1.5661092430184813
2.045091829933818
2.9050649504263912
1.759638518304115
2.625013763409747
1.8873502010513135
2.353696785599544
1.301475065468796
2.744871027472427
2.376770853031
1.935236734651859
2.7740002229145424
1.451155900853525
1.6393832018184038
2.61940679793352
2.8664452405863154
2.947946839838588
2.0449471048002
2.5401670608593943
2.153276291303701
1.5532349103868246
2.9461997939518936
1.7342192880373946
2.6625639475520555
1.2739654287934485
1.4468809485534677
1.0678601606245959
1.6065070816125937
1.0218839648987161
1.9664270460212263
2.2574436033673537
2.8622407329645747
2.607180789616417
2.8092342471025207
2.2937996468455024
2.675829509360355
1.773762031341689
2.4310929309188447
1.726644522784346
2.3189013646293013
1.8267344114624122
2.1279368663140037
2.1597692842556278
2.253129083481528
1.1961660605882187
1.1663451555371065
2.5826564941880017
1.0170249487067777
1.9338389213911733
1.3743311986775548
1.3140041891619314
1.8397012152102619
1.2010900126444997
1.1571297641415301
2.3083178197455627
2.806503285168345
2.6318718110214365
2.7668723452197734
1.781888403107654
2.6012695519579223
1.1362868370517167
1.481787545269045
1.8658756173389792
2.122217914755585
2.154470582911426
2.923832875870306
2.673586868383538
1.1941100882270932
2.9359260917614334
1.8273782271473331
2.6365183139446717
1.1473026715493666
2.848882562475645
1.8399976350022902
2.3514294947471153
2.3216779591745453
1.684935061881458
1.6128918178687834
1.2750203039717458
1.2965292018452894
2.5600509345465543
2.2081047890734835
2.349612804911854
2.823272034975731
1.058748747111362
1.2841521077592497
2.579032198030562
2.721995919674584
1.926718310194908
2.737275520836755
2.7810178836731057
2.859611055077611
2.54438844993301
2.855205382350068
2.4853833313646287
1.3957895191234477
1.4055692699218751
2.039869423273438
2.2778150109377746
1.1704688880102416
2.9751435998964113
1.4416331977637729
2.642933153703013
1.2343861265145835
1.0178832429474987
1.6647381244651724
2.9990096541615108
1.3469312108466998
1.0361534766670273
1.9961349919302347
2.912930744744565
2.3869681281949156
1.8198074301847729
1.282128380277124
2.334434559106348
2.013886408469963
2.98136401401678
2.189568035044802
1.3930218800315937
2.612719075166895
2.868845369961929
2.714043923908663
2.0398546659095866
2.8896210452114492
1.9562124209040348
1.5774597643114434
1.4666086241994973
1.2507699441536975
2.9612912404303593
2.5992823275545245
2.944372760983306
2.296302785602181
1.7201701140134509
2.016934167538796
1.6845536506803584
1.2191312649739312
1.662248568410222
1.1458314587872356
2.527775843274642
1.2462760304158782
1.7694374456785127
2.0172828590672394
2.3864294479101336
1.5848371456701145
2.6288183542429517
1.427034363948611
2.957970127360323
2.941424362970095
1.2404238856326875
2.1571183215202634
1.5653292664530152
1.4864403497099081
1.7507636906658834
2.4048010060618363
2.8725013092445186
2.9061839047340134
1.9740045041044034
1.7015343036471031
2.4873809998304424
2.8294429749898433
2.391989996646215
2.8330931636779626
1.0260692296719005
1.4176403679172038
1.1048450604639228
2.74116483887909
1.6089457101149478
2.262971916209521
1.9611341159627578
2.0891190001970346
1.7736832555117268
1.3131241817597683
2.0525342644680666
1.2751212307927893
1.648232179455882
1.0700117774577647
1.7166717880281264
1.7325377182817217
2.9658772938584406
2.8592074411588664
2.2894708294807296
2.122037780828005
2.7399747705383026
2.9514485649229236
2.6996112361215343
2.678666944812387
2.0299412102457817
2.432733461072564
1.721986611624034
1.769026343338316
2.161462294650743
2.299933262899121
1.3881368172870547
1.5941664997553306
1.78801031867054
2.257288682706963
1.0645568435435049
1.8430437973463856
2.7875131735943603
1.7876703546363182
2.4697419532649976
1.777572623184123
2.681263134607442
1.5828931657275256
2.232465585703924
1.5198369182805846
1.3423602841242885
2.225011719227295
2.298098234563243
2.69149381216709
1.356635800006609
1.3553283649614936
2.5573284892465575
1.0327461827237223
1.6235475299713533
1.649429154250252
1.3236002993316005
1.2380592067742047
2.3326530913475034
1.705876881336084
2.996356024395058
2.1682871918781697
1.5690514575906673
1.7229720971607407
1.9895765046499403
2.690915429024599
2.227251394921262
1.2014067345371466
2.492110647054228
1.4562331670782949
1.2636164061843214
2.4566283863057703
1.8311482400095724
1.8784247400530136
2.7854767903492776
1.095760186902526
1.671657976995188
1.4472160359391428
1.1061137774197207
2.4816202109729524
2.36281367079749
1.7381073180192643
1.497123243756399
1.974075380126593
1.3148598561346625
2.5514396582010574
1.0756848399678032
2.298318127408142
2.042598771100179
1.5087401057247374
1.2476654574866728
1.868205968555073
2.3115722354229176
1.8400284822275652
2.494912763839982
1.1365779656794694
1.8885957385736998
2.396212733202298
1.2201810526248933
1.6096171991013493
2.259155222770072
2.2580977746464526
2.3136706317932223
1.6261268898842798
2.058936762162931
1.4314996338550714
1.4351632190192962
1.3373543887019166
2.961814136704831
1.024853420167974
2.6275296836862907
1.6087921627165065
1.6626849539353252
2.5401293034713994
1.7361890748084314
1.7414375099021417
1.8777001286478803
1.4240105619218457
1.8441982274060784
2.563408320104815
1.0404998406894381
1.471561522687438
1.2191738302177355
1.1778991730241797
2.706511185834416
2.1863617269510955
2.9634643610056703
2.536439280706247
1.2987882239354234
1.3913415843727714
2.3558268542667817
1.8181437258370683
1.4736875298802012
1.7686297020110915
1.474907034464107
2.8292578659486045
1.87556034315384
1.1999819197112331
1.3930855450323085
1.9228304040175181
2.6504950837063674
2.686903272567858
2.1914650783037306
1.6374678635541349
1.257696380078476
1.055030932116463
2.5611645773822582
2.1758121916751434
1.7715214921534541
1.7272635410470096
2.079866849999914
1.8390178425861954
1.0046375388524487
2.1084873158512423
2.002662163849397
1.3554745668650645
1.7637339767073277
2.901464872264024
2.1750111038798563
2.2008829686578038
1.6338829438956937
1.6325800733531877
2.7383443134624694
2.809624322814054
2.234696917127013
2.2641303937297454
2.1750185746265167
1.7615626075828499
1.1927418046642853
1.8788846025383115
1.7891267858364686
2.2739952933738823
1.918423081842299
1.0938607904772701
1.2717557199777756
2.906650115291404
2.0290946050996714
2.8751510947353505
1.2673810070570284
1.6015238832638177
2.2896015169245842
1.8907174663080515
2.1745592231572433
2.74866937083351
2.885967217759398
2.448353127145155
1.923337392076748
2.2647635405684037
1.8969323383794259
2.669229339697873
2.882337768564078
1.8890093300083326
2.4384790696256475
2.167199646378611
2.6003289319008425
1.3433147740854736
2.6849629367087537
1.7547807723982578
2.7453928919185913
1.7934045288742906
1.9118992050953918
1.281840746879166
2.1154547311345966
1.6494222145855997
1.255946667227152
1.7807489304726494
1.0815274242984732
1.0001296723463202
1.8085079782597053
1.9808307384762347
1.5065233203513515
2.333928253196289
1.0402221000183411
1.338873196946886
1.745719112309554
1.8857030935726287
2.1255836997447286
2.060938627055032
1.8418825834832375
2.7792295165387433
1.5883923319057207
1.0293003772611842
2.062134981328308
1.3899036388987436
1.293019548235252
1.7280165141141153
2.9705452405198876
1.7861157262896332
2.516215052063083
2.690678337658209
2.084879076679866
2.8308733715358407
2.787697294756598
1.8554610362638813
2.1116328105033544
1.747836190320416
2.863640227856224
1.218202036979185
2.5824581635714736
2.943732783306337
2.8863631925729667
2.1940324052461353
2.7876257596642606
2.9317592431707746
1.69387610724098
2.0256496038309653
1.2914099338577476
1.505273642581754
1.8547084911146612
2.4905605464155576
2.083309888850552
2.7064781476744364
1.8921704810387259
2.9671408359512883
2.9742958735619895
1.6700103138706341
2.336983743873006
2.6655431269386565
2.6296929728555862
2.271680042738285
1.0416499729669912
2.093776096438436
2.6583343498821783
1.7119773936838163
1.6261307439535493
2.418239569551667
1.8459111629555003
2.981599236769177
2.5435048754071277
2.1219633329992735
2.2659783463947214
1.8814406685243223
2.833457692188479
2.390637192216426
2.5257777332676112
2.0572827924116606
1.0669222944826942
1.0118337133495445
1.9424730082229607
1.07387301391296
2.8728073262732234
1.8704937684358272
2.0346944635633184
1.3617360053398389
2.399193127089654
2.0072637182635695
1.3172107400820086
1.8398686422386594
1.1389189457911528
2.591300101734328
1.7759180876789067
2.290267560721121
1.7033090407289582
1.615657725068864
1.0526638339859735
2.333078949241445
2.1016973586970416
1.5547040359965076
2.9966725233408633
2.150518505994105
2.5703521229039294
1.4500170135537358
1.2928024227459547
2.4674859483960976
1.621041970332685
1.4646963030690054
2.993109693735133
2.0704840294474294
1.8638831629113413
1.1170501584010262
2.2827909630961782
2.0887486276903555
1.250026611634402
2.252818126997508
2.251410013162
2.5173632753231923
2.2232686635952397
1.588575374028916
2.5798984395678737
1.335302508691161
2.935707531359369
2.5264817406600795
1.6355229664572748
2.928742005479302
2.8003522139305126
1.1208984063648808
1.8011098966126546
1.1197615491456263
1.0317033687811832
2.762363679925255
2.9323438352778814
2.265850062854092
2.4087610649968387
2.239011644946549
2.2906842777044005
2.1539629443960844
1.8064732473385658
1.6498357003234592
1.068697483233881
1.4960674068903523
1.4580152176704275
2.2006485571788756
2.611948538185752
2.56531854484765
1.9881748550268608
2.2587605333868352
1.0666229739532216
1.1753632005431713
2.7303755747145053
1.8997563040244183
1.9653295979147463
1.711113109394541
2.4458800159542244
1.4623085953577817
2.129351657014044
1.9886113816585973
1.8997091191447752
1.591598498779533
1.4286709926236645
1.2643242263702215
2.675598501695715
1.1557987175698083
1.4636240565362213
1.71395366149375
1.0115673620984456
2.572154785435574
1.879353589313826
1.676035872354856
1.6580256972638436
2.08902905254931
1.9213888452179722
1.3248262558985096
1.9034608592400308
1.58494630099474
2.2371258473068454
2.3811481833080257
1.2209528999302905
1.0179615693785993
1.593153130024266
2.7539633423829013
1.024303937874709
2.46014499947143
2.957150796895181
1.0654274738676581
1.2201465393508004
2.5499799077089325
2.325169852706764
1.3773052850651755
1.9355237427965208
2.988770367258389
1.0641289418073892
2.3754994047527225
2.2525281153599774
2.590284442178617
1.7103497268394376
1.1268453784870287
1.516806974432079
1.5598536726657592
2.693076859688636
2.4357359492404402
1.109431329651003
2.628725951845345
2.271186799642459
1.5541995297736062
1.1526008470255507
2.032206609188453
1.154982964461757
1.0155061429344476
1.3481409598195135
1.5894077428739188
1.313717782176274
1.1371389817558093
2.386173791154219
2.1967815551143346
1.0996574020721797
1.7578991065198548
2.002100039920979
2.586649343550948
1.9714324957822562
2.783374799587501
2.7290066107294964
2.1497836936149914
2.6729672336712484
2.4521633279297603
1.4418897109482016
1.0672969941623538
1.1874279713125169
2.3109509412857574
1.2670008696432968
1.9913036566866384
2.055762016776179
1.8548311643314193
2.919392575011742
2.726029898863889
1.6048466756696989
1.194611427632392
1.6801125901555418
1.4094835497845393
1.9609364963124707
1.3196150984824229
1.8653611640653847
1.6748083652787602
1.843026470088052
2.0354276841781003
2.965672687937192
1.333475832641192
1.1026584901743335
1.6545461783949413
2.4929958839738626
2.6216075442878273
2.1585380483816534
2.7566424241527776
2.8106164356739463
1.3199124847788914
2.6538082005094514
2.6899844581062116
1.248033069486835
2.272000348256892
2.1572493612389523
2.4869286381741347
1.5519377280846993
2.762357553809177
1.2100933776177312
1.8277538213188984
2.997043402816016
2.975359095589017
1.6675720377123502
2.9777956417854767
1.8572186610356884
2.2724716202583597
2.5644232201062085
1.8749884835493613
1.227249485035855
1.9337803755941096
1.5229658188937318
1.4547349721434732
2.2046154483255656
2.447802616728303
2.331332050902664
2.9669010779042777
2.9921572640336827
2.462880868693734
2.91083239768645
1.0379615392877901
2.877674710290825
1.84676933124256
2.558687810925222
2.936520312439969
1.8396236077298018
1.9791422840698956
1.0035167595951566
1.6378603670139913
1.1570617121010467
2.2265003599437643
1.4028426698142877
2.4483065420608505
1.3965036992400046
2.797180814606926
1.2845554243997428
2.360381006324631
2.6122893576821955
1.4449586237126015
2.9618005953103506
1.234889770644341
2.732944857283697
2.253255254615687
1.250051032237947
1.934103192076499
2.7469391781514134
2.649795296632571
1.5424598102305833
1.0940405280981966
1.409492158270412
2.933621329140661
1.4167760598471522
2.318673277356088
2.6325042792123297
1.8652151055452033
1.9942584011512658
2.289166344281772
2.512395633286756
2.526510717891414
2.7450254307097994
1.636988833505339
1.2689218555552508
1.4793861063845781
1.5756787293324395
1.7650046400700994
1.3400038808319963
1.3337866052045713
2.608400421607545
1.9818164821213662
2.0885779448028696
2.6689010875088766
1.2139690608582814
2.2080718466520644
2.0120102007897254
2.3694912714680534
1.17792270349898
2.718692150133327
1.7334298636866359
2.3159053559027223
1.6379895307751022
2.7342271159529403
1.6577912286885153
1.0676489980548811
1.3012455279498183
2.2490341988948632
2.5426849759133328
1.6839914641319857
1.24381859632877
1.881514431829637
2.361824772463047
2.0603625254582774
2.7158497330833415
1.8860609811383624
1.8899467555314047
2.5997008436163616
1.1705016109466184
1.1069012728229655
1.3786063172596197
2.7027603334143504
2.4103515651014313
2.3045933760508834
1.5311595168223235
1.9822107177163502
1.463557519412749
1.1564936828745458
1.432280640059894
1.1341336467437402
2.511185153821088
1.19430612346959
2.437400918152221
2.6651237537280332
1.6186138252246602
2.871443379034412
1.245783565086093
2.7095533776934424
1.9810478297362317
2.2558307083649995
2.07144797455069
1.7238440683344605
2.6925573748180396
2.3097283792994245
1.3195326943728563
2.2678226907334214
1.9360828023604397
2.511740590517479
2.4647907641180162
1.8727571754584447
2.125810704847897
1.395251634893375
1.6149624784992427
1.6115927746516532
2.7517899246975768
1.8782389945229354
1.817025188157021
1.8306934571794216
1.7283765225128025
1.1457299797276495
1.7569852963601191
1.2675173437467184
2.606185613522335
2.8654950771375005
1.8168118895218248
2.100666353056627
1.5705069676471648
2.8006463873080953
1.890920931412815
2.6342233852361137
2.224675664791608
2.111088250130572
2.6738326238169075
2.03734908149637
2.3668150220208997
2.5041216396949526
1.078488698717475
1.5278808641453268
1.1821487794012284
1.9172305274342367
1.090546003472435
2.7087540618315598
2.6703273524474427
1.7188364203537632
2.4929842009241128
1.0265961970525508
2.7652307333614825
2.026838377484035
2.368570893138464
1.8553111131885227
1.4221332528230488
1.1994571775298148
2.5870055166948824
2.1776536058567397
2.7452189769290465
2.0321603312866103
2.3890789634065346
1.1611269577791008
2.7169222279534933
1.5924633655508615
2.2766849262537514
1.863322301981109
2.411759927534498
2.164923136022731
1.0204691195284938
1.9150770553292704
2.9615280963248045
1.7817334327615328
1.846692341224394
2.7646768115279032
2.74535092935889
1.148646180641985
2.199366656754584
2.458766336169421
1.070931338202464
2.5025099205005743
1.9970861112396012
1.2381390260536904
2.7717053288512314
1.9637242681032454
1.4215498606745243
1.4434298922667896
2.8130828368981877
2.4950390898449912
1.4320539915131496
2.6649885642186164
2.300163338139372
2.63537888560599
2.9368640051950923
1.4160314699681011
2.7972598019557386
1.7896772285234934
2.8001419228117035
2.7623863650095766
1.3894465169188952
2.2806668780373403
1.734913154891658
1.1202323896831907
1.919980703437201
1.2066897630587732
1.6877670524201274
1.1898941242222723
1.7316978508960157
2.223680735478928
1.0747974274717706
1.939177798226888
1.261629877886718
2.3439452984035656
1.9810615341686588
1.422130628871299
2.199391485757478
2.136200836523976
1.1498886084903985
2.0739926919200498
2.3786110423556206
2.5201465251236836
2.7228269986377427
2.266466993345856
1.4242282373632111
1.9104369209306507
1.2067146167829352
2.921107354146595
2.7778192044877303
2.9823327644822824
1.0024982279947248
1.4321240322084896
2.7908373852046386
1.5373744225004342
2.588423197851876
1.1311931666793524
2.3246510710775548
2.3994782451988894
1.1559510652711553
1.3322065598271284
1.8018517581317568
1.5675734464180833
1.8039261865631206
2.3241753503055307
1.1843081161697577
1.1619224036787754
1.9243582784036795
2.590819428947148
2.9538907254053712
2.4136237158449556
1.1735523258101896
1.3807080031893137
2.1479336446968773
1.329200194021208
1.2403673523606866
2.331146351920056
1.1591218140696289
1.9629887512528268
2.6229642946350546
1.240049563666655
2.882574938379716
1.842519502970628
1.219679792058931
1.3862581414316792
1.3925972900410095
2.7712357196010733
2.8502411529481337
2.112115837350168
1.604427496533227
2.4885303016871365
1.966439415085538
1.8538494432009913
2.2926681937433386
2.3770977626623115
2.6052706403666313
2.2040890902972707
1.4423433061142548
2.8687084123698403
1.2236430390949957
2.9800190618074973
1.5672606005874195
2.4779129061282514
2.8702744289822055
2.6771912903731847
1.8544779521096206
1.2610310653761387
2.9323904682869273
1.5318188711873868
2.821531720888612
1.1287489128800352
2.4158106226275553
2.5964752358173424
1.3989125046610553
2.981994647334368
2.809273804590438
1.3556956423510396
1.0228582416193432
2.3454764839392097
1.163106594779085
1.6923441133894144
1.5692606607633701
1.5417207476119643
1.3539099361683766
1.7680927516168206
1.2190863654227313
2.680224972727271
1.1749724090196976
1.2667639738460503
1.3493477131390605
2.170395681026802
1.869835668371178
1.2043679298252543
2.8759252367436012
2.6181212549018817
2.8742249863907556
2.652380550192776
1.6130828241468709
1.0959412860671287
2.0876336961407986
2.8999923043536544
2.8217461820727188
1.5742216988575548
1.8681452485554582
1.7035711356857501
1.2732697999930886
2.8171286747266646
1.6780995221345774
1.2965742231860693
1.1988931761179584
2.423991629803699
2.8061169568304365
2.6203579033178146
1.4979177295534833
1.8648400008366672
2.877876920214569
1.5066851195205542
2.2059311058522137
1.8969126291151075
1.3327466649394288
2.5732571554720787
2.6288362333475535
2.142006986274351
1.20281398477945
1.1693572254473208
1.3318866652211339
1.5189761080973658
2.495730583253262
1.550150779713116
2.2502846279738673
2.801209100637281
1.5097910866395625
2.553016972981405
2.3573677104236728
1.543920252674375
2.3846177567368945
1.8167244921588332
2.3762003802759404
2.468326925598921
2.8067747416419424
1.8507228167251009
1.619292137186058
2.8649818972564853
2.408598940964513
1.6425072178809208
2.8401373626754487
2.5308663222434813
1.8923413269420795
1.5681664047167516
1.860641682291788
1.0826301249483117
2.8557498118023883
1.1294738862567575
1.803122865154329
1.699171285886374
2.4480555461412967
2.3530751529389473
2.069422571385018
2.9465853675902185
1.7008049145692248
1.02633910263346
1.890212503632646
1.1964558312389093
2.32623181503364
1.1711917389249853
1.1145778416429797
2.034005371009518
2.883208954799449
2.6206894619122503
2.9006696818227526
1.598926872329487
2.8449048889111697
1.153099829955434
1.778865641161516
2.187054502004398
2.1675296646369953
1.096500921681182
2.7665698662442733
1.4197460226327434
1.1141712231525602
2.355465746497356
2.0773690516838865
1.9404731811509912
2.236252201256623
2.8838778583943405
2.4123316393088174
2.0146456862918
1.26595474778513
2.652044438338006
1.2738703431276612
2.2089917420421328
1.62842138854007
2.274044340707847
1.5621868789759155
2.315693587741848
1.644161175463506
2.748552650743063
2.752444754340913
2.773231878409221
1.694941278025737
2.361943082693351
1.0061125905984771
2.1192589277504634
2.6375347225174233
1.527323605755584
1.776609902496634
1.774578465178475
2.021701404250849
2.7574304135355803
2.5699784307047704
1.0123735359536858
1.663832388532487
1.3524850046168155
1.5246659775893316
1.0026961621172492
2.1814289532693687
2.9327288273251
1.3109945840873527
1.9393561111599538
1.0847422487933704
2.5775265169693777
2.853866164017773
2.040576731605163
2.2481274616397227
2.535062633652084
1.7136694688392928
1.2054713894111282
1.9052292815711072
2.8058179785021355
2.206862685118973
1.5025669503933625
1.99901207291234
1.6682356488254662
2.7661387550744445
1.812223922200672
1.064261807446342
1.0208481820174624
2.6466898322371812
1.9124828680576882
2.1609029582633235
2.5872137075779564
1.9938051367428102
2.894989395262024
1.9139190904174013
1.5555512314616293
1.4768786212456733
2.4711892236226367
1.9972313759049798
1.187653304778937
2.3229706541503075
2.559222422559033
2.258750607752513
2.9847125512579886
1.2629962945438575
2.838927707165297
1.3125166377822892
2.725712857096893
2.3814441759839786
2.7577971929282747
2.214265684610676
1.1605955683391986
1.3249683834247752
2.191314930700173
2.593510672316462
1.237566854426413
2.3469963792361535
2.744444326448051
2.251695745775451
2.093723127836641
2.951671060537055
2.917366008572406
1.409053366157743
2.6234329772477993
2.45838343377459
1.832963114797371
2.1129418781375966
2.588585089019778
1.6622709454940687
1.4613951434956187
2.899380541449257
1.4164677067079714
2.609386755764614
2.5424957896430276
2.9588875450682934
2.6429290195897908
2.7770328391650185
2.177612604418239
2.4357449878248483
2.1751645013035104
2.6922881724012395
1.7274272763545144
2.858776647043061
1.2936277887047638
1.417698298687237
2.9570689573014644
2.824620613783895
2.2828242825680416
2.386963355086712
2.629040622881072
2.3539499995812334
1.1600853457535458
1.170091450018962
1.4964292524079923
1.360117253135436
2.23565487816328
2.007656165160196
2.4298764793844807
1.669063480693943
1.3997166180919494
2.758072362011948
1.089789880061388
2.217325878232987
1.2033924391007338
2.9053475444839547
2.2713051358905623
2.573528571209434
1.2080659117020176
2.867011587413553
2.040884350337168
1.9189278299658044
1.178123068996675
2.1868308384795148
1.0037091487281815
1.344925554183189
1.3755818587347877
2.0260171987624562
2.732653987065633
2.1499387887660006
2.455652269952134
2.2399565978211413
1.2797283877196965
2.681469225160183
2.6405872716458294
1.4268398491520493
1.2439981432539438
1.6224405628830725
2.3821057289784466
1.0373640999203435
1.9687695051701506
1.7738671955862946
2.907223281213187
1.3834117986294283
2.871965319704619
2.909854941404933
2.8772599312113285
2.4563929546156174
2.7020152143712437
2.639459833048578
1.8571000768234318
2.9397552564081764
2.4725895609241846
1.7613356781690923
1.8622597626821877
1.421336850103602
2.383187508354786
2.3697796557731383
2.9192130845611826
2.370192588386012
1.287118778730664
2.8919232038036773
2.529896570957524
2.3383126080253325
1.6981763949646878
1.6198161284213317
2.8445628651205714
2.47549961143607
1.9593393226878053
1.1520368605974145
1.807901632686224
2.678173228108723
2.259102141427782
2.637203804043905
2.2271898320614536
2.0727414511085325
1.7350190222831017
2.8124732271392405
1.0858489717828173
2.005854703083646
2.6774399544705068
1.3463723435955455
2.4426014555209656
1.102452771041427
1.8748998586337102
2.8811226584108898
2.8511674942449985
2.5102765127500097
2.422026295019986
2.3078707477056084
2.8873945931629983
2.8273906119610768
1.4224591320126947
2.9701583001137823
2.1577941396080815
2.8357591930932564
1.5204988626554514
1.3885181011523733
1.5462744505063912
2.2233130692352416
1.3322720240518418
2.0449346984316774
1.2355074308428085
2.3593117050617285
2.814980377376127
2.1194374426674343
1.005311212390719
2.0061370823038205
2.288892506634745
2.981562445264904
1.108256130295781
1.6569160499787967
1.4643588587877356
1.6217203611743207
2.7140182435231592
2.8605324766768954
2.5975743777852838
2.0335054525881793
2.9407591414552865
2.767224211274958
2.9717956193019166
2.305835213213225
2.1618437159799226
1.6586877515814937
1.6482960689954294
2.37910309528874
1.6913368160337674
2.2820360876020476
2.168347421867457
2.2535189746190145
1.745387322027112
2.7183912669144332
1.6998660905898988
2.86400422341965
2.8125888509125705
2.1672919152488275
2.6449665462902177
2.9860959344210922
1.3525508347073025
1.6886792689360484
1.5840173227741299
1.3714828777684982
1.858086634973637
1.545561487491527
1.3140620959903098
1.3971867976052093
1.4955115167922342
1.2285008003273516
2.731958043810513
2.1597597487425
2.963369315756124
1.7214143279455474
1.0711631529984897
2.886566257836638
1.0734069249708593
2.8896317878826636
2.1271997356807537
2.1576427802005873
2.9060096886092888
1.4255863398809658
2.397547641795871
1.5040899077309295
2.083210526567756
1.8375553429670701
1.8108128390776748
2.0174334925462984
2.0403280527437833
2.769181052238328
1.8357955598666948
2.189358830627726
1.2404475314452224
1.7352615358847188
2.938064492745287
1.3592900806019048
1.6159120518359997
1.510783026900237
2.812904653374449
2.738463096771708
2.195186796561519
1.3709462924929219
2.550409074630037
1.652826981367996
1.3823297835910136
2.7462077992158394
1.7917124561926034
2.9823309745678324
1.4621355932886853
2.7222099298694062
2.185987003511536
1.7539415845445185
1.1577826189003497
2.2850643403961026
1.4776325854403856
1.2016213619806972
2.0161788822079876
1.0104862666977636
1.7966011976649356
2.714649097538109
1.91541517112135
2.5314389891401605
2.0333092410550746
1.6129377931319102
2.216858145621189
1.8230297304175622
2.518482270653843
2.740927918287076
2.0381014627817358
2.0011873001369516
1.5610098132785701
2.2216477379430035
1.9056429944226616
1.7068802880511729
2.5259199704354716
2.6333178064825065
1.4869358205716767
1.1799659379132748
1.4807801215602503
2.152323733551775
1.774076563913524
1.5642045062245276
2.13388483044189
2.6797106948267153
2.655550995014586
1.219632124092771
1.9070676954184833
1.4080622928625226
1.265695576057373
1.4729854749569415
1.0769669603951477
1.883130766696439
2.0232519581949386
2.9277857743113493
2.8319178582572486
2.3721613866587683
1.302769893606959
2.2668871371750727
1.9449899418540297
2.4429614654299137
2.8639812764957195
2.5410581687342857
2.879243772357376
1.4335055292127743
1.6218611542481391
2.823053416327297
2.7729947388237424
1.4041345723599759
1.281560356171639
2.114320783852581
1.284736910908921
1.2354149178633584
1.1726001202228244
2.9850251761626767
2.1267654707852146
2.3037470648928133
1.8647406914823716
2.478682418479049
1.4033791064408054
1.6669619024259024
1.6287750106587933
1.5389154909870233
2.087451190178876
1.576954462195545
2.1242062563592747
1.7342199919933485
1.6951833847663311
2.5756152645319332
2.6510342841498344
1.3773937092915427
2.9356113404135327
1.6361823118622538
2.5688857877727225
2.7258512268127246
1.4581810507846986
1.5171490480236454
2.5666748543597104
2.3808523841155083
1.7106887548887182
1.1256071681242217
1.1518643713105028
1.11321234807112
1.5990074608976588
1.5536294465716876
1.9911055489974667
2.212190711999063
1.4075177795300788
1.7418949695180823
2.821575893234197
1.3051257675711079
2.1197188799919586
1.4878789869988267
2.977297578872599
1.4987368503507277
1.2526549302811558
2.236166284010282
2.523788097654066
2.8377593162393917
2.3990459481891606
1.5892066063886754
2.6090725862170983
1.859182538729341
1.5104167205734111
2.170689660826997
2.174241250896758
2.174598220833907
1.2941971718941376
2.0264761779820963
2.7410182336958115
1.4460382491633952
2.8336666246320634
1.8590608166823492
1.8551392993492366
2.779057736161409
2.932230139427424
2.8040905786572803
2.6657739276106645
1.5401983869213216
1.697303558731157
2.2928130557548423
2.3666454806945656
2.6909403367592883
1.8097969279588206
1.3264544614477807
1.229869821153025
2.803815381440975
1.9012901024613182
1.444061217076243
1.159723176154501
2.568408158747973
2.8260989035138584
1.3703198285352327
2.6557849345013365
2.5141525932064184
1.4505341410167445
1.0382276826567522
2.692004534493213
2.41457285931385
2.5880071544843792
2.6188429033456653
2.2302109140253092
2.837416556446289
2.913149040978224
1.517105675088107
1.9219386254244224
1.691420092733989
1.3265317829110836
2.0548553334476938
1.8316242585357858
2.335197950446016
2.956567768682277
1.943604789237274
1.176902716630478
2.351588179821651
2.835655253335911
2.793045336301866
2.2077632979206596
1.3442304948500692
1.3559998279907344
1.0666653200494811
2.9926355205450985
1.7394083489728802
1.8512948041113015
2.580016276983831
1.2696949499170038
2.75090174094694
1.8833826075466207
1.4447397481179252
1.208028586072367
2.8633373674846396
2.415158104602754
2.7754396470865377
1.348820977983569
1.9210109813764666
2.446870074066095
1.6859513687307255
2.9240420560184877
1.966275750297513
2.4865026428536416
1.9448187689343461
1.0237786994211713
2.623578022270189
2.442509940224436
2.4207051569247224
2.5099531344308774
1.257303643872101
1.0041816898913618
2.0056749347414806
2.599035440997547
2.268354699327042
1.5573232615778096
1.5913275227855603
1.7462852023129996
1.0476979066059935
1.4760982587327176
1.3139672491394399
1.902316457280111
2.4271528128890476
2.3630637372409393
1.0243285133368
2.1599412967261324
2.613551215613714
1.4202242867183046
2.112326473914722
1.9692514696751862
2.869509994167076
1.8614754654576595
2.9272034938447047
1.1212114206140154
2.658686181602981
2.8282843936879116
1.8822158835382456
1.5725498768685213
1.115062476455097
2.2444290888157497
2.6980388912594275
1.59852530074564
1.7579723323430665
2.4604106666888996
1.5309512454897563
2.2519834288274847
1.839729803747565
1.4554837808441277
1.2948480930091741
1.4513174727771272
1.6217339301859632
2.3533463697539965
1.2423613574348062
2.1168165898686224
1.8505038221672374
2.4976621615677566
1.3470604693242227
2.006892729786186
2.3531729878861753
2.6876699026789366
1.9906411105216308
1.653221248558567
1.272698780412217
2.0646777241093726
1.591814768320841
2.684221022791289
2.9764185600040234
1.7990849418574506
2.1519581020339564
1.7298714773747044
2.260482278471266
2.0480977560692146
1.3795640078311542
2.3239646235737625
1.959444332447232
1.8783829268825591
1.6723923487889265
1.6068733317322865
1.2829908638415304
2.6346247766154804
1.9525847539899535
2.4990845473035987
2.368222152711615
2.719825203668229
2.6162418419455733
1.6066460399003464
2.033708839973735
2.5045698525740283
2.7099414399229538
1.915594598521432
1.0500766454591572
1.7121503931876503
2.4545046705940976
1.7464845816236818
2.1826840702093584
2.83980919613629
1.5801401159398307
1.2119533133924845
1.825590301283827
1.7308834714122743
1.6628816050877215
2.99538386059416
2.719651562485595
1.3933621145314694
2.7998341725381612
1.619006037313292
2.6262360897421853
2.006409190147886
1.855640690008193
1.9472980479883122
1.5294139088032688
2.3903193263201135
1.5839387054944138
1.9898825205006228
2.4360047629638855
2.3067294125375533
1.7946146950778865
2.7724136410384643
2.9788254565021135
2.763927903548171
1.0066728990085938
1.3246412976401765
2.1006054313401674
2.746559171333667
1.3959399775843986
1.0171574673063046
1.7640249897903209
1.273083141203331
2.002457290232055
2.6494618331062263
1.7454797877627666
1.249730880242331
2.3995969653084126
2.7707927512818307
2.0149600567539707
1.8679339639959416
2.4873360037679366
1.2168454448461565
2.9929689450565498
2.2361219186025876
1.9238552699204992
2.5338907327751015
1.084845389034575
2.550103534922106
1.329722309828499
1.9886036669611435
1.1475335513304719
1.9446594142886948
1.2883212355251523
2.3550710918487185
1.69925686273034
1.7082643692115254
1.9416036203698697
2.4182187184840727
2.8638437456846493
2.1010461569341214
2.6827874280291093
1.0072826182184862
1.8120686482209454
2.2636939800034526
1.216033165322129
2.125682193720472
1.7482857648216636
1.919224913254188
1.3408715304152992
1.7945431780325665
1.0027511292132154
2.18455836134882
1.2700607861595574
2.2709518005918445
2.402319466981102
1.3721386233260717
1.494607798514501
1.0818880819449186
1.0610732729631402
2.980887873308885
1.3980254820281381
2.1411496748713725
2.30164793751661
2.296092289888203
1.4086958296063519
1.003167728565701
2.5986730484060887
1.5766889079582054
2.6008654809088476
1.7666763779816013
1.2028430586807102
1.9246682386915015
2.2006019340233234
2.4484283094971087
1.0631094580158496
1.7382647978572576
2.09237076046914
1.7118085555108185
1.4589156811305255
1.3927784621955865
2.887119841301391
2.712366409390759
1.6706253370585085
2.6893919665865265
1.2623234337093918
2.229656191613634
2.659299283039763
1.1743774392563064
2.4065913584952785
1.4437670812376386
1.7383111832974538
2.6330911493449083
2.8438272155795605
2.904491589727873
1.365967696418743
1.1401454170889194
1.745742600404182
2.2505506441494205
2.251942191616766
2.9388317394779495
1.5364201312545551
2.4180000066394367
1.6590104493231952
1.2104861338804263
2.38410784335355
2.2008742678339708
2.3910485496670555
1.1395252568354945
2.739010537291028
1.7814010549299277
1.5272987770907052
2.799855851692349
2.1100841116329425
1.2236001750546548
1.8496688094386984
2.1274604204438208
2.4841250196535034
2.7647063846222855
2.3042267004031975
1.1802281600897007
1.6344427026712867
2.2998042135904138
1.9408508247977965
2.713079489689096
2.2263269905559326
1.3424654414611288
1.9563389303959615
1.8347067200643374
1.2098548955309825
2.2706127818707347
1.3429540587163706
1.1050283158920995
2.6087801661784873
1.2999275111196424
1.2944923865574935
2.906261874616286
1.7646629701131122
1.5555067023445353
1.9381884054006444
1.10068251598091
1.5469710692760144
2.259117242214999
2.4134239873769294
1.150861773354731
1.3528972904244994
2.802499386159173
2.6454937736141355
1.5776745518268391
2.3672376941135207
2.2190631757467143
2.459961759099083
1.1834192875121847
2.1486237461482736
2.4798234986473213
2.0297166289852866
1.8936107314142447
1.1235120183641507
2.6690337363294017
2.106498968368137
2.1651943340276554
2.0092533348266013
2.2415928589055953
1.584359153897143
2.750408644456158
1.4674278376418184
2.938664232341333
1.950206980001551
1.5530668004208557
1.3425205709313877
1.1420710782793608
1.1848621816457914
2.9034369303758223
1.7258299647952497
2.974598248685391
2.303684135475933
2.6684396332679814
2.775589592599329
2.4072728917354773
2.209508642757614
1.7409633549772654
1.561873204316436
2.8751195363550837
1.1022301660155664
2.3264227750626825
1.785986845903869
2.58451238836658
2.4304263030966555
2.3310372374147046
1.5907600356218743
1.0842856738512534
1.9133159543725151
1.2814366203452943
2.792459982246316
2.935288757111456
2.304997582422013
1.999147120680221
2.398741345933236
1.2158417549442295
2.408976163447148
2.2892873734664922
1.474124586269973
2.311180157133709
2.9227067857810693
1.1343877887077287
2.1372112426975325
2.1531501727314026
1.3213723248451483
2.5687905427631863
2.2245102540542154
1.3020722299807128
2.891789387018482
1.3312801834297052
2.1724509206836644
1.7709674012518752
1.3127123051940404
1.095263028692754
2.4004314846561208
1.009845297526797
2.53670317691038
1.9466384163695036
2.271761969742664
1.3381177358876761
2.1862990970467893
2.8675816372337817
1.4757402897275713
2.4266287128512194
2.7819437905510163
1.028502202880029
1.1048569996532454
2.95308087024261
2.082618175860598
1.0732123428113545
2.579925085237156
1.629122117977473
2.662901343033207
2.5124941360264423
2.449003257059006
2.595484783942715
2.8461333079260847
1.1043964436728257
2.842522992221781
1.6351198713637358
2.6425438043366007
2.6317884031918704
2.249367153422507
2.7088573202267408
2.4778092588583807
1.3762859460110382
2.777137178766602
2.601010442332007
2.5268231379322277
1.5450817019642558
1.5315949886316909
2.8721974459837463
1.4696387061104417
2.149595252086446
2.274583877807804
2.3223291060028153
2.451751545998701
2.727394411197321
2.040900434712422
1.2056463825320414
1.41609586366615
2.611497990652813
1.511542511089848
1.8046950590318864
2.5712428297135403
1.2272868718104126
2.2434539467069676
2.3549671508666687
1.365048283349265
2.869560734845075
2.3347247762288896
2.0167118759235487
1.8725178154028637
1.2964754845668238
2.1163787198522215
2.8187035944852994
2.9074714225517644
1.2423900339243292
2.4205741731525934
1.3850756042120116
2.328368036785601
2.7943819298510335
2.10060107420258
2.5601303996132825
1.5152500694679707
1.620979774821283
1.6896361066258687
2.969963120446539
2.7925398712372926
2.4891393117779055
2.2152263082257138
2.6985851457159793
1.0547112617785799
1.1983155544207766
1.8830273966370086
2.9739309196198067
2.4813681021882186
1.6130464155386122
2.6544310794074293
1.0001242573309725
1.0636712855558255
1.5702170734808265
2.528834227809809
1.6901160742184802
1.077958898851798
1.9812647718607135
1.951061958193203
1.206907330387389
2.581169179541755
2.1790485275306586
1.6806137345987455
2.815290439110048
2.547850102638235
1.3000483981764142
2.2758074342144985
1.0620209407456354
2.056490946068174
2.870516074048858
1.7397398388277143
2.690640380068676
2.2063986113335043
1.3867580619642124
2.6833916315491084
1.7331769209661005
1.9131035226233868
2.5822570802381377
1.289911227770555
1.3563886908648708
1.0115492721398638
1.2601021259969942
2.9568905052490777
1.5893505049983316
1.0377855247047438
2.2088246327757366
1.5948351929217235
2.973782075738627
2.6379181417423174
2.2808825702875994
2.5394381924600697
2.9318625172637787
1.3169680838801658
2.2261794605686314
2.307482603138574
2.463149435048341
2.2624012212603786
2.788835290507528
1.7401232661856159
1.1495161941572307
1.5894503900087622
2.7863972167546818
1.9552054864981123
1.1449470784494842
2.2103224256076643
1.619366312122811
1.1826126463767375
2.788194216191498
2.183949061637878
1.8945451892790988
2.1911111127039877
2.472953029348509
1.6038046126755212
2.9330733888466813
2.398890687665447
2.803741387577583
1.2594517333013446
1.7200004375225213
2.742299197910205
2.96508513639069
2.9658964330797515
2.912966845314224
1.0287017422161877
1.4802815199548784
1.739206604923602
1.4765145526984027
2.908847604844436
1.3946326858628517
2.8388230371595045
2.7428729047255027
1.6588298021248735
2.5494149538141553
2.134482902082423
2.692262099041719
2.43958097679982
2.3039479104752347
1.7956998451888682
1.4243521551567668
1.553181923292426
1.4763311258945215
2.287015359200841
1.3378966603285736
1.7935019347774939
2.3511548028095586
2.4153318928909617
2.0886766781281825
1.7046782341712958
1.2864306076174183
2.2996016471573135
1.4088850729593279
1.810093681113083
2.6668501661401818
2.5778471646934706
1.3963194616442065
2.8713306098632154
2.5741278810487866
1.0427552448629662
2.4366692803444923
2.5749955659122934
1.8643098054587717
2.646638206210795
1.2703209729968512
1.7154665344404996
1.7548850740797006
2.385937136588929
1.7208052173935955
1.6391204862940145
2.8095969377847867
2.837625243083479
2.9592125774778975
2.99667142872043
2.292191916461256
2.7321421072941634
2.7683762210143468
2.2810353925342777
2.014550959562861
1.7397908711588512
1.0516064112148047
2.6552581554139043
2.0389389757915506
2.2414301694858683
2.257365511626705
1.1840013682179742
2.9775638831501916
2.3385961682466547
2.369908897084817
1.1946438121390501
2.493285162946325
2.4675694885942043
2.0219895831949595
1.7762487621018068
2.734812646127872
2.1771537482041516
1.7968838278552663
1.5384612261435315
2.277621168461046
1.5138339949155393
1.0213601068789309
1.0365843740172311
1.6062158982149537
2.3224298618027106
1.4664368182532588
2.21448475497498
1.4361386069674054
2.0029375922903245
1.616987936925772
2.0725442080414376
1.4410929780084056
1.7385480910231172
2.4021867982965377
1.99547184000412
1.7961850677495792
2.5603550343967227
1.8992690883525787
1.290290129415299
1.9862865284846771
2.471240179431075
1.7413329701229203
1.9651493362746233
2.543878399093087
1.5135951690757532
2.709882289942134
1.5320861194537867
1.8933792075112004
1.8398797605827544
1.5805763583946488
2.584365284250616
2.290912892598274
2.068542995074806
1.4819164813226415
1.8389816130119288
2.6281386563297424
1.5180583939305814
2.0461705653636253
1.4241478349913905
1.9196581216327813
1.8419048184929394
2.4591052913477536
1.0967961188373938
2.5929915411158913
1.7239592243585435
2.51122748294569
1.5845655438304982
1.677071018275453
2.748789616203543
2.1913936274695045
1.7600290545101542
2.0167838509073706
1.745977491524733
1.1760104997785912
1.787324040555974
2.2857822976653672
1.1293294880172284
2.747564574382041
1.5859935248456887
2.7215115084773682
2.0419871228695343
2.8118817738686763
2.7593844538304024
1.73394758136789
1.9611310709862715
2.6363078352032607
1.4954033057426266
2.3514367193436625
1.7931689006083373
1.354822929949857
1.8611629988652123
1.4117863194499058
1.6857216788044107
1.7080525397532282
2.7458909381577996
2.8818580608733892
1.8159366448716234
1.6218732600515038
1.2819660312133758
1.989137287917754
2.666787549708288
1.1575307502079537
1.2265297405718454
1.8708505349397744
1.6173939867705405
1.5573073051122572
2.6743860320268356
1.8975895775163008
1.4033839717757297
1.8986711970954004
1.7451272467775014
1.4064921901054523
2.964154314839658
1.5599846275158589
1.1488301702876855
1.6385020783104038
1.5950161523249295
2.3136916119792676
1.830230041584621
1.0009064468656137
1.4775832950278514
1.6982966314165613
1.0301026290779673
2.9407785800325894
2.7803502791558143
2.187141075585636
2.655614062685588
1.8956323085198332
2.141825562897438
1.3789167343890048
2.411806598514733
2.5380848100808384
1.7987652557997416
2.6106470384293043
2.2308871083521806
2.1781254804609107
2.9197291316088694
1.2590245316191797
1.5316847087137375
1.8044457130163445
2.252571526449443
2.9905105506320258
2.1951849985698466
1.4164540252300126
2.3308245704110484
1.857586164634635
1.0634180937092585
1.678775507493587
1.6583334485168064
2.3537099161812476
1.6880033618819008
2.061112815313611
1.6810853726953006
1.816965107912833
2.391316250864781
1.11181943923266
2.3208022467212857
2.7354192342078862
1.9062440527289974
2.515458800616009
1.630453349061652
1.6538411132283748
1.853050264255667
1.2058702647761692
1.6283064568969066
1.8693850965342074
2.848672458290303
1.6434087392173746
1.5012714409922263
1.0313731257847796
2.6945939623889137
2.872022870078939
1.720788258942482
1.2770827244554106
2.23051660086639
2.907644137538999
1.6979058904017563
1.881611532845664
1.3917416857505536
1.7668951772508061
2.3248194155880126
2.8979486466973805
1.4154991943834567
1.4103801414746173
2.8039701177398095
2.206061110078674
2.0603649175328833
1.211247615078003
2.6763023170402986
1.314746373683329
1.1116788626436267
2.238943110622926
2.3441765887607913
1.1183355888469295
2.538254130315509
1.6950593836447738
2.260574481951245
2.0974663637932287
1.2425389268996239
2.036707563646554
1.3791842927386584
1.1282700061544335
1.1600194778707273
1.2362687579721467
2.036999669261406
1.4141395461531756
1.3940975051532782
2.0043857535327287
1.5048099023616819
1.4973792964504589
2.848576143766123
1.1522075180821745
2.3898720224118466
1.1886989910354504
2.6211527557458236
1.046663105402239
2.745895191141847
1.9294452164187084
2.170335963624732
2.546812664890472
2.609242529060567
2.5664350898225434
1.2173506956993267
2.154785108679101
1.8651254663762422
2.278728070003055
2.61390510667239
1.45497644011613
1.908381326946425
1.7291537281378362
2.2545574343082846
2.3751129397775976
1.0436893396375724
2.804193759008431
2.513240713365285
2.7941174654650975
1.580576020379978
1.2568968121210553
1.9266744105567972
2.874260634656713
2.53521409106178
1.8161271152997802
2.8298329373541478
1.1203352972401006
1.0744003094288863
1.1714513436237541
2.015690598866126
2.677144583739632
1.6177794082205652
1.1253798773691828
1.9386181447237112
1.3572654274920182
2.1145393157006103
1.1175127218548386
1.0054119733985971
2.9117463907652272
1.613936186584794
1.5067286267274869
2.6565804764737893
2.93169449932929
2.994930708581812
2.8045746053502363
1.9165765501589738
2.035754496038467
2.9915849968448414
2.7013262741290855
2.319169048077616
2.3577989234481387
1.0467599916924253
1.455736452573165
2.0675498980186635
1.686086624124195
1.0276954545077137
1.5580651337391715
2.014157748071451
1.787237250620833
2.1898127953365236
1.4475589076021744
2.9051729876720307
1.1714932753129894
2.4142027255958625
1.483550190006841
2.8700010328020626
1.6190088080226808
2.1452403408673173
2.702119102547767
2.8688275794195683
2.2195443576923193
2.0838282310419274
2.1853647679554564
1.6551254039026697
2.0441122985816573
1.086100374850629
2.64976234332857
2.5458988121608175
2.466313188447262
2.661958452171831
1.6626517953364817
2.5814541656030476
1.8708888686048868
1.0265953132970325
1.5222635364122576
2.7572962350703376
1.3002167753408767
1.7103753053037747
2.796716449966503
1.6063872532106092
2.141133571042963
2.0901911738255903
2.551578524155386
1.6683814247339062
1.8511783719236958
2.8930977053586675
2.4333318449617813
1.603914120758298
2.8320764681698596
2.674557223129046
2.121208903047683
2.300726800560698
2.0468165177045545
2.5781840323844034
2.56863660119435
1.6337076592942172
2.0970253594974784
2.449889579125595
2.7446201245926902
2.39192218607207
2.656779461515164
2.8847298267939214
1.4384170890499899
1.8488960607863907
1.5999574636556446
1.2526363742386442
1.0467262267317021
2.737478751105091
1.1046200903510983
2.2244491661119854
1.6900499021782955
1.8415229288737704
1.8398216774781484
1.1224939561454714
1.1143418169445394
1.8430848490900744
2.3947052358646297
1.9289022353186946
1.2821809307973022
1.76661281020631
1.2645205436105587
1.86460808579385
2.4890625528600387
1.3009752305509619
1.4876187857190655
1.16936533775791
2.9302079051168874
1.1144082886965272
1.6031739114376873
2.14813411271487
2.5429035797612416
1.8169255781690339
1.402124493213604
1.303741023921209
1.8001161457451498
1.3635706440191628
2.7314057918469734
2.5225567861706812
1.6998103755541563
1.6998881858757742
1.6169401045128526
1.5507634668544827
1.8331922598638166
2.5972575017402333
2.8180966030199235
2.2775563679727107
1.0929803336889412
1.277591836266139
2.382844849085423
1.6519727542297806
2.635342275420692
2.0614917024038855
1.9778085080363255
1.1851142378099044
2.275513945816609
2.51778463214574
2.1628170912280247
1.6030455465662687
1.4855761948555977
1.8818614058774137
1.2488419886503475
1.1222019623959365
1.0091167141329875
2.470476871384209
1.6847674242541737
1.0156605867482114
1.0480846615376183
1.298594643865603
2.3441443649420637
2.0886863827176665
2.310822167690819
1.2111244957981517
2.1304925112472533
2.8310599578725824
2.8885236688368447
1.4611019661633657
2.4648314306318513
1.0517005885052482
2.7903587755904633
1.1417568603775767
2.864678994499508
2.1263533652341455
1.727459092991956
2.1954196880188346
1.6811979426110417
1.6536598504491427
2.4434543357356415
1.629278352601406
2.7956608826508913
1.0500091277429566
1.5736535847343711
1.5802811997453503
1.1413629527496414
2.013878402625928
1.616786446823706
2.7547221625535805
2.6158411002347384
1.2641880508167227
2.8099335211216347
1.818288981908588
2.278851446141263
2.61263425581072
2.406400751055653
2.446071516666736
2.0624501724846374
2.727811689739763
2.785341210454199
1.2042585095484557
1.1462474366771613
2.9906779973557747
2.7008876275094442
1.575219000254427
1.6257013929956852
1.0273001509336097
1.4984178154244747
2.7148044510187166
1.907225841398055
1.2017628389733486
1.5520425607906172
2.609043622280893
2.9725429966100076
2.4606043544238183
2.453318182758324
1.803597052503266
2.0876995217978127
2.4911776443185865
2.9143763174623594
2.397427455197466
2.161335694061696
2.579535074034739
2.2809130870091314
1.49744312334492
2.7544480569003147
2.903629231448191
2.468089709071367
2.2890676304184816
1.2170650878130096
1.841799117975359
2.3466890719803324
1.0725776164838068
2.810508517287933
1.6536625206596558
1.263110797373981
2.3982694093658408
2.7217952049991148
2.162951036834279
2.204485948503624
2.372260788100558
2.7103683821682023
2.793236029838287
2.781150687236215
2.2435324975298627
2.2987851292067454
1.0441290223530109
1.2980860990074816
1.1323500000942128
1.1954744525702663
2.537809291267989
1.0113860510976274
2.232268584772286
2.9629653443247133
2.05074788468999
2.2531436031872056
1.045209959867059
1.74620115430516
1.1169433181607176
1.371203953107831
2.57333446424527
2.0310764923680367
1.7935180411579796
2.4039194293022916
1.711573822721349
2.57413385781482
1.4185080081488775
1.2237530175725688
2.9483806838693614
1.0183979928189537
2.318355330351425
1.6288675220420556
2.1464946746545177
2.617276959984192
1.6839109623548076
2.6844168760867166
2.1349829659074553
2.535039357041236
1.2093219867815628
2.913809220337204
2.4811868065633433
1.2301389487141399
1.5554579464344451
2.7013059094512823
1.7706847662894254
2.7956169846596604
1.5161979607420744
2.3811111893409187
2.1104067923689795
2.5746232492525998
1.1895259836574736
2.3712450117317063
1.5921778399903803
2.6484091388797566
1.485946626972228
2.332055818168018
2.4738264332228352
1.6972271080469543
2.192068851953975
2.4945495357533405
2.862831069283035
1.0933412149301471
1.3950025560541839
2.5795272360110113
1.254975816049929
2.680146545034227
1.0260927789452607
2.0596161177187087
2.5245040661681433
1.3702663126011174
2.3387845350109933
1.352617214149385
2.409207926639878
1.1992195209642416
2.645395756714626
2.3994433784400426
2.6210625421934974
2.059757429938582
2.1175251040681964
2.4847124092575488
2.359441473770322
1.7881958354385
2.3000674828822953
1.3194236111535405
2.195276509378206
2.4049354379969703
1.4085800767566725
1.455275680869006
2.4435112332407707
1.4966114234803332
1.7735199599690483
2.9835994544742555
2.0034788798476084
1.2570913857681074
2.6132883406451715
2.971699466184587
1.6352637444363693
2.1045825947274506
2.174380779410977
2.117698799786939
1.2702849626215702
1.1750628756805337
1.8021050821715492
2.2007331269882338
1.213105932039672
1.4197243926403522
2.7511042765781664
1.6407938354067992
1.7183140877892848
2.8550547156278077
2.7631982241938733
1.0131327314949332
2.6571714374430035
2.0425697534448304
1.7508174133154766
1.942668859887891
1.3513274225785483
2.3789007142635175
1.9650559704072388
1.2914151408184946
2.3089699921766016
1.399141488655935
1.4421329219289805
2.3554447013109066
1.5225451290833891
1.6141944664987853
1.2968794529874708
1.984716507749852
1.5812013518582937
2.309868241434807
2.8079859398609175
2.7729655040238868
2.1410930934101353
2.8686105400358364
2.6555977880318657
2.3843622977721424
1.0133743407334908
1.5279568305048532
2.076940629100976
2.4962289097673613
1.5116475218158119
1.529965530678189
1.42630538411841
1.505024701854047
1.6039879616087653
2.136065862630294
1.804949168605976
2.0378104972322157
2.774916977547953
1.3123407344796574
2.503889174046674
1.2237253944238604
1.6975440943933604
2.4222233525159034
2.0232964516908742
1.1864266080554418
1.2070678400503672
1.4666120073585704
2.4987551173732903
1.8118398791519523
2.061912882231039
1.8749648120260773
1.061741870888892
2.478040658754873
1.9951785696481874
1.8146793970759543
1.5058109326904292
2.2468952150328003
2.523490894930503
2.976759971455736
2.279432380605156
1.4264357853047045
2.566272495921293
1.0513409268962643
1.526402817804685
1.0424519330953024
1.713459478552614
1.95882130472663
1.2440138079894185
2.8841804451574604
2.7337058959609264
2.331014932466876
1.7482109683920721
1.0779488648948476
2.7747661878833263
1.7875805084332108
2.804746283164957
2.536986109285444
1.0329951799837416
1.016726924087758
2.490280593614864
2.833876783388444
1.3357286371208477
1.8965055552258354
2.77231065816585
1.0329138937677826
1.126565069077622
1.1034515629700874
2.527338752985582
2.307109649758197
1.1511342449218893
1.111721816452242
2.49030762870399
2.3965944088851767
2.871480870248754
1.061747384745622
2.9101753314177357
1.2007999979612536
1.617398801610823
2.057609093177051
1.7943503245234664
2.6678014624513082
2.2825779324631603
2.870456536735329
1.7221160459154097
1.5241025450968575
2.0484342804893734
2.3879001622392266
1.1187839621246523
2.699572967336757
2.932199076755384
1.157883869379077
1.7199927661974668
1.4728181441287327
1.7689977120716005
1.4940665268301252
2.988301062385693
2.967283422219281
2.940343558071229
2.484105243259875
1.784386962896634
1.944117921357338
2.281183748845855
1.6047170268693778
1.7760368954814467
2.3869351150767124
2.391948929063359
1.5914222914964207
2.9830372636609623
1.077656119553906
1.2184027821927732
1.6519413567224204
1.6994158989030594
2.482873327660279
2.1937586603040278
2.6294962757191334
2.436795872819357
1.479616660788658
2.51109228283762
2.110874830593725
2.536385121861377
1.5884714910260356
2.8427995530926853
1.7084870615951164
2.4947615673923442
1.332901637773705
1.759525619984435
1.0911755764224045
1.0635601083368733
1.2618047681517055
2.1442273276183674
1.1021579237594856
1.6854694043309562
2.6664090763033705
2.538219041043661
2.255341477838419
1.5402182523207393
2.069052180800753
2.915946516774813
1.1610390044188674
2.366234508271053
1.8126360893533229
2.5093618829916426
1.3228300320357358
1.0311068415091083
1.863084220840792
1.5541435152678875
2.982083663797999
2.1041321978687835
2.8467110166297287
2.777866167646167
2.5137677621885812
2.012336650300984
1.2744171617675588
1.9657609529324382
1.8738364497310058
2.3622942040436428
1.719270601215518
1.3435237342098325
2.2851257646308465
2.965415750311699
1.9955631023045004
2.661045702382462
2.331891498486159
2.9706611707966255
2.796101292430662
2.20638671516288
2.5799662701747286
1.4399537865201222
2.8408114267618956
1.94401979693954
1.564126742684422
1.5270712741061312
1.8579522625301876
1.0014075710431325
2.8670890138530893
1.9928269457751246
1.9999773544485977
2.579314265349929
2.431855499134362
2.3345097224373683
1.7644918115368302
2.189533184441658
2.98248972684043
2.4313203660208274
2.9333781004242345
2.30439401522339
1.7444400967626519
1.9604181165607966
1.750262226173144
1.5880656537143687
1.5954289151061085
2.7828191668279656
1.1521335277087859
2.1985642802068504
1.1664574553459295
1.6998693379245227
2.1689273343687097
2.592610985969897
1.0642563067268593
1.4593520419089838
1.7584113313986214
2.9484353023759615
2.9593324741958904
1.6774259540083825
1.3342757263478575
2.7057191864731136
2.537931078382403
2.1236689133500075
1.6455017212157272
1.7959676911075484
1.6929873931758335
1.7028644682887484
1.1874409249837952
1.8156617287509609
1.1962391701228192
1.2466060514621964
1.776454500707899
1.4290263429298047
2.7471710643054683
1.5217861853868486
1.363745799354662
1.3541439524307743
2.631692798852955
1.1980689775185043
2.094476300985714
2.69163731596458
2.680791957715045
1.679333840836983
1.00594502324523
2.314606147404631
2.047370827527266
2.1157287720707254
2.264152301520168
1.2487318079504581
1.7234137970576149
2.115656491911825
1.8648425761188936
2.597748301871037
2.043677852008738
2.738599971815077
1.3913688637235126
1.1213838481150329
1.5323901271452487
1.4120612472199103
1.3585477895491627
1.4426039088033094
1.602389008837927
1.033584979889685
2.6262850649491227
2.121377816292221
1.540888473054661
2.092218445034276
2.9117923485274644
1.9652019468391284
1.269539213618959
2.9162598302086193
1.0625470876568133
1.6254329298685124
1.7101784222969811
1.7108926010507668
1.4033032908603542
2.720003335226613
2.704214928902723
1.2739425382963572
2.3073803555646784
2.549695939665214
1.9538668942436515
2.9216002953759395
1.014504892859076
2.7040780974150698
2.408565489590293
2.545819030302324
2.398873165406082
2.274258490447995
1.9876730792544886
1.3827346110636212
2.204468341810481
2.4696640522683295
1.2621795096767825
1.2718774651879556
1.6972222421073666
2.8145810804311315
2.095916106155183
1.4321368526457117
2.4929091251117277
1.3379266341229608
2.3169450447865363
2.938647912526849
1.2476787151906923
2.4777348317619405
2.135970952691044
2.6771314427087027
2.397286062716461
2.0311959218980764
1.5807351103990481
2.96687648569252
2.073953847502726
1.3179715775529017
2.104051591932357
1.1513641645572747
2.1016939482799284
1.0926872325671855
2.0224275204503197
1.7872987974711594
2.7094735545570012
1.8215967767102021
1.6298355460044704
1.6272913797928794
1.1906248804574064
2.944692092019637
1.442522548907785
2.9000237968368756
1.5537404144140379
1.0853533722684017
2.26510121770779
1.4826886901715168
2.6075439018826296
1.9089315137989287
1.750402091466151
1.4114678530715221
1.8957632490104805
2.26022276437759
1.701380070149214
1.1403857057354618
1.830117135468715
2.460210157188575
1.2332532767236486
1.862582662624784
2.1237050619799933
1.8336523594965972
2.5324097908312266
1.8656086010301596
2.8892653897540432
2.3478616630386333
1.9475857044657845
2.596837002350747
2.3817442874064954
1.6939780307551804
2.7217477502412506
2.7945586511869136
2.8802678107434674
2.4562098497867417
1.8293659357070495
2.2732450989189372
2.5320117018234396
2.9022055254704533
1.4449780474790532
1.8769687853242651
2.528295599612008
2.301748901182285
1.621820019542977
2.8190316185996283
1.1342140377564278
2.7295328567369337
1.2451530679074307
1.680613996309782
1.989230461657344
1.9957204130682538
2.326943227833953
1.9026608612753775
1.3531233508264444
1.7934355634410093
2.200939809600513
1.4007550146972052
1.2354880097447352
1.4147550589842324
1.1938143783525192
2.79470277495271
1.7980154340006649
2.4769972325221636
1.5413759622564747
2.8314310987780997
2.8412340485557444
1.750870780049594
2.4080983240205187
1.8792703683819751
1.1071100121446322
1.580069107266553
2.2176196962080637
1.398357587925157
1.487654683218656
1.1959817790509615
2.4167959808336557
1.3570309060156172
1.8487586771041005
2.7279173146188596
1.726481228940492
1.0751784681634826
2.1549514776927294
2.8053635532008414
1.6712095660178414
1.6789411409021473
2.114948715290378
1.9698513566301292
1.3367817406784548
1.3074832126336038
2.6230670390679895
1.8621584333440413
2.151596182046135
1.7425525372019255
1.4718459400613877
1.155919198618564
1.1246214133089643
2.793403234825931
2.5749790517928597
1.8920441664013032
2.5333164873017227
1.9861245048187863
2.2787776443211936
2.47550875099677
1.825008704569557
1.6338148122412193
2.0792925501694715
1.4482714894457274
2.4309235285696547
2.6346252407073374
1.9786385354791058
2.4698724655286317
1.7531799791036318
1.7597962663116213
2.6366333655832177
1.6834855409903855
2.7966992258240695
2.7726270577106176
1.5567482336343224
1.4653051736592375
2.5299321813386744
1.377110782775282
1.9414818952457034
1.2591163220008075
2.7179502322773588
2.127845288253898
1.410369458267999
1.4573282187701972
1.7978378890414501
2.418755712295252
1.5470560808441074
2.8746216502079793
1.5148822073869965
2.197715961806204
2.2896225832092116
1.5096489324548994
2.6025437082567806
2.076033777920728
1.9997881009052585
1.793766681124652
2.524334919725137
2.294857936387388
2.1298901058670587
1.346296511862335
1.2544288765387683
2.7137729805465547
2.3872434161161564
1.7091753508435656
2.113743389396692
2.136536081035069
1.1430538339338703
2.682446199779438
1.445811931891971
2.4549920022737997
1.0408584416570352
2.972072882177945
2.1245268969340527
2.0417742817307274
1.8412161070950406
2.6351921762538764
1.8999671256092217
2.3196462524758195
2.9756778216212236
1.9128507519055535
2.730525561854789
2.850200035449359
1.4117426456736668
1.3509265614146857
2.3340476284909593
1.2808253352392187
2.1880113046844625
2.967499486945292
2.6110232665841364
2.756325475197407
2.282953287349247
2.7599428597311655
2.5796793022934787
1.7236990747173073
1.6478001074259194
2.5166040948275787
2.5430730611398635
2.1812215036938642
2.1934606274251234
1.5208081808275153
2.8159729177201185
1.846333455377017
2.818249619841254
2.0564886785599104
2.57732591933732
1.2542128691840753
2.4692050165793944
2.1023351351493043
1.3824808232430208
2.869766236535856
2.283994381207417
2.9304481832629516
2.6956300801205666
2.720465551275632
1.9844954519847593
2.242489316035728
1.3306898320931906
2.8198599370205226
2.060226780075336
2.7540993136116403
1.579474900181846
1.885890623753003
2.97310481297481
2.0229937319267837
1.1524090753074006
2.7987307505233114
2.175108440517449
2.2526068226058156
2.274945886525151
2.2180955148959707
1.971776612060285
1.517794824148494
1.3223398156793753
1.335905427102836
1.0859517849010591
2.0424872888878047
1.7825069148444486
2.7226103203611896
2.773259264623566
2.678809815159262
2.9103856606778526
2.8257409682906713
1.431484589016802
2.064032078990312
1.109278446632153
2.649529980363938
2.523219136661143
1.4547932174625176
1.652936101702693
1.4810633431072822
2.3964025018556683
2.5881548332169397
1.3029082376506251
1.479599769430613
1.8581213258380183
1.3569690072424538
1.6993230885659432
2.5490162222575936
1.1640968621147574
2.1693639763053625
2.996030718020114
2.6202754242312363
1.3975193494618714
2.9356471342037223
1.3808730954400406
1.1745598812895852
1.0222592474324474
2.8904286054366484
2.5296439529246544
2.0595576855272517
1.670369625479554
1.1895105855377899
1.2426723817794811
1.290694175589046
1.4797997492257127
2.2284468237318533
1.963391556545937
2.991608411581434
2.915396113280428
1.180171927997496
2.321542630960206
2.805880918119586
2.651841290978738
1.3021461620778085
1.1446043670400459
1.0225211653033084
2.8506633562021477
2.9173867004400496
2.700264137289418
2.9316255627163086
1.7066094566560748
1.6406115258940315
1.287317866264242
1.8343571709900957
2.7252219298767018
2.9825136185117707
2.785897220675096
1.2861202390085202
2.954677480512383
1.299081775564959
2.413198518162852
1.246024186465972
1.5458592808601475
1.5067502753762032
1.575381108164624
1.1439120296433958
2.9540500996676555
1.6049970016357058
1.0862468143098025
1.170952865497452
2.1624493372054494
2.6151604067782284
2.141213483399471
1.5762939001071867
1.1053048500233715
1.273789886075872
1.6045296561199125
2.2335457764855713
1.0380604887464213
1.4330524727111078
1.4940978061416785
1.0005391690359025
1.1586914489255582
2.5746590765582837
1.830256591353935
1.9377887753361465
1.648520703618954
2.8283888388432015
1.2995717127365856
1.669495049813517
1.8078080084839867
2.662351661560191
2.5059342108679177
1.5789541628493469
1.4365084730659052
1.4503444299945139
2.9232650779826796
2.0586422208939843
2.789866508929225
1.315603912616246
1.1600618490050512
1.0516620007255046
2.7568394844937596
2.5279754392058003
2.1752591513568573
2.3297547167354278
2.218819451207864
2.2752019542992516
1.5291373854687733
2.0271315371087995
2.700346184019152
1.208387284035106
2.364939339764107
2.2478255625295622
2.2431724083669646
1.020788031994902
1.5021829733221985
2.1425274940904737
1.3186324929023356
1.0830647293127234
1.9545069287519454
1.543350308763141
1.7499983283453686
1.1166265359855436
2.034381666836058
1.9260707198460485
1.0492936802432309
2.5418797588533435
1.5663235701518923
2.5813964508999088
1.2944803387458605
2.4068100875727048
2.6651655330686266
2.827855582474063
2.065318233781091
1.5961980846107608
2.738424066597683
1.6638308945543372
1.650820034060255
1.1238240078819615
1.6457794409420012
1.8977232177020593
2.077594358208053
1.2091244949487525
2.017991766999691
1.209178359798722
2.380434528410141
1.1815730800950741
2.484652936381812
2.879459367154608
1.1405114126874414
2.7699065515764696
2.3295423493404455
1.5733886413006586
1.1454669311058812
2.5743363635708847
2.160329505327849
2.429117547846611
1.0816620955693685
1.25030174033697
2.630145489052238
2.4019960389552732
1.3342789754213247
2.3294879199989054
2.83878125483479
1.012524944972907
2.6990473782732534
1.9570839446889998
2.390323927567306
1.67006107399274
2.895994388964591
2.2944460786612404
1.6843739411480467
2.6669431888859187
1.828046783052937
1.0943041848132866
1.7240927528076544
1.883671480702593
2.9628961751655583
2.8493383270256913
1.2012297405151837
2.1325511936214037
1.7792133014623437
2.8723393157353287
2.091502767175013
1.3210921249483722
2.6182869704327905
2.6886793500162076
1.636843942299992
1.8587504518274942
1.8798607522382833
2.0076478160927715
2.8286343913123173
2.8297305455022945
2.258789873774052
2.6205130914729375
2.804399298348181
2.8475754094667063
1.333722888356665
1.0389749434951363
2.1390313054040195
2.01302538207839
2.9881968374222945
2.3444760866295735
1.008011232192544
1.1289929402182652
2.764843500144285
1.9284876197601541
2.535316400245825
2.0491759568374137
1.7013640270325898
2.1723873355729104
2.6328278287507167
2.4825079081038197
1.8173686077263482
1.7194122155147684
1.3092568919657503
2.2813340992767657
1.1957596483126178
2.8639156946027855
1.2779186200846742
1.7529016930044854
1.5262746214895948
2.67657994545581
1.751328402507573
1.0652613676962845
1.8713837098944042
2.652760188975001
2.5923422499950686
2.5623870741621175
2.83296323302834
2.331308911932838
1.1899081214411151
1.4770031203563097
2.8378333038164474
1.4594206170376043
2.6098330873982833
1.1405991720050126
1.92690707032522
1.4919191949856858
1.7518349694399729
2.5833083244064774
2.6823112797017625
1.2642538141262831
2.4313636325865353
1.184260015643477
1.9970406972099173
1.4238409336845441
2.5309370884253197
1.943246829343338
2.742739124260914
1.4666199380034082
2.8268006079419994
2.910855382761521
2.2239218074258744
2.2596652758171882
2.684475485485776
2.0615227223560897
1.9973540089558575
1.1784989594049569
2.252727749701844
2.0722015093706543
2.8396115042382197
1.1592207904928842
1.262735463617161
1.4318451535153451
2.4996453443593936
2.3442992260148143
1.0334244054772586
1.4877002542247957
1.1360619681835655
2.5536575708479754
1.0601108707345226
2.115099416305057
1.4753316405076187
1.4313404285007565
1.9980354916007694
1.251992810359401
2.7722099675537537
1.5096591358580789
1.567658620909533
1.8730695131166706
2.715680502958755
1.0224452301689058
2.0615167376190207
2.01851716439875
2.273393976390472
1.2197421684761474
2.8175474827759537
2.320332089256311
1.1843511715567074
2.8566894359686943
2.6205361886355387
2.580724884161746
2.2201871982057515
2.052873964505884
1.923179005851926
1.4772451114267575
2.9826690095569783
1.0387215663404734
2.9515311332165393
2.4649522102295225
2.160499613756264
1.1760053135556043
2.7028324820692498
1.1082920030340297
1.5207363185881164
1.4943070294531624
2.559727362281027
2.3879517320618615
2.439757075371454
2.0366382348080316
2.5547524243803563
2.6265058885166535
1.4273606133064871
1.4629306293356368
2.673341388112112
1.9229601944853758
1.8061944722456924
1.2720289845620736
1.7064362239007933
2.566809755605278
1.89915580278987
1.9152847842301157
2.1249219682020444
1.3179993232806875
1.9207379863246201
1.5066514424817385
2.4387384230419555
2.3040550388767658
2.8164419767874365
1.3092430669521222
1.3060538885833635
1.2721152868448116
1.5951161906619258
1.0733616204655605
2.064144741361919
2.9921927548585954
2.8842383217623047
2.1644748358706405
2.398837898793561
1.9262985713711511
2.31743372745913
2.616860675718975
2.2869144338331315
2.862519864565293
1.7019799738897055
1.752933711919303
2.159215502393703
1.7842447456692232
2.412364762444235
1.172206044354348
1.7229148421844434
1.6423511645669424
1.621772071468106
1.2318238146186964
2.2525443098909896
1.306073017895364
2.9509884447129
2.172908570404047
2.551812488692387
1.7683054155257807
1.8088881378624517
2.6932172930164864
2.537450940295861
1.5837467825527531
1.169143638599529
1.9167125437455685
1.3368268326421233
1.4418608357711704
2.52443233877415
2.894657747517562
2.6208414942472382
1.813384834525431
1.6737907356160162
2.7899930346923307
1.321742391729761
2.1216565916159738
2.0832419833800326
1.0957273850516025
2.9604420543986603
2.383602527171778
1.951980104811312
1.7926862496640872
1.7220825459888762
1.7069574698739132
1.124466668687266
2.4111134865095636
1.517229257680748
1.3865762959851884
1.9898730718754347
1.2649028812975769
1.5434773431008333
2.433411443184764
1.2040924018226353
2.3676445480527675
2.916222449695611
1.709659260575758
1.3523348469256664
1.0466084027347393
1.0842988612297555
2.874594381656479
2.3810792382608135
1.6243782141695455
2.613397876728013
1.9952790807772265
1.764823935178331
1.7990458826241875
1.3588922484189327
1.3303050539937638
1.338013277673384
2.61165086461751
1.4672260102092047
2.9177161735394694
1.8597039707500669
1.7820179211657492
1.1149025936803674
2.209595797734899
1.998936651434088
1.2710562785736859
1.291996263194281
2.465994869107399
1.8774298896190185
1.3440442210138817
2.0850772136799685
1.2633893345767362
2.7060957487572916
2.504513874861432
1.1004704230903923
2.172545179720289
2.737412329276366
1.6428306694799002
2.9156560994281535
2.158017809373545
1.9814037569226048
1.8987078036016771
1.642174535435468
2.969603261373275
2.4856761894169623
1.1773542401478003
2.25110021568511
2.662791354173411
1.6284925595608086
2.7292840039921042
1.261237559766857
1.3495200491518606
2.5663155209866493
1.8298872397120918
1.5960183076284296
2.03991579249233
1.2158439446807694
2.012192363339671
1.6789327117265125
1.322300177778934
2.8664220309700905
2.7789112993557237
2.642605974621045
2.6899987143848536
2.7882144155171553
2.141076115325271
1.0111749909497751
2.777431471007187
1.723610543073397
1.5915163279476547
2.3873645485705417
2.40714554760443
2.2151217151212395
2.2016987006965447
2.308204874062646
1.1798661499866694
2.6821276932601386
1.4357969708820189
1.058863056574498
2.1250999754741393
1.352623187243433
2.211427588583546
1.2276222754063164
2.7508987810643193
2.265059491790975
2.465590019463203
2.4128147454586464
1.6181728140876224
1.4028407986193998
1.5476765310345517
1.8908128537913838
2.652598440943507
2.0756504411556214
1.6499713223383325
1.285132513439709
1.5664724167120432
1.2261841537752949
2.291762622233738
2.148723295636085
2.878898670050326
1.354368761444561
2.850726061387836
1.7094939234979987
2.1695857709832738
1.6173076827127775
1.9584060221218296
2.282054757280773
2.0653322850689415
2.791778674406503
1.895226850018309
2.835688442837679
2.8922045149565947
1.8491853586297562
2.906242230470448
2.2408568819529955
1.932121799109995
2.119579273480329
2.4389117435438132
2.1798704835722527
2.8732905499353847
2.7784898206851825
2.770205275941996
2.9836265460633644
2.8175614946879204
2.232950638278023
1.0285112763939366
2.9852230681723055
1.8703562996959064
2.5060182838952527
2.874662183487821
2.2712088609808943
1.5593860345273642
2.954689249163377
1.3160962795303077
2.2498708231907223
2.7452988509952623
1.0730801946249278
1.5595392305265534
1.1944787437714506
2.186658864849221
2.194548816193687
2.7419660757215683
2.095610227919857
1.7926664587777494
1.8531783612841413
1.521286338272966
2.8256080920977946
1.8808628723407357
1.122164305597377
1.8533802769403982
2.521985220529478
2.690601100232097
2.596972611381097
2.1007622091357976
1.8570068487357694
2.218380688756082
1.789616086170487
2.358279687011726
2.406719108866816
2.9548992927908575
1.6406391340361697
2.6152548587585454
2.4073280678712843
1.5420309154244527
2.0999972970028846
2.8904353393040596
1.0520821708957504
2.985996821375693
1.370155035048527
1.1890837832516454
2.3621934544822856
1.4220945163991485
1.46143889262438
2.2792080908659202
1.3234428386388786
2.735687128434833
2.738396374444817
2.2161553397343514
1.1947749332991346
2.3316060298154424
2.248176139162853
2.4817940212921537
1.4741950095069112
2.7786008064823413
2.280548441952314
2.633289762096873
2.654511216932703
2.5931519760912094
1.313371070438997
1.5469581685210947
1.52971735233854
2.4505768123195866
1.3618839269085206
2.817110297169811
1.0969708433599337
1.1792078730784625
2.981091581660184
2.62095734903496
1.2975423516058453
1.8656554198264765
1.5287757836090656
2.723460073059729
1.0683829557925264
1.9977756123317718
1.5262252610658094
1.100356330996255
2.9275064254556935
2.6460683759175128
2.9309446785820867
2.685151817085627
2.8322891149779057
2.425205600202653
2.025888200064014
1.2839737004728955
2.7101783351005198
2.768611034467386
1.1664981605556524
2.7691195787267677
1.6233246468586613
2.490555548023782
1.5480465570524893
2.042272459286276
1.8388487786114123
1.5938200805394178
1.109386289244629
2.9384947377947213
1.1032893739951863
2.0352486917589174
1.9316310551420364
2.8255586298545463
2.056886513374799
1.184688904146462
2.1777667192144454
2.550088765730104
1.082399063495902
1.9973930712662784
2.7193312683928355
2.168218433876138
2.0225079364401415
1.293516680552707
1.6640902772094932
2.827946917227166
1.1165247737591975
1.4847757755389426
1.8675825102814454
2.8677103342300185
2.3621006898596724
1.2260265668349275
2.359445708190322
1.9385739394122983
2.0848796300870207
2.7298910617617302
2.0132877106092666
1.1067265940163045
2.777323740353943
1.8530053991746374
1.0316930632157226
1.867640332356837
1.6672753663184348
2.0001775398869572
1.1278252099276793
2.585964006270993
2.491258696090779
2.90992622971129
1.5363056709971938
1.2257050701262926
2.3621889376158913
2.7338248931870046
1.3338104370950155
1.914786409676657
1.7795222846477614
2.5702815705627264
2.8355608509555843
2.987191087788002
1.6025783608832567
1.1758313251839412
2.280646016389497
2.812659032045202
1.4977160661225408
2.798787119084251
2.1606819500750296
1.3544538233153993
1.704162128857099
2.6216808275597145
2.3738305166650013
2.0668423664440887
1.4467304514107426
1.9898334155192847
1.8447092883472354
1.9401469242698757
1.5657653001958376
1.8977118014280439
2.000868649555333
1.0192740251541685
1.1235428633958093
2.295737265853692
2.895950041905435
2.8285707431799043
2.8175670541184044
2.9295084985355313
2.3456657155540794
1.5315553122790484
1.314872644517966
1.8284818121428148
1.6555466945285575
2.801091635691669
1.5873454327142895
1.7349181364073225
1.9128818100155065
2.255709867686136
2.1303868587439134
2.266830586548598
2.473595192539188
1.1307249777517223
1.1326128794907462
1.81922947927038
2.9767577501344484
1.682708120926438
1.7829761039490537
2.6057286933881296
1.288229623696709
2.926333457075309
2.6364855167715495
1.7891649439555626
1.7910130884916156
1.6546267994763635
1.6098046046459682
2.378227980183601
2.525067230286731
2.6838619746893047
2.140081162968073
1.3784562391706647
1.110807029276883
1.4382556009806753
2.389325858168204
1.5921087938494232
2.7862161294897234
2.3600004448027962
1.1816628080960214
1.0101935274076685
1.9325836695129806
2.9225566494310007
1.7185967171269902
1.9790418963052634
2.5681625421453314
2.548741971099589
2.8898583844012142
1.2439480512259242
2.8180946090761836
2.217604148541039
2.9157692077488573
2.144955650771772
1.3846920668821885
1.2629542069813833
1.7185740797533255
2.6832690896071054
2.5342560873961926
2.8998966859792352
2.743948007063449
1.277616522971157
1.6641195937100643
1.3918437116613058
1.9337933249690942
1.3100960068974195
1.3410449578708987
2.041033247356467
2.3426583905334746
1.8318443770826807
2.3160250400336406
1.1790708066004292
2.0691369074397983
1.3818989630041132
2.00729136041344
1.1618623545317723
2.2001746656544126
1.3073683971629206
1.830931076123094
1.6942869597319996
2.464389648195855
2.372664388410887
2.006966954473638
1.795029273336286
2.126379906660665
1.8288384005344602
2.6262533689616614
1.9457619983617915
2.72318330002104
1.0834416077609774
2.0272447499035
2.771764943854776
1.8359201686221205
1.1758440615842412
1.0660446344900931
2.282978631294728
1.1676896982935445
2.05498712336179
1.918892699090934
2.116098777881901
1.3950358534476959
1.2232756241147056
1.7631552322860944
1.1902859920431554
2.5405654412758407
1.7712344043172974
2.19144468634484
2.5212461187820807
2.2007910588896467
2.7949820783511674
2.4196221882369233
2.6524473969098716
2.1557040124832323
1.7232296777598501
2.4291247125503297
2.1200867366423095
1.6111206317509874
1.6381140983375921
2.6236546402024565
2.8948130816519684
2.1529846145315337
1.6120946814281396
1.2038202830559688
2.8934210291199856
2.6894602098161613
2.085701853778425
1.9778164686736301
1.9268525235441287
2.2222061739007044
2.907696324311667
2.921850425010319
1.0534300528857834
2.872770309892811
2.325611245573337
1.7442583653927086
1.966638860752084
2.0556177848064285
1.7889681528517034
1.4646547525157425
2.1661807953107983
2.7677410664399917
2.389153785205096
1.94329849106631
1.6567387007806116
1.5952970592532032
2.5079935786088656
1.337509144856745
2.8524933351616766
2.1964223049195937
1.6134012569085792
1.9010029941526514
2.298622172456491
1.8731116646554447
1.1106094749214923
1.6783365876527323
1.3528038829209383
1.377056759896837
1.8181936317129381
1.723849054944531
1.4013458804719843
1.1054483284199585
1.5479315432893517
1.6962035031764133
1.9839606623642574
2.857489411473547
1.105283966059216
2.334185603704676
1.5992648618627654
2.3463158886109294
1.025857759473749
1.85779748394385
1.2403659742515418
1.048449001839552
2.3285870963190503
1.072743395813921
1.9461597747034132
1.6249406975775251
2.8899283380667544
1.2666673196666005
2.6939894568844642
1.164876873612264
2.9658771241180744
1.9870592547347081
1.5543304650152139
1.4481457981718548
1.415166839696214
1.921006342134493
2.4214813840952916
1.9831025821346409
1.9648548916258475
1.6215024370982625
2.283931239489232
1.2174883440014146
1.794214359606468
1.731656443279871
1.1560881230549114
1.5049165672276623
1.261603218730042
1.5976760521660989
1.132680244411617
1.253838617267843
2.8577707706879485
1.9566859273123585
2.5519493333009446
2.31932888105411
1.6968013574005767
1.067515977488008
2.91855206107345
1.4070701237615895
2.5940210224973126
1.6221220803549599
2.148944997076725
1.3527690905462524
1.2024459745033202
1.763731948765952
2.17329901041482
1.693618884022511
1.5026507105471596
1.9324426018349703
1.876555341957712
2.6235378824178905
2.7702631659731067
2.296909976440931
2.3902173481524294
1.4888492308308512
1.6061740396541353
2.3339441815320687
2.7353603999198475
1.160412521883111
1.689944062414389
2.4082302475116366
1.935604244604446
1.6046326326524178
1.892540735144594
1.1685822686318497
2.540726278184289
2.5425414339878705
2.1785064332497552
1.6311713888522408
2.6390368846909142
2.852577226835643
2.3271690475589044
1.6977391395303685
1.1516813745713268
1.812625954958598
2.6015747845425046
2.6139735001312188
1.1322247851167369
1.0062895469080788
1.2074835928639216
1.0541119019293221
2.2370132654667954
1.9729361869818878
2.2478425481031015
2.6266262061846493
2.650771842858043
2.308806771949435
1.742346537051148
1.4754175258720577
1.3230095671863975
1.5149657397775786
1.4099168904506114
2.899278988260804
2.8159174113204912
2.2799684876740485
2.1222825656437942
2.0085298794166206
2.6654579067714086
2.790564445035125
1.6545481123060282
1.5430292478020096
2.8910419408402124
2.192346320816993
2.9224450516196674
1.0798484749457635
1.1595881709717526
2.5926877249832856
1.5212405150347141
1.8274547251597189
1.4147128932954445
1.6378738111455802
1.2544237105973202
1.0089250137921733
2.4158673807902478
1.144104769443015
2.406546586380108
2.415542384483195
1.1642199912034419
2.772147131890982
2.108427005515967
1.176472546343855
2.075884154802133
1.968973414878878
2.63717728905569
1.943887438986325
1.3396613271299058
2.9051961477496944
1.8613621747673055
1.7259040215373769
2.2478686176982334
1.2488043483268976
1.1026764889135248
2.902429788901017
1.6142144827285105
2.4285693016728165
1.876496437740256
2.2905168270437635
1.6140994381915927
2.6917578337023143
2.5501382411328217
1.7126711321738297
2.7267674540743565
1.1722798898187783
1.2327330959172955
2.5303678596595143
1.8069817698798745
2.435166926950672
1.6057413514378875
2.7408490552090727
1.146300935858506
1.7740037123927501
2.7946103211134803
2.4127826753773918
1.6871271069182099
2.161831890327271
2.604804241447021
2.38532935297561
1.2291270204390115
2.3688666218979915
1.5872368742565888
2.365917969226243
1.8843427842870741
2.74911180739133
2.916886413417364
2.5822746440125974
1.4401121027785955
2.7555097115538185
1.1452965699102031
2.9850914099958237
1.4205946287034694
1.7290828726846514
2.5965172010810202
2.0644393847852114
2.601841848975802
2.6511171645472054
2.6308831661261536
2.334164512199709
1.6058056223265023
2.227441914558516
2.5156688736015225
2.373387743015905
1.0876219048112514
2.293238458111292
1.1476786850897838
2.3203830885531254
1.8910297249224595
1.642077339515052
1.9222766010302907
2.834292133882907
1.2891704940093884
1.4690175332497393
1.7890077666419975
1.1468310665845
1.713619857210109
2.077403594182178
1.449935396756369
1.6390760098531545
1.3278797402783418
2.7635629097025634
2.405760727584992
1.0271038643562618
2.3426903326818334
1.7636572832952224
1.315047257063822
2.4145958304617468
2.006929811190189
1.6842009850181283
1.509562362214484
1.975066668675462
1.5871696471991963
2.3510587721039933
1.5357202856315726
1.7143417213975196
2.8816056475308773
1.552351699282953
1.369285230996415
1.8723164537937922
2.1162283567045543
1.1019340098816135
1.2387175973942557
2.996459094511274
2.6285768158172336
1.3651220472187569
2.024533643972646
2.7504502801619672
1.7489025514839844
2.4830716766020227
1.737052018916944
1.4179305954298087
1.868663942076869
2.094119937696634
2.844444615274176
2.492006740885108
1.9933137166912553
2.7255676865417966
2.411419734633352
1.1195632568933254
1.8420970874720395
2.6982412336325723
2.2893428655438903
1.417134741744831
1.8967083607815638
2.5061145269541862
1.0463767222586329
1.0409040181460882
2.3928982404697017
1.5395404724783677
1.0615885893278734
2.6689688445037865
1.5465423419386275
1.2930948688867374
2.786475688170339
1.6050584232666376
1.306286540616104
1.7258103925161143
1.182573847668595
1.787503601268847
2.602924687990335
2.762998536266744
1.4844846656942547
2.5525536180560167
1.3437211669525118
2.7829617720673054
1.0302294609199303
1.2653673198726847
2.8671874377057582
1.9376301502651794
1.544061112931276
1.8918711957903482
2.276689287989125
1.9808073643501107
1.8051459429579668
1.8721362423455463
2.5004586015339223
2.4668240641113393
1.9000361320129249
1.1579640563015796
2.0993683104472067
1.6405793266947235
2.7326960806849887
2.2267627745348824
1.9109447167848104
1.1271387076667128
1.1313272333357516
2.6807308589288477
1.0826685894129024
1.4701783223256994
1.8561920855929932
2.7393200422430986
2.3386511442022733
2.1039273213086753
1.6876835880178844
2.2635856657515334
1.7706473046218643
2.8395347013766514
2.9982267918745995
2.4094653197296196
2.816807403414667
2.7970088319147393
1.2079851211449273
2.8885070966829045
2.745684525071237
1.0244687420044503
2.443914892767192
2.2194263441099644
1.4681739702685794
1.9869391578992657
2.407335340662574
2.7670521690970413
1.842805043642119
1.0694479280348794
1.3844195035288154
2.7928217927491055
2.442473683331758
2.342165654187035
1.5636480497762137
2.928287565617305
1.3110119074111162
2.9439297507525772
1.0194784655983113
2.0077613519074937
2.6796983549125497
1.2708787098265852
1.9624280820773294
1.5606213701704688
1.1556794024738082
1.57375594816319
1.9198968364761029
2.9635942314956134
2.203599880009018
1.1548014971727305
1.488638343278902
1.1273486799131125
2.4834837355938637
1.5609080474081578
1.9745823366104858
2.1177327608524426
1.572784952334321
1.2102248305042318
1.32119075634907
1.3926698438793457
1.40319715456973
1.812744574186023
2.0014665404947416
1.4295967308141622
2.3426522907789815
1.0611054807044278
1.970843087409567
1.8078706321937776
1.13203860173645
2.939009194637072
2.897766800403462
1.0516868640457697
1.0732766067640842
1.097443540482054
2.6510406693037805
1.7270709397450483
1.3903770530995998
1.4540564012868107
2.8334388290562615
1.6173036397696081
2.7747040922495074
2.121184436317736
1.8778577716741873
2.4859122607042776
2.35763238242068
2.795126672080258
2.817068836350276
2.4057272771603238
1.9517047653834465
2.955221170586847
1.3934371081663572
2.2396864481942105
2.320394051607453
1.3371521983469075
1.9047580772132742
1.7503416525607038
2.7882201200992967
2.9581377542066596
2.225500238423819
2.0440067789651475
2.3368694808395865
2.1538242649035224
2.465187084634212
2.2157752010111675
1.5280944010000648
2.488845653394572
1.5494479937146162
2.915997622663256
2.5460943425523324
1.9992385288586807
1.0783477399503634
2.989144574625972
2.3226870403360245
1.0241385112842314
1.3003371704132256
1.287218514816997
1.4040310615099807
1.9153892357331
2.707311639704218
2.3550074371607597
2.0045992571180404
2.6383495498604113
1.952590859899413
1.972682057213099
2.209906783367494
2.104332311369319
1.6420431446935075
2.1460089330241554
2.0703964694498658
2.7238893491833434
2.793008151230042
2.3836415748035393
2.160392528529406
2.858075600052964
1.2929149196968348
2.5685340088229887
2.433784491878356
1.3545644587519488
1.6151296467246146
1.8788535140080302
2.3369260991917753
2.3545530601592475
2.021856330673319
2.6492808476323946
2.5323138740772864
2.9127856825988854
2.68327590670686
2.659852153669466
1.7070640043146965
2.8574897863768802
1.3332429014003313
2.7729321412914336
1.4851399967156325
1.1271546601954798
1.996097449409549
1.1408007947785292
2.967061753012143
1.2421614113013166
1.6779670295450246
2.2759221335698108
1.9478671117950828
1.1174951100485693
1.001139651866119
2.278523030006851
2.377205505515155
1.8725635329420751
2.5401904178811336
2.1988478688016846
1.2407427937710076
2.000592885973277
2.834210928218633
1.1212609619213754
1.782791278647313
2.953937903668299
2.1712435877830423
2.911608089823467
1.2664092956239235
1.489004543791568
1.5220838445603426
2.6364845949371087
1.0120935533045672
2.451326907391317
2.975336107413268
2.6521365740895693
2.819123900435189
2.070876022007604
1.6870724464062836
1.4657505136259548
1.7305961279396869
2.9503596042154587
2.410717601283863
2.1236074014370945
1.340519107118176
2.0029028107338918
2.892679665342764
1.7965857046382612
2.3625555743737
1.2497926517744897
2.6711099875725375
1.1881359467168846
1.9834710942160507
1.5011336829465003
1.141807307992889
1.8230825566374824
1.4409838402042183
2.7324489665425586
2.364145582102454
2.543368120215517
2.2423988537518174
2.4808033642879836
2.1407810638905964
2.074080477197241
1.3006424488137531
2.5056040858902686
2.166557154440139
2.578196173205243
2.1280864959567496
2.6259730652643167
2.1175112605761686
1.548082952934779
2.4287042827737055
1.4274790582894237
1.5056938090906862
1.800813283454713
2.8724450286323875
1.436555592565844
1.8752910165759065
2.801856864811273
1.1092697086521779
2.5607799453370967
2.1007077976733886
1.500225108251494
2.4652053956207953
2.07369641716
2.955284262922204
2.0102768836850125
1.5953270527627157
2.9852796446392507
1.9652709695584278
2.512375920708415
1.2769056517261812
2.9713757025688325
2.3200326087307133
1.5714348374852034
2.9038923368259932
2.8800923067165756
2.46951823414188
1.2605371567639698
1.4003856514155968
2.7941998354396413
2.8521581109809198
1.7380356886053814
2.300565299657338
2.9981281644914737
1.5896038584004046
1.7966948752304728
2.6110513537340827
2.5673511321535334
2.660369186726316
2.2558317322880024
2.6052717264647303
1.0375247476583211
1.4420196076749285
1.5344447629508993
2.094247171419884
2.2961914194631254
1.2787766659177688
1.2436607046977968
1.332082172641894
1.250967125073125
1.3912583963667071
2.0166038494035994
1.2974683946895045
1.2285570918589788
1.078929277594019
1.1494929479448808
1.1547893128419808
2.7310623116930888
2.3909631596698957
1.8087707593878553
1.4838267870986208
1.344643253486005
1.5204032544954023
2.602409963377793
1.7193547355913825
2.1435168334005468
2.5043680802809805
1.5607587355221682
1.2680422364305435
2.3845125470725366
2.8729654682136374
1.769877110226345
2.8579779183649388
1.416099862901217
2.0052737209793903
2.1180216004406365
1.8741411173852824
2.0378893864833563
2.9998066595312203
1.2332824029496277
2.6862803159232573
2.068387562961178
1.7891026605562708
1.1708976617513869
1.73907488322194
1.5810267968391112
2.05984389897778
1.6451991695451584
1.5481625317989156
2.7949224522106038
2.612617730843074
2.050077522689571
1.4413479495957973
1.5531441285905334
2.5834493944106303
1.9697466671345465
2.112279859330729
1.0288084231300691
2.349866051757651
2.8647342144025
2.20388894855801
1.9787823871724517
2.822960686428355
2.568656342828472
1.0131189338230144
1.8452523895855477
1.8658784115313654
1.5019425619311397
2.1077024583727826
1.4904501777725463
1.3869263352541812
2.7122611505307077
2.6583554410216363
2.585852801368886
1.000628671416306
2.181097736260024
2.083523064788051
2.861430339016368
2.357618650432448
2.7473843754188794
1.5895192984933746
2.326120048053567
2.49099179606506
2.126632791626161
2.567965278856844
1.5331156269682238
2.453186052741094
2.4208541426661947
1.9012542303758788
2.1089817368144534
2.626214503240906
2.2729103935451853
1.4389724622773141
2.9690137495709044
2.038749065922977
2.9343375819460134
1.8921468256558056
1.4080271893767125
2.626795092953603
1.4715214868756874
1.0080639173414956
1.4330333322957203
2.2878836500465694
1.1624052051513787
1.0136197740639052
1.1294721896027597
2.76358729657088
2.1070688449273085
1.7791906634733539
1.6820950082272637
1.2587725819027136
1.3894241211685532
2.4338735333587467
2.001608000939598
1.9865672033069541
2.91118064018443
2.20175724845334
1.59273315976052
2.027792250218866
2.994975138426575
2.5102696314559476
1.8353205942100346
1.0499360481587212
1.9928036313460353
1.2755686468081842
1.5803494884094489
1.1749738514729382
1.2552986313804189
1.2780855510808047
1.5542520114248881
1.598431546254537
2.9197771139703215
2.256591185632355
2.5746524340969175
2.6674392643281215
1.9125324528976584
2.473665464874294
2.3707812789408647
2.2043647623804308
1.2024021308916397
1.541624077876786
2.175918342231841
1.020346596398487
1.1213405519234674
1.7821414518208998
2.828003479478508
2.826627736526845
2.4246051051377333
2.558131082782893
1.5738453099870302
2.503927898665749
2.7805657516328957
1.6735119641620422
1.7407740164678203
2.452663026152129
1.9068501172463552
2.0549067193930104
1.672083360845195
2.310860946506141
1.4391144150020883
1.9295968600595128
1.9791402162941245
2.9836313912638883
2.272297387832226
1.6199847643808438
2.3338255574707487
2.6418774604343627
1.389601177455182
1.452952315379196
1.7019136697250548
1.7611690590734066
2.7688471963106718
2.342170639000375
1.9141351251300112
2.4584115303752023
2.751710062457903
2.80848944485352
2.565847649160857
1.357751958441838
1.2165128827284992
2.3447873718662846
2.222182429441925
1.0575442174314018
1.664297664945988
2.778944248145298
2.221220248007075
1.767072636940233
1.813807858039925
2.716399812030817
2.048387506122223
2.88410685242516
2.1048028391343987
1.5735684654896545
2.0862464452822174
1.7720986666958753
1.7795186185755503
2.550759248943819
2.2665425828379577
2.9757562967044073
1.808098104979011
1.1151119820752013
2.805465626930591
2.8878713586130815
1.07547677110547
2.212121457728778
1.5631315215086963
2.495611528591092
1.2876710266216083
1.0590143974220119
1.6862551385847182
2.6890542886015796
1.3620626592231024
1.3472397976510146
2.2733361542512203
2.600652749920438
1.453789607559513
1.6724358240672674
2.6149262783397607
1.3534896922135753
1.2317975540407735
1.4584248591551974
2.0982075661824426
2.254823278932588
1.9226533861022272
1.564999688584462
2.6504181226547425
2.5901592191716216
1.2949012562838949
2.245861367886474
1.9226256006781328
2.220158511756866
2.5518799789927282
1.8003451660184882
2.500462245109673
1.9225397209982231
2.2713101162001115
1.675380769376408
2.549809449922884
1.6885914661047585
2.863488068216194
2.0708988976010314
2.8721656710167176
2.8078392939878425
2.2493487480027
1.8507942372802033
2.2790685072525965
2.373997751128794
2.539125425640761
1.992785805755968
1.3984220381629848
1.1782842971625038
2.4811616642776597
1.4403697421542199
2.392083501766134
1.594964419852062
1.6839294377276526
2.45622585286194
1.8683647599511084
2.6612971651052284
2.930675058652975
1.446588230907966
1.1098348216645613
2.373526548589034
1.7151035824483405
2.8173091070607117
1.4893422004470045
2.179616467733704
2.072753253620461
1.589157754500407
2.6157385374293236
2.7242906395495776
1.12920650472373
1.24216394841643
1.1714587418737592
1.504563897773702
2.658703825250934
1.7293770484876654
2.8210695134891774
1.9703910232758928
2.5032952793151493
1.8152551926391063
1.065005751486751
1.1672290698016259
2.7011825883911538
2.123593839204795
2.9708105360652532
1.8223041366710004
1.5403339116841634
1.0465220739397079
1.5779053787737214
1.1606599388212837
1.2608372163807822
2.714949223844158
2.245411097449806
1.8391460800382777
1.024615779059871
1.9143491129317902
2.683560574024254
2.7824680729665827
2.417608519555918
1.4838111077736729
1.2480878384195466
2.5585825380149
1.2002963781537528
2.657907953945843
2.8351517784779277
2.0769342942840536
2.9698645471964316
1.3718677294905963
2.8986462797193617
1.6151133760477814
1.895742082849791
2.5605056196874054
2.980652842022214
1.8534339079721287
1.0558239535205383
1.436691114690425
1.5952288218673318
2.535099355140512
2.3905265319333315
2.394359379540248
2.8294045532062206
1.7677693055906882
1.6602685722850272
2.1248833708242607
2.5707669595908937
2.6587637164923485
1.6529558187306272
2.754155787190308
1.722560645135594
1.920742528947502
1.5546462838024266
2.0816472364630716
2.234887922157422
1.1639140359720546
1.6061194685285811
1.5214499338193752
1.1571685785839956
1.0758862276039647
2.072657082408352
1.3939325831891194
1.4278102883684713
1.227085480701618
2.0957242333598023
2.661617320793305
2.00179175804769
2.609708255423392
2.3713078704845545
1.2945064714734278
1.0010852979402405
1.1943037611162928
1.1366065548929507
2.578266100877062
2.0230599134354006
2.9776336045532847
2.2295910532444774
2.019113639296693
2.613822780217033
2.488320287731387
1.8550214897564623
1.3128839576743696
2.821620954831907
1.5544206267786678
1.6363215906062663
2.2908676669982873
1.8629071488569295
1.484831357625438
2.37320797737721
1.0298472564559413
1.7031881394215924
1.6899068622875515
2.978801064159703
1.1804464988538412
1.2517983473957366
2.238175579009484
1.9642442414170835
1.920322748143764
2.8240908452186675
2.741457499255657
1.751839038768455
2.2423481301921044
1.3167033513435646
1.5345561463459398
1.7822465223175574
1.0056775562078275
2.4981423676411527
1.8377215437352186
1.7965048150532197
2.735168172784631
1.3019162203450898
1.3031038477793306
2.787331956854076
1.1250823515478021
2.4666931282432962
1.590846813057332
2.4633472861495425
2.9827705657012027
2.676600276577161
2.5641739056565926
1.196108577885369
1.675997112774685
2.889033951817701
1.6959765996265617
2.0922454463149736
1.6912940600198143
1.8891147402671968
2.88684382737209
2.7241324508154845
2.8610774978215083
2.6884084529672183
2.281008062393389
1.0089769652798246
1.4711938837203522
1.0995857931239292
2.938858144663786
1.647748064378886
2.61481740099274
1.6503802125637967
1.837374625318088
2.4276330142015636
1.8386008863823868
2.142125384296202
1.0652268307923123
2.5990739492988597
1.8862991988296685
1.9550075991133897
2.4456405354388098
2.180961265315158
1.9506299823805602
1.5525699586488324
1.7133478223805663
2.100104935536546
2.9366882288667364
1.9974024310615006
2.454876980259296
1.5669272988613006
1.86536292494766
2.0196935320204954
2.007319174231755
2.2131211046165262
2.0355123013209084
1.316079895416641
1.5433353880485448
1.5742925230752296
1.814071048115533
2.5402753824553566
2.1215133359978062
1.8628163172988075
1.2948037945810855
2.3317710968215652
1.5551529830336153
2.365181749990709
2.807871998245706
2.9941324796318236
2.6241871738945344
1.5351056898411495
2.280059188845767
1.4972186038600315
1.0938305063125575
1.9429096094033684
1.3776223373404026
1.568024929182091
1.4988516344403615
2.44229442695433
1.3955495787084358
2.067062592157697
2.5801349728691996
2.864575474686227
2.018999813162446
1.6806430601558244
2.6719228988030883
1.5686231604076204
1.6629368357816723
1.4460788818975134
2.1674107209983924
2.8887083890039342
2.578635882392672
2.4816150338914413
1.0916817025967132
1.0882736368114732
2.72413936812804
1.012302852473869
2.149841232887087
1.9157033942991784
2.825865055839166
2.601959556352547
1.4462188488310441
1.7699424534189832
2.67694778738481
2.634686711752133
1.898591782041903
2.118457508858188
2.411228290005111
1.2787262546486968
2.2146557906958564
2.4988786457170726
2.3540050008119886
2.091428341920642
2.4385389443414205
2.2507024528418773
2.0627181905220886
2.037913655837684
1.5816560568022935
1.7483334687451324
1.5359913896195072
2.863293951817549
2.4934600133934053
1.8044382364787142
2.636060539543257
2.2553528434029504
2.3115758155244404
1.772296380405062
1.4404838548292995
2.6988406367625597
1.0981956019685133
1.3244039702590344
1.6127184091403852
2.1832085609048724
1.4545061116056257
1.94522742725513
1.3985295831503224
2.940508795334255
2.203916722152268
2.4086597751159387
1.8136318334917505
1.1307299225879954
2.1535403445100023
1.2351450722334567
2.656278868318906
1.2949115785914578
2.5466719883518407
1.8210327890741334
1.0871726048245205
1.1710971302412172
2.298944962944958
1.806757375883379
1.0512761405933733
2.409333527942665
1.1235059297724772
2.3783543075090323
1.3335067492627448
2.222945429788722
2.811464434008646
2.894989073027851
2.653834154131112
2.4136794351949833
1.0485527033203297
1.0299189831090525
2.092310605534788
1.3679468752069968
1.76670936707012
1.358748144415459
1.8142491317737355
2.1095721343576166
2.0700920410433574
2.758731556366885
2.9369748099566495
2.7497636919735005
1.1584153589412178
1.5809266431345468
1.9388119511963118
2.8361489589694138
2.6228643351875176
1.367389793123872
1.2710174773122904
1.5638139660937762
1.9322414037318982
2.087279558469379
1.0803730245595964
2.8415103719763843
2.3267214410394104
2.722139321504239
2.1087885591793016
1.749118268390714
1.3850720932560139
1.1781872255287347
2.248534558385177
2.0174945429828095
1.5378496348019541
2.995132149925234
1.5473625299950517
1.0362530401122032
2.3775599310551963
2.6625908945925696
2.025891025834483
2.0313738653129954
1.0907248333023514
1.9834643186468834
1.648618844518205
1.8482700262651384
1.1249045757128984
1.59983461505154
2.7219914139631114
1.2282938107616506
1.1915016677130452
1.6233166590101589
1.9948042505630654
1.124332554252977
1.78519517548065
2.6185807326858432
1.515137579125577
1.303013531527342
1.9422621107379974
2.0973494337587955
2.4366589124825495
1.5767881443796918
2.494024988249934
1.1222348960715114
1.9532724730947535
2.820944107344121
2.6152231451583665
2.805922094514818
2.6680911697295198
2.746654783519487
2.254153652210583
2.646597525954194
2.7599613079747773
2.268674272232972
1.0973842188164815
1.8055616344749494
2.5340284584633372
1.6420287244985305
2.014400402062572
1.5710326072364704
1.1649996305746255
1.5291530816078462
1.1556299885946524
2.6058792556764745
2.8571119103661498
1.7224080899007206
1.2266788504890185
1.5036910370131422
1.7804987053703225
2.471222012599652
1.9495654703613539
2.771097691137369
2.003056764397625
2.7765924348043036
1.5639605546796416
1.6598930870436412
2.935843340257499
1.1884827600804104
2.8130534996939076
2.60766850840177
2.7702325135997423
1.665842997443688
1.2384589748021686
2.9129489669882513
1.9583497614207448
2.909554759097472
1.7786765727696818
1.156206073361091
2.2063251479871635
1.4001514672872735
2.9487655357610496
2.7112146508764963
2.7955356944588825
2.831780254852492
1.0323602787317832
1.4256145740224255
1.9673544820089794
1.519806197793421
2.345021784885973
2.6879028494739376
2.446285995367623
1.1473021161791068
1.75844270013073
1.5724954545339989
2.439028695665757
2.5287291229404194
2.960412176227205
2.930087809204128
1.0444352225643623
2.284126631190233
1.6064940337203626
2.3219735931817453
2.6859135498471556
1.1686548954843143
1.2005366309766887
1.7378927113958396
2.9509960583623585
1.8672607865077102
2.599664149732026
1.855754729749786
1.0276206121199671
1.6027549700172001
1.2022960721668128
1.7475106798776594
2.688172504589284
2.1318645400967737
1.6686791506721403
1.6739766360539092
1.3780806485108914
2.660985852286921
2.8576971898568653
1.1287722372908267
2.411172263999889
1.9534004269372032
2.966547342130167
1.6034908921932243
1.0270237911101612
1.9673354311705873
2.1255269525848135
2.8022539219300997
1.613029009726029
2.0560102107183083
2.233332131778015
1.8392641963367287
1.391846497432171
2.011192162459508
2.8900123719700703
1.1593916742047528
1.3114593880712524
1.1422132960651796
1.412232198344596
1.8633526703862104
1.9972427403327384
2.3901952519279073
1.9517025590043369
2.505754072952449
2.8585577305905927
1.0646355849002542
1.793785433821737
1.666455569304138
2.040028347756188
1.6219135713252895
2.584175971773779
2.1743674614048407
1.1771238452089687
2.6155959840709633
1.5271118960243033
1.337340505484267
1.0951932698877085
1.7925571466668404
2.7730095813779103
1.5985915449851695
1.136524395169267
1.2555456106267295
2.013559990674338
2.7854177892610705
2.6000400075472387
1.9339894377963145
2.604394070278465
1.383409231613828
1.5091914094651213
1.1080289626257316
1.5913964095730098
2.5122727674531613
1.3100794373925035
1.4308424987831483
2.107872831869888
2.4814428945203377
1.128936659891365
1.7213672400509974
1.907843186614187
1.6279352023084637
1.71894490310972
2.6808525995508403
1.9464972571466448
2.031277289204038
1.2908158950695348
2.150201760284016
2.09003187956028
1.7155203314236709
1.176273746211256
1.6245549572291293
1.9422718389606664
1.1862770838906813
1.6116898613374109
1.7218877297423762
1.8877877206018185
1.5830386780480616
2.2777580400608626
2.704739960443289
2.423964010359427
1.4672078105029458
1.4372666644285854
1.212860212565285
1.6068615661077024
1.4577077560075058
1.033546248754212
1.7336465875263058
2.864580001219102
1.0143769455865193
2.051158370866907
2.96021992870541
1.5037880128572885
2.227951756296205
1.4031173446097305
1.7799068863531509
2.0555087000302805
2.649011959409438
1.7269692905381573
2.687172641707558
2.9931909253695954
2.0386138469146937
2.816723266183134
1.4096432488349286
2.8460778606189066
2.600294598014374
2.0680281988408487
1.1099186453977914
2.6742315192814843
2.2402224628128495
2.0199953475698074
2.8428762018078952
1.400826040499534
1.9307347072353684
1.3035300576404598
1.872470405537353
1.2982309498040618
2.11131923967823
2.1935512169149676
1.186026627762055
1.9830050946707545
1.7581236394746462
1.5746866347721848
2.8816046365838686
2.03687157646365
2.8800471185576093
1.2884372800633603
1.6107959180836566
2.02462789902481
2.90934931515643
2.157934708644542
2.445295994841209
2.5701891314857814
2.3322427240924615
1.0038004088070984
1.1438745570925193
1.190733644117454
1.7610450367713844
1.4616107847126432
2.8317328404792073
1.4449407160969974
2.9294129177161436
1.5372409150401158
1.132416415615535
1.1999639286436175
1.429511268600823
1.522278733601034
1.1714568729277774
1.4628490479470784
2.223653142839595
2.4773141694802043
2.1938712277981276
2.0992299256677827
1.2831370444798609
1.710633148708246
1.1349233170828705
2.184689699097216
2.2609377874007013
1.6281243302375326
2.5870883524952433
1.4958243268047358
2.986572076954184
2.4086689755446598
2.474806578424603
1.265679144095271
1.682957095206779
2.2991862059353894
1.0555139060141285
1.7215065945128842
2.9681583229966075
1.1828465490718771
2.504676051143882
1.3349752736912845
1.8381967817954534
1.058992576706358
1.2197455184158368
1.6952809296164446
1.7738835911316249
1.55246566505852
1.6403059949882106
2.115596829493655
1.0063130383212417
2.559650302525756
2.295987809984922
2.2456116433388242
2.40187954218389
1.5657751987785062
1.38246901676462
2.4376600980474845
2.378185185751841
2.1217795793958514
1.7301468433319849
1.1814033156426067
2.596177221740308
2.671156779861074
2.9262960705182524
2.648480364601796
2.022259955091978
1.2276773811500135
2.9904096324287175
2.920794649402091
1.746578017847379
2.9114665814002274
1.881223372185273
1.6220407917370203
1.299586033283408
1.0474505446368811
2.2404132962636307
1.3179025856481903
1.0180537912023504
1.0439354920791084
1.7062416420830104
1.8417064391025597
1.9079108270620582
1.9976808054579551
2.972931032479967
2.6967932042971112
1.722458731646971
2.6167508645422313
2.506908047589203
1.0656355988247075
1.9504085652681398
1.7565950609606922
1.4565863769639735
1.6771452070751791
1.5251714685140392
1.0822551566423477
1.642314109490766
2.244435446752383
2.625935825526196
2.2125956399064215
1.9085169265875965
1.3379351651050326
2.6470106849631625
1.6361610432286358
1.87935426675904
2.247363910470353
2.3527092683439794
2.375504507042418
2.4064348020503434
2.549700002887536
1.688066641180824
2.3447872446971845
1.3646988474178894
2.934580614636106
1.6293345906175325
2.6090439930995464
1.6093022507693253
1.1308497108771252
1.035912752016455
1.777384890170911
2.027517176493639
1.0409294941473575
1.5523967085952832
2.29153361743237
1.7749577066852875
2.3588711849552495
2.741805349791002
2.6709169918776894
2.111198776384165
2.729658260626562
1.9051206281469897
1.4083938936812759
1.034898846876496
1.6035238098191102
1.6913622143470235
1.2157673028953586
2.2551273658315285
1.002934551322808
1.3508822826560414
1.7685156295745157
1.8478926640146105
1.3483405166079123
1.132870726318848
2.8751877499671084
1.5906189153763972
1.1705202510361992
1.3680694929298887
1.9384681655840812
2.715033860091284
1.7091556553374623
2.7623208427449977
1.8326224283601893
1.6983081186704512
2.3786567417918523
2.3773416536279584
1.595795977501667
1.8160332404930921
2.0912577757363247
2.477415498953719
2.706244416453167
1.1076099278956217
1.0970643353444793
1.6714271198049753
2.393155703684206
2.1119211908350777
1.017474897243789
1.5181133250928507
1.3922459892004044
2.1984799291001895
2.554334375178259
1.0175972107456739
1.3486508702248388
1.1813957403344706
1.358525959309988
2.7574749032458605
2.250622136868791
2.155516002856265
1.0636399137315937
2.628854905723797
1.0268639829987807
2.693337330561514
1.973663315804681
1.1088964153809586
1.3441707675992698
2.8743235477465077
1.969009265278597
2.996567656177242
2.0897332038370413
2.401127168884952
1.1392267718166584
1.661523229253187
1.1955132872531253
2.0858637764457937
1.928121094720855
2.9482661284112526
1.713058221233608
1.407256609216029
1.9371612994182963
2.906954086750246
2.232720517954135
1.9700338297547095
1.29304442795779
2.0310635973770816
2.395688526613006
2.899286724003021
2.72093871439784
1.0071524383503951
2.6615386605738047
2.7632173417888177
1.3892290340929445
1.1568499798653666
1.2120146579221298
2.3404415221783914
2.1718255007108818
1.381570031929328
2.987077244010801
1.1188941481461667
1.456524355768041
1.0754132783159485
1.589739220705723
2.407201070259064
2.8713756994101165
2.5952042709141017
1.01038732677595
2.752368929268216
1.5469015868818397
1.5830975724650849
2.0755499641119264
2.035034244641747
1.4654544005508414
2.53091252645694
1.9845958303272373
2.382372528569386
1.239649197129067
2.9623492959616513
1.812652818989218
2.692129293788523
2.062506582671366
1.7386253243870955
1.0218953452612893
2.9479792410534515
2.641611227201479
2.5039002204297476
2.0078203044346403
1.0862768130034615
1.4161771628409023
1.9626554065081239
1.056493534216268
1.047557082218204
2.937366844778289
1.4073990444462794
1.992229719624914
1.666227801143152
1.1667145609402612
2.8135331615986967
1.953583900941506
2.6545820828989672
2.9398355672062584
2.6184059157131943
2.6186189795018486
2.84497325356765
2.5124288146583784
1.9384363851390662
1.180755398359747
2.52680118695801
2.1751728883351062
1.1369808569008693
1.0805662235637807
2.982299374484291
2.6999141768211317
2.557523253035594
1.9296116827923155
1.1968531166104235
2.177898581867307
1.6778723538417553
1.5166415742740345
1.3893354062818788
1.1836772126966493
2.832991141126589
2.454056621523851
2.859857365370946
2.95195813736681
2.610205775792082
2.026958415977875
2.3934902852105386
1.9665481775742395
2.5079420021459313
2.4934021038573086
1.2913843426232055
1.0578487356326554
2.562551050435431
2.327708077946013
2.218018374072516
1.087974241013028
1.202724396302569
2.826053514576791
1.1857880850923748
2.262302439013462
2.4409078471560104
1.705982052696401
1.3357017062439804
2.4520561573854005
2.7928238636122695
1.1294610761993522
1.0797125439237683
1.6663334112728836
2.5308254395686056
2.960859715488473
2.6791911285987906
1.6899669462612474
2.7637481616824244
2.935067709015551
1.3252769057447489
1.9805245654397183
1.8441369979229099
2.0611777736869614
1.7675497002523755
2.92148344417046
1.68044698664426
2.3130501648393684
1.0453757968028845
2.5586948663857694
1.9740246503721084
1.1584491395096035
2.869425249126752
1.1369495179469014
1.01991986558368
2.183376957849476
2.3637186464394766
2.2716964844324647
2.9404113942356824
1.0297295610005783
2.378242836412284
1.8140868475259093
1.4316746992744782
2.4563806514439968
1.55506362536307
2.267866199721917
2.837116212371284
1.401639615922849
2.8743472726096413
2.639260668221515
2.619228039962995
2.4848030705508837
1.2341016010308556
1.6934198122085602
2.7891049437287663
2.0974001316883553
1.7833865922327268
1.2886596793543466
1.1926688890937962
2.9472007890807927
2.9187837657232443
2.922612725185824
1.3135341614322953
1.8544487108036445
2.8260236065423268
1.912328758431845
1.4365087546499604
1.9808972889829062
2.22265756435461
2.634638074646863
2.5354384666622023
2.621420432260707
2.6172699173051144
2.055467979531118
1.6375558432505644
1.1810407202116897
1.2498516577115921
2.770962441380024
2.2833126976044698
1.1419352854212392
1.9542523031075762
2.66041538897473
1.2123615632225195
2.6458658660660737
1.9134243744081285
1.1888764078717515
1.9002841804927746
2.976974598002384
1.3466117775201103
1.5202353920240832
2.5249658432314863
1.2217167472699506
1.507663968508717
2.5643299367887904
1.1943976759890191
2.6958032072596807
1.3952389702879633
2.7503424680154054
1.6372382698090675
1.140286693670612
2.6579659452023847
2.318850798216668
2.052092859575271
1.5184789377599053
1.9459105223128368
1.1218054787289942
1.1614223533590304
2.3831912838692464
1.7674267144836613
2.252940939773172
1.5344060907674626
1.1099036146744554
2.7012283328341864
1.6527289208949634
1.1873527016598793
2.586811608936554
1.553245106050692
2.4466127154788526
2.405143951441875
2.5420483761640202
2.252216861058698
2.394245596741606
2.471072617629873
2.188454767723694
2.737249465240149
1.5364562031580145
2.8743352385257515
2.2638972003744358
2.476575905021699
1.481921922291683
2.2750238630061435
1.99594706916795
1.0087266566799171
2.310390844128957
2.716517826397612
2.2819367292143866
2.2381564142396773
2.6163959941605617
1.557459455336693
1.3848364445412142
1.506603609135098
1.1653529080091198
1.5737031483605577
2.9427376082013708
2.520291818943531
2.00495523385821
2.7571469979596595
1.3240299193752714
2.55269510706499
1.738714226379264
1.991876171577072
1.908366824063995
2.35465167369774
2.872245263860691
2.0184842987609084
2.239764041272278
1.9686140183379943
2.946628918331298
2.9816304839894485
2.6269194753572522
1.3923965080084162
1.0599011436408823
2.232083984503074
1.761147336848391
2.3293604149948757
1.6349648108827837
1.4723747597670085
1.2495670323101953
2.5073583498077276
1.993438293085909
1.7261903205149047
1.9141364059414558
2.314795506593488
2.6250917838091876
2.44499982416756
2.095680872519906
1.2205970631953578
2.4650525482679964
1.9480083308039027
2.7754610141879477
1.2167386491565826
1.450850324935878
1.1100162236545736
1.0332476801675443
1.6275324116662888
1.1397493108116525
2.384659079727129
2.859359472141722
2.321277913468747
1.9780242087985984
2.333466061735824
2.4544216881218217
1.4611244182116863
2.925842643005403
1.2337728451647785
2.472658558265166
1.5809131252561353
2.5599492982251832
1.5501139013950715
2.24799689118387
2.345979887503053
2.5173529460564565
1.0823253065114962
1.7366205112022592
1.5236574164241834
1.3812343438360382
1.4531431164459998
2.3251702490039245
1.983813682083825
1.392490388928052
1.4877560647016623
2.5306812173495867
1.9268017317692188
2.0189147768259224
1.3128580022267298
2.040812877293262
1.2632192849096715
1.277520715968138
1.3839903329683425
2.192698844917648
1.8546440148631609
2.8023751261137324
1.532201140708213
2.908608988619248
1.5195389649212927
2.920068783050045
2.583066990910435
2.1328137455580727
2.4392633014786065
1.1428018011782612
1.1400491451118295
1.1737943275590386
2.1718047862418928
1.6253968346422563
2.0054440135373306
1.4281914290791708
2.9415182194213925
1.7843585193064533
2.4644697549686025
2.936942891816852
2.635473954809849
1.1465995806615887
2.0095971348600283
2.005277504000121
1.072337713932345
1.7158529538894263
1.7318712561592962
2.31432608090648
2.663441481873686
2.8903032456841955
1.6867094282564978
2.376268989575545
2.3229362115536927
2.9339356737034414
1.4663620901327779
1.7256337405853952
1.061373100698084
2.9732619780352696
2.4955465088878848
1.8649203189620567
2.43520469333974
1.1777435596581236
1.078672261201526
2.4469873740904444
2.746153896977903
2.4772410559264357
1.7602690168274584
1.2024962668734542
2.990870654520241
2.7504020328947525
1.8670373450238325
2.2569206514433358
2.9903605880983744
1.5541910731364315
1.9618888641475605
2.7921693552219202
2.201097446185301
2.347728713962193
1.6952245797096221
2.5669768093788745
1.2075365012203123
2.0291152312101413
2.293658963197858
2.922108723910715
2.4213728296192727
1.2305376765753184
2.0623858737952663
1.3589819459963863
1.851524638057583
2.4965957384133217
2.3616229067846355
1.6341330415608215
2.519371224742816
1.9547195866111098
2.1621545445398547
1.9193276113182212
2.661127301821109
1.499406336491127
2.70827547613679
2.7349567458931885
1.4117312899353056
1.9031282856289513
1.8119342333225512
2.999952134640192
2.3163101330114264
1.1154644801600475
2.5166387806230563
1.7092717088830018
1.7351463029461147
2.125032624879298
1.4029555272492722
1.2131260086988878
1.3457020843610434
1.908912392207472
2.7424670401534
1.5806439718862875
2.496599958968919
1.0910072119964807
1.81882489058563
1.4057503729327487
2.1437606905796063
1.3138281817171862
1.6503995497674153
1.4002852312083873
1.6466738193412198
1.8117317703039386
1.6423710296013094
2.8772554747508448
2.6537087265043446
1.224297788925746
2.0315183739340394
2.7228018844861044
1.0359270793781261
2.686003341089509
1.3990940798837375
2.0901244328346604
2.3691217534499724
2.669479605591504
2.45980315789149
1.3216301751834736
2.6201081952094434
2.241218243196042
1.3599434206187044
1.9161979562669724
2.8746449320041285
1.637833440204771
2.9404034383298128
1.5867825645204219
1.8970218388754219
2.8689444983536165
1.158924701273313
1.7952091225120863
1.8928697093370932
1.6640486713608744
2.9763491075846105
1.0055088991895529
1.8905509859373821
1.2219508736194904
1.1136751556420865
1.4808943515714772
1.0845362282984259
2.0226333797026657
2.4288342311117486
1.6245145088056023
1.5348996268545838
2.248296127538503
2.461199626612805
1.8542142536224706
2.4992471475384526
1.1353650658229104
1.9910926481928837
1.1315140291546577
1.6867595127967066
2.4651416113379865
1.687789021026798
2.2580743861133437
2.4358546313255403
2.7832699963829883
2.9209657182094393
2.3057182936723657
2.880122165814326
1.0567252758431949
2.0590657932532936
1.4373572920641438
1.9439839895691169
2.854862624179291
1.877146404116087
1.6625839398758868
1.9072110233017239
1.4675203187042516
2.545448761891131
2.8146584234305667
2.514701050433976
1.2766356973639463
1.2032775754630465
2.578395406343251
2.485815994041392
2.259174571377633
2.5598716232803156
1.9961467762638394
1.1641052704060573
2.881483407273868
2.4154142756289225
1.972169264280743
2.9250205913173133
2.000236181943689
2.179715820536515
2.54589009882108
1.193224423207531
1.4661432800841354
1.5142770594828194
1.6124234726007571
1.589263050832183
2.0924636094265643
1.58116851055906
1.7528434263321844
1.7494428096040318
1.4261073486290048
2.2304939965943644
2.633180629015531
2.1785820870004553
2.780181433647865
2.276526381181458
2.2344945897999295
1.1481830002855435
1.4616006921296558
2.9957543761399714
1.107657664968948
2.0523126008817423
2.814085921341548
2.1933345994242357
1.188484703752822
2.5503173134272545
1.464258735858985
2.3730691575679144
1.016564945248808
1.297079989009121
1.5390841698036877
2.9204424612650257
1.7056280054052888
1.5680166260631245
1.9228915001632918
1.871557465620162
2.523931867010959
2.7114496586826373
2.2096886152632225
1.8699021505430786
1.7570067844124853
1.552979477305598
2.210663221814153
1.6991618702347686
1.1183359542747822
2.7213403904749685
2.334992042809879
2.951418955345934
2.6865506236077596
2.753849317742732
2.854857961117474
1.228284903810578
2.0651572005243093
2.3553055873319244
1.689892620974515
2.8544169250346294
2.6128896829256125
1.8687236969245002
1.3202580960298238
1.685475503788505
2.9994878497311683
2.000816028542677
1.0432291788879922
1.647784690035898
1.1562961216254326
1.2778913404131553
2.3955560704805627
2.526900164984598
2.538668554641265
2.793678354667704
1.4674150209914438
1.8544138329515891
2.9427458456734397
2.6237750253763465
2.9013854480784027
2.657757714503361
2.5590238790269826
2.915932602253247
1.0009017654033767
1.0513064928326425
2.8386939086127847
1.3328903532908583
2.3545792504545306
1.6991856138657853
2.684334173349693
1.5243986803533975
1.2166580901634718
2.885185834135579
1.973357222806085
1.4638929950220385
1.1742602507636835
1.0796948003833788
1.9322276208497569
1.0029177533626132
1.2460336584663487
2.111409621951494
2.9734416628320264
1.122216386591494
2.203246903735942
1.7130967272136686
2.259527160915579
1.112719455803304
1.243794585122157
2.866965424379013
2.553011957956299
1.397597036648781
1.8690245396549956
2.0252647179512095
2.247958849308935
2.1453694546676463
2.1785008028120165
2.6331798156508777
2.344092841117212
1.1081330971773473
1.005388572876459
2.095263626949002
1.4286786346302884
2.947350200992495
1.469408003914149
2.6267489867570113
1.8834064782021476
1.7711305476364627
2.242486559359761
2.07974207974215
1.1532745528526913
1.5376458341173163
2.128496372791041
1.2466337287636742
2.741001546446501
2.9896309340108975
1.182663200285106
1.057145863377411
2.590518082165444
1.392087738784367
1.2712004563236803
2.780895814311228
1.5334684918206145
1.417554096277886
1.1620402682013014
1.3244122494850181
1.57868739322742
1.7375971773976109
1.6878917033964842
1.6332499458791334
1.1624310035583985
2.467185370023503
1.9008625943800923
1.3402511540926472
1.8454756039241031
1.0286914753640004
2.900856149689789
1.571859161227522
1.7966059549596378
2.631343022210171
2.054356285888203
1.308413753769839
2.9733892826695136
2.239406810538633
1.9503159042928548
1.2482458419639366
2.1669923402102134
2.7038140398106503
1.4338040641503664
1.0351602720356285
2.5859433203801596
1.712159827286416
1.7530112857789166
2.7696797075306296
2.9048710607824253
1.8194804252986962
2.6778703984074275
1.115854127992846
1.188695080813491
2.7411430346438372
1.7617692792156252
2.9051770366052505
2.208622672339954
1.0161766517484934
1.3047908338501282
1.6624080323764205
1.9645506385578215
2.4655081672336063
1.3903027771404892
2.7260658630229377
2.8395006931308817
1.100773451679608
2.2078220656570275
2.4507911067288752
2.3507131556916017
2.0476826312928536
1.4404685307675142
2.495441615606539
2.6195442746597006
1.7676560995321977
2.8742560139197355
1.9281759780666232
1.9824846529516469
2.170106439250323
2.650275047742612
1.7101974541740679
2.130037024961007
2.9486909645533315
1.0689039422296882
2.304392256524096
1.0023276236946734
2.426690765143129
2.4114291236965166
2.375656240244837
1.445736671008555
2.2472795882107253
2.6136960408565284
2.830963666085361
2.9501131101594225
2.2907711992937037
2.323302977593919
1.7181751721045107
1.7378114835950258
2.0449389915487357
1.265800857722472
1.5093457755815958
1.4268156605155995
2.0899253774755904
2.186178507935834
2.891191435343096
1.949061170077758
2.041572054077148
2.0911864900604167
2.121623753459857
1.0565446073756288
1.9484282273389504
2.2720532155329907
1.2288610134125302
1.8760659330709948
2.553548011698258
1.2021564454889795
2.8056881987953237
2.957733911576317
2.4639097417698443
1.8312205026777966
1.0183163009528458
2.016169055119799
1.8158297800936898
1.039865316408108
1.3157692947760153
2.162344748016001
2.9546711721041143
2.4962097326635533
1.4433361946953578
2.3321278656066085
2.3660732407531038
1.6576996758800622
1.4366233275148086
1.6229288025769038
2.497079260349393
2.1301537651595086
2.948278418220175
1.517866938244252
1.2265210327731049
1.544163904365301
1.675330365801619
1.710533930143858
2.6984333041235002
1.8812759463726034
1.0319382536849055
2.5027842732616556
1.6086960994265007
1.019631196649183
1.784361777381335
1.5742028789206794
1.3482577564643015
2.626766986444734
2.507817397701219
2.528167384379784
2.6072773117788968
1.7391772104728715
1.5179564113747048
2.727731332210201
2.214418736619777
1.0562989390575765
2.625358223224791
2.590131501581771
2.523911041818483
2.18687235522556
2.0633646683512508
1.8496876910124096
2.140588644767681
2.683159551920844
2.129830012743994
2.2625469390517217
1.0435709681897967
2.3160358476278793
2.660502378533975
1.8302163416805928
2.9971117332220465
2.1986574771498075
2.024320703555148
1.7461109291176853
2.9394486449013786
1.5406023388691785
2.90867716110266
2.9417219498801668
1.7007423525513856
2.8859754236476585
1.1435592516540345
2.1035968261105626
2.432535470963412
1.2873425126384483
2.923289485840953
1.4565884495041348
2.297223301246753
2.3557600939515444
2.406050760806199
2.3001418234547275
1.0566317573294925
1.2976226715421393
1.8297297315948318
1.3898627624578936
2.0647805925507257
1.4764983672203067
1.5205759691146181
2.8734370319266054
2.0452699009978237
1.646187459605066
2.7005340783343197
1.7976217508562415
1.8627347461701778
2.0219912581411945
1.5398113098390156
1.8990638493073266
2.0616366551685914
2.380405694844634
2.0027759222335635
2.0685807698542464
1.2067213114165227
1.0584092477149298
1.7131287818575256
2.3333425417296114
2.0657365670991217
1.0072227380125416
1.0921759099310169
2.8793365967889226
2.3224754404855887
2.4612646299056706
2.173092967122356
2.7487854832649363
1.7981639888127352
1.99021682852879
2.6412867309832286
1.4928397535508708
1.559134236410148
1.238691918607267
2.105156441537428
2.6129614052647065
2.9251986778737953
2.4104397805596305
1.9876365027667744
2.617826108825469
1.922851317380946
1.865940909498316
1.1928389845751954
2.923888417601786
1.532574285014736
2.164922325094963
2.3725459678086374
2.5858045038900244
1.3546778452246888
1.9014234429346895
1.6687698042810881
1.061719770172975
1.4579689698932712
1.4913209443503084
1.2609023616837551
1.7049204261004929
2.0441848859622507
2.8050088465290877
2.9424026343439045
2.3708109671178237
2.6955986579237097
1.555138268993998
2.8791663470606492
1.9825539085823067
2.8481953905620037
1.0064567089349195
1.02596560828817
1.628216065664261
1.5302282689660862
1.132789541558962
2.622852065773616
1.4538555801580513
2.693879019077717
2.5186526905981337
2.815766351025838
1.7841663564764894
1.206091844616877
1.6098303684242559
2.086660986246981
1.8450471928558179
1.359906440372115
2.6970591035758478
1.267156648921833
2.9343515544705046
2.879790426850777
2.9033415626675856
1.1380822200209337
2.6593098805851962
1.289810372465086
2.4242161381154896
2.170827074053927
2.1316100877948223
1.1374159777383
2.8317201827617327
1.7087493451210736
2.870719329316242
1.2013760163804732
1.7127532904911649
2.2590669279879174
2.516804155756474
1.4365967024941797
2.558361647025466
2.59037843269076
2.5380201017892614
1.217573536882398
1.5014696438197863
2.9396590070117727
1.2359624573966963
2.061437635242042
1.9111865236147032
2.092435039048186
2.4227752828592655
2.7716421655200896
2.846872613667365
1.850182523023237
2.37898453485721
2.9396424770136305
2.333434408195977
2.1640609436581943
1.9204002620396101
1.3793049563096427
2.153611089741611
2.162399850515757
2.294057953238707
1.9938426514897034
1.4269462870103107
1.031612493336639
2.349859440061941
1.5670949142990551
2.731856923070872
1.5931208556633372
1.9210864055157801
1.3262820249609082
2.7615562296856435
2.9851897535169254
2.944233326978745
2.344059541568023
1.4471694592949207
1.2110327965762124
1.4257250316325756
2.569680141403132
2.540332614781598
2.3640137961865704
1.1383518941105426
1.474971853568374
1.022155647130925
2.0666819884669536
2.6661500458614444
2.217453549710326
2.645687977666817
2.0014686796040184
2.042857638010254
2.1835750229622652
1.5516365073745455
1.0206781594016041
1.4201638645720536
2.1287504536336987
1.435010036745174
2.1586129474260085
1.7855309628701477
2.550529804509579
1.7475180974769766
1.8543793543609794
1.98848879754098
2.021800844187604
2.5387940928216697
2.8777874807520973
2.789554369331239
1.448649386515915
2.160851816903058
2.789995204986994
1.7834336691282973
2.6074126829003594
2.263445713396242
2.6408144242352636
2.0724308442073225
1.332972238513242
2.5320684494087944
2.344140397910982
2.859375933400977
2.2815642942981182
2.0331503691429758
2.277802888183383
1.8921267484619666
1.8044576108520363
2.0467044799351246
1.5231728371132272
2.7591703560258
2.4371740938038724
2.712534400099729
2.945587584066603
1.536461487081387
1.0837145102828953
2.532492494967096
1.5741906816434688
1.7818251485552186
2.1995125215436038
1.529057702891186
1.512584857844225
2.32195467457377
2.1641106255127323
1.9408453064899023
2.1495203665395586
2.3153819625649135
2.491535033203082
2.751726143983721
2.929910956715397
2.9043436143120074
1.9532508986248776
1.623561345585111
2.4066050862471844
2.2576414548139683
1.09872019048411
2.3260368173431383
1.6715732786797652
2.9165485749265683
2.5501011115467156
2.639365845975753
2.4386652764100676
1.2725023651752483
2.913364356341005
1.7360138991721739
1.742340461474307
1.097926631143786
1.2855610577923366
1.741320426377853
2.921126910909205
1.8804708064193703
1.1451679598081164
1.6893679636155126
2.2856515590430257
2.7612381552002763
1.3693882026382145
2.8318751151166803
1.2075518402100145
1.509139773216077
1.8126845587955982
1.3586746119815314
2.589463572140822
2.6537034080430457
2.2559460526835178
2.6746802138924357
2.761883180992201
1.0963493391895072
2.3554226046753977
1.9798060258848686
2.7507158149900546
1.8967927068449666
1.198677514561285
2.0296092710440634
1.7010346268777592
2.774585338162265
1.5067619201514602
1.98614689325481
1.2737777188603028
1.5842401055762068
2.174606278661704
2.669186957500759
1.2841681719686797
1.3291351170061674
1.4187122874451297
1.9610894486097594
1.7961145584980664
2.3203215568179667
2.3636941518872803
2.8849732211240564
2.1375392101700053
2.0293423659862624
1.1142835240263222
2.8416185497873343
2.4396880666555942
1.8659545519882057
1.4103349507414844
2.7436052468207714
2.4952280217124745
2.2756182530320395
2.1952258869417847
2.952969470631226
1.0874117341055645
2.92650962468743
2.240115507034853
2.830286526769809
2.4534312725234777
1.3682443543237617
2.058864762943726
1.189919256929496
2.170549248146525
1.4569566360072665
